UniProtKB	P13569	CFTR		GO:0005260	PMID:11707463	NAS		F	Cystic fibrosis transmembrane conductance regulator	ABCC7|CFTR|CFTR_HUMAN|IPI00815998|IPI00816721|IPI00816790|Q20BG8|Q20BH2|Q2I0A1|Q2I102	protein	taxon:9606	20031216	UniProtKB
UniProtKB	O15342	ATP6V0E1		GO:0042625	GO_REF:0000024|UniProtKB:Q3E7B6	ISS	UniProtKB:Q3E7B6	F	V-type proton ATPase subunit e 1	ATP6H|ATP6V0E|ATP6V0E1|B2R557|D3DQM1|IPI00217058|Q6IBE8|VA0E1_HUMAN	protein	taxon:9606	20090430	UniProtKB
UniProtKB	Q8NHE4	ATP6V0E2		GO:0042625	GO_REF:0000024|UniProtKB:Q3E7B6	ISS	UniProtKB:Q3E7B6	F	V-type proton ATPase subunit e 2	A2T863|A2T8L7|ATP6V0E2|ATP6V0E2L|C7orf32|IPI00640032|IPI00854692|IPI00942017|Q6MZW1|Q75L47|Q8N7I8|VA0E2_HUMAN	protein	taxon:9606	20090430	UniProtKB
UniProtKB	C9J2K4	ATP6V1F		GO:0042625	GO_REF:0000019|Ensembl:ENSRNOP00000009737	IEA	Ensembl:ENSRNOP00000009737	F	V-type proton ATPase subunit F	ATP6V1F|C9J2K4_HUMAN|IPI00946714	protein	taxon:9606	20120107	ENSEMBL
UniProtKB	O95342	ABCB11		GO:0015432	PMID:9806540	TAS		F	Bile salt export pump	ABCB11|ABCBB_HUMAN|BSEP|IPI00184848|Q53TL2|Q9UNB2	protein	taxon:9606	20030904	PINC
UniProtKB	B7Z3Y2	PCYOX1		GO:0008555	GO_REF:0000019|Ensembl:ENSRNOP00000022532	IEA	Ensembl:ENSRNOP00000022532	F	cDNA FLJ51879, highly similar to Prenylcysteine oxidase (EC 1.8.3.5)	B7Z3Y2_HUMAN|IPI01010177|PCYOX1	protein	taxon:9606	20120107	ENSEMBL
UniProtKB	B7Z9P8	PCYOX1		GO:0008555	GO_REF:0000019|Ensembl:ENSRNOP00000022532	IEA	Ensembl:ENSRNOP00000022532	F	cDNA, FLJ78912, highly similar to Prenylcysteine oxidase (EC 1.8.3.5)	B7Z9P8_HUMAN|IPI00924611|PCYOX1	protein	taxon:9606	20120107	ENSEMBL
UniProtKB	C9JGT6	PCYOX1		GO:0008555	GO_REF:0000019|Ensembl:ENSRNOP00000022532	IEA	Ensembl:ENSRNOP00000022532	F	Uncharacterized protein	C9JGT6_HUMAN|IPI00927689|PCYOX1	protein	taxon:9606	20120107	ENSEMBL
UniProtKB	C9JM55	PCYOX1		GO:0008555	GO_REF:0000019|Ensembl:ENSRNOP00000022532	IEA	Ensembl:ENSRNOP00000022532	F	Uncharacterized protein	C9JM55_HUMAN|IPI00927939|PCYOX1	protein	taxon:9606	20120107	ENSEMBL
UniProtKB	C9K055	PCYOX1		GO:0008555	GO_REF:0000019|Ensembl:ENSRNOP00000022532	IEA	Ensembl:ENSRNOP00000022532	F	Uncharacterized protein	C9K055_HUMAN|IPI00924611|PCYOX1	protein	taxon:9606	20120107	ENSEMBL
UniProtKB	Q9UHG3	PCYOX1		GO:0008555	GO_REF:0000019|Ensembl:ENSRNOP00000022532	IEA	Ensembl:ENSRNOP00000022532	F	Prenylcysteine oxidase 1	B2RB14|IPI00384280|KIAA0908|O94982|PCL1|PCYOX1|PCYOX_HUMAN|Q8N4N5|Q96QM8|UNQ597/PRO1183	protein	taxon:9606	20120107	ENSEMBL
UniProtKB	P98194	ATP2C1		GO:0015410	PMID:12707275	IDA		F	Calcium-transporting ATPase type 2C member 1	AT2C1_HUMAN|ATP2C1|B2RAT7|HUSSY-28|IPI00220473|IPI00413116|IPI00419957|IPI00607568|IPI00607812|IPI00745171|KIAA1347|O76005|PMR1L|Q86V72|Q86V73|Q8N6V1|Q8NCJ7	protein	taxon:9606	20061127	UniProtKB
UniProtKB	B7Z3U6	ATP1A1		GO:0005391	GO_REF:0000019|Ensembl:ENSMUSP00000039657	IEA	Ensembl:ENSMUSP00000039657	F	ATPase, Na+/K+ transporting, alpha 1 polypeptide, isoform CRA_a	ATP1A1|B7Z3U6_HUMAN|hCG_37943|IPI00977640	protein	taxon:9606	20120107	ENSEMBL
UniProtKB	P05023	ATP1A1		GO:0005391	GO_REF:0000024|UniProtKB:P06685	ISS	UniProtKB:P06685	F	Sodium/potassium-transporting ATPase subunit alpha-1	AT1A1_HUMAN|ATP1A1|B2RBR6|IPI00006482|IPI00414005|Q16689|Q6LDM4|Q9UCN1|Q9UJ20|Q9UJ21	protein	taxon:9606	20110902	UniProtKB
UniProtKB	P05023	ATP1A1		GO:0005391	Reactome:REACT_25287	TAS		F	Sodium/potassium-transporting ATPase subunit alpha-1	AT1A1_HUMAN|ATP1A1|B2RBR6|IPI00006482|IPI00414005|Q16689|Q6LDM4|Q9UCN1|Q9UJ20|Q9UJ21	protein	taxon:9606	20100824	Reactome
UniProtKB	P13637	ATP1A3		GO:0005391	PMID:15260953	IMP		F	Sodium/potassium-transporting ATPase subunit alpha-3	AT1A3_HUMAN|ATP1A3|IPI00302840|Q16732|Q16735|Q969K5	protein	taxon:9606	20061024	UniProtKB
UniProtKB	P13637	ATP1A3		GO:0005391	Reactome:REACT_25287	TAS		F	Sodium/potassium-transporting ATPase subunit alpha-3	AT1A3_HUMAN|ATP1A3|IPI00302840|Q16732|Q16735|Q969K5	protein	taxon:9606	20100824	Reactome
UniProtKB	P50993	ATP1A2		GO:0005391	PMID:12539047	IMP		F	Sodium/potassium-transporting ATPase subunit alpha-2	AT1A2_HUMAN|ATP1A2|D3DVE4|IPI00003021|KIAA0778|Q07059|Q5JW74|Q86UZ5|Q9UQ25	protein	taxon:9606	20061024	UniProtKB
UniProtKB	P50993	ATP1A2		GO:0005391	Reactome:REACT_25287	TAS		F	Sodium/potassium-transporting ATPase subunit alpha-2	AT1A2_HUMAN|ATP1A2|D3DVE4|IPI00003021|KIAA0778|Q07059|Q5JW74|Q86UZ5|Q9UQ25	protein	taxon:9606	20100824	Reactome
UniProtKB	Q13733	ATP1A4		GO:0005391	Reactome:REACT_25287	TAS		F	Sodium/potassium-transporting ATPase subunit alpha-4	AT1A4_HUMAN|ATP1A4|ATP1AL2|IPI00252122|IPI00375339|Q504T2|Q7Z4I9|Q8TBN8|Q8WXA7|Q8WXH7|Q8WY13	protein	taxon:9606	20100824	Reactome
UniProtKB	Q13733	ATP1A4		GO:0005391	PMID:7809153	TAS		F	Sodium/potassium-transporting ATPase subunit alpha-4	AT1A4_HUMAN|ATP1A4|ATP1AL2|IPI00252122|IPI00375339|Q504T2|Q7Z4I9|Q8TBN8|Q8WXA7|Q8WXH7|Q8WY13	protein	taxon:9606	20051219	UniProtKB
UniProtKB	Q9UN42	ATP1B4		GO:0005391	GO_REF:0000002|InterPro:IPR000402	IEA	InterPro:IPR000402	F	Protein ATP1B4	AT1B4_HUMAN|ATP1B4|IPI00013724|IPI00220387|Q17RR0|Q9UN41	protein	taxon:9606	20120107	InterPro
UniProtKB	B7Z9S8	ATP1B1		GO:0005391	GO_REF:0000002|InterPro:IPR000402	IEA	InterPro:IPR000402	F	Uncharacterized protein	ATP1B1|B7Z9S8_HUMAN|IPI00871221	protein	taxon:9606	20120107	InterPro
UniProtKB	P05026	ATP1B1		GO:0005391	Reactome:REACT_25287	TAS		F	Sodium/potassium-transporting ATPase subunit beta-1	AT1B1_HUMAN|ATP1B|ATP1B1|IPI00747849|IPI00871221|Q5TGZ3	protein	taxon:9606	20100824	Reactome
UniProtKB	Q5TC01	ATP1A1		GO:0005391	GO_REF:0000019|Ensembl:ENSMUSP00000039657	IEA	Ensembl:ENSMUSP00000039657	F	Uncharacterized protein	ATP1A1|IPI00414005|Q5TC01_HUMAN|RP4-655J12.1-002	protein	taxon:9606	20120107	ENSEMBL
UniProtKB	Q5TC02	ATP1A1		GO:0005391	GO_REF:0000019|Ensembl:ENSMUSP00000039657	IEA	Ensembl:ENSMUSP00000039657	F	Uncharacterized protein	ATP1A1|IPI00977640|Q5TC02_HUMAN|RP4-655J12.1-008	protein	taxon:9606	20120107	ENSEMBL
UniProtKB	P54710	FXYD2		GO:0005391	Reactome:REACT_25287	TAS		F	Sodium/potassium-transporting ATPase subunit gamma	ATNG_HUMAN|ATP1C|ATP1G1|FXYD2|IPI00008178|IPI00219895|Q15332|Q53YC1|Q9GZP3|Q9GZQ7	protein	taxon:9606	20100824	Reactome
UniProtKB	A6NGH2	ATP1B1		GO:0005391	GO_REF:0000002|InterPro:IPR000402	IEA	InterPro:IPR000402	F	Uncharacterized protein	A6NGH2_HUMAN|ATP1B1|B4DJG0|IPI01009449	protein	taxon:9606	20120107	InterPro
UniProtKB	B7Z1N7	ATP1B3		GO:0005391	GO_REF:0000002|InterPro:IPR000402	IEA	InterPro:IPR000402	F	cDNA FLJ50753, highly similar to Sodium/potassium-transporting ATPase subunit beta-3	ATP1B3|B7Z1N7_HUMAN|IPI00787965	protein	taxon:9606	20120107	InterPro
UniProtKB	B7ZKW0	ATP1B4		GO:0005391	GO_REF:0000002|InterPro:IPR000402	IEA	InterPro:IPR000402	F	ATP1B4 protein	ATP1B4|B7ZKW0_HUMAN|IPI00922690	protein	taxon:9606	20120107	InterPro
UniProtKB	C9J6S2	ATP1B3		GO:0005391	GO_REF:0000002|InterPro:IPR000402	IEA	InterPro:IPR000402	F	Uncharacterized protein	ATP1B3|C9J6S2_HUMAN|IPI00944896	protein	taxon:9606	20120107	InterPro
UniProtKB	C9JA36	ATP1B3		GO:0005391	GO_REF:0000019|Ensembl:ENSRNOP00000015475	IEA	Ensembl:ENSRNOP00000015475	F	Uncharacterized protein	ATP1B3|C9JA36_HUMAN|IPI00787965	protein	taxon:9606	20120107	ENSEMBL
UniProtKB	C9JXZ1	ATP1B3		GO:0005391	GO_REF:0000002|InterPro:IPR000402	IEA	InterPro:IPR000402	F	Uncharacterized protein	ATP1B3|C9JXZ1_HUMAN|IPI00793333	protein	taxon:9606	20120107	InterPro
UniProtKB	F8WBY4	ATP1B3		GO:0005391	GO_REF:0000002|InterPro:IPR000402	IEA	InterPro:IPR000402	F	Uncharacterized protein	ATP1B3|F8WBY4_HUMAN	protein	taxon:9606	20120107	InterPro
UniProtKB	P14415	ATP1B2		GO:0005391	Reactome:REACT_25287	TAS		F	Sodium/potassium-transporting ATPase subunit beta-2	A0AV17|A8K278|AT1B2_HUMAN|ATP1B2|D3DTQ2|IPI00293971|O60444	protein	taxon:9606	20100824	Reactome
UniProtKB	P51164	ATP4B		GO:0005391	GO_REF:0000002|InterPro:IPR000402	IEA	InterPro:IPR000402	F	Potassium-transporting ATPase subunit beta	ATP4B|ATP4B_HUMAN|B1B0N8|IPI00016421	protein	taxon:9606	20120107	InterPro
UniProtKB	P54709	ATP1B3		GO:0005391	Reactome:REACT_25287	TAS		F	Sodium/potassium-transporting ATPase subunit beta-3	AT1B3_HUMAN|ATP1B3|IPI00008167	protein	taxon:9606	20100824	Reactome
UniProtKB	O95342	ABCB11		GO:0008554	PMID:9806540	TAS		F	Bile salt export pump	ABCB11|ABCBB_HUMAN|BSEP|IPI00184848|Q53TL2|Q9UNB2	protein	taxon:9606	20030904	PINC
UniProtKB	P20648	ATP4A		GO:0008900	Reactome:REACT_25173	TAS		F	Potassium-transporting ATPase alpha chain 1	ATP4A|ATP4A_HUMAN|IPI00218919|O00738	protein	taxon:9606	20100826	Reactome
UniProtKB	P54707	ATP12A		GO:0008900	Reactome:REACT_25173	TAS		F	Potassium-transporting ATPase alpha chain 2	AT12A_HUMAN|ATP12A|ATP1AL1|IPI00008161|IPI00872242|Q13816|Q13817|Q16734|Q5W035|Q8N5U2	protein	taxon:9606	20100826	Reactome
UniProtKB	P51164	ATP4B		GO:0008900	Reactome:REACT_25173	TAS		F	Potassium-transporting ATPase subunit beta	ATP4B|ATP4B_HUMAN|B1B0N8|IPI00016421	protein	taxon:9606	20100826	Reactome
UniProtKB	P45844	ABCG1		GO:0034041	PMID:17408620	IDA		F	ATP-binding cassette sub-family G member 1	ABC8|ABCG1|ABCG1_HUMAN|IPI00024089|IPI00220758|IPI00220759|IPI00220760|IPI00220762|IPI00333761|IPI00335646|IPI00414196|Q86SU8|Q96L76|Q9BXK6|Q9BXK7|Q9BXK8|Q9BXK9|Q9BXL0|Q9BXL1|Q9BXL2|Q9BXL3|Q9BXL4|WHT1	protein	taxon:9606	20080118	BHF-UCL
UniProtKB	Q03518	TAP1		GO:0015421	GO_REF:0000033|PANTHER:PTHR24221_AN311	IBA	PANTHER:PTHR24221_AN311	F	Antigen peptide transporter 1	ABCB2|IPI00646625|PSF1|Q16149|Q96CP4|RING4|TAP1|TAP1_HUMAN|Y3	protein	taxon:9606	20100723	RefGenome
UniProtKB	Q03519	TAP2		GO:0015421	GO_REF:0000033|PANTHER:PTHR24221_AN311	IBA	PANTHER:PTHR24221_AN311	F	Antigen peptide transporter 2	ABCB3|B0V2J8|IPI00001382|IPI00328112|O95410|PSF2|Q9UQ83|RING11|TAP2|TAP2_HUMAN|Y1	protein	taxon:9606	20100723	RefGenome
UniProtKB	Q9NP78	ABCB9		GO:0015421	GO_REF:0000033|PANTHER:PTHR24221_AN311	IBA	PANTHER:PTHR24221_AN311	F	ATP-binding cassette sub-family B member 9	ABCB9|ABCB9_HUMAN|IPI00216589|IPI00418359|IPI00472317|KIAA1520|Q5W9G7|Q769F3|Q769F4|Q96AB1|Q9P208	protein	taxon:9606	20100723	RefGenome
UniProtKB	Q9NRK6	ABCB10		GO:0015421	GO_REF:0000033|PANTHER:PTHR24221_AN311	IBA	PANTHER:PTHR24221_AN311	F	ATP-binding cassette sub-family B member 10, mitochondrial	ABCB10|ABCBA_HUMAN|IPI00015826|Q13040|Q6P1Q8|Q9H3V0	protein	taxon:9606	20100723	RefGenome
UniProtKB	A8K092	ATP5A1		GO:0046961	GO_REF:0000002|InterPro:IPR004100	IEA	InterPro:IPR004100	F	ATP synthase subunit alpha	A8K092_HUMAN|ATP5A1|IPI00471928	protein	taxon:9606	20120107	InterPro
UniProtKB	F8VPV9	ATP5B		GO:0046961	GO_REF:0000002|InterPro:IPR004100	IEA	InterPro:IPR004100	F	ATP synthase subunit beta	ATP5B|F8VPV9_HUMAN	protein	taxon:9606	20120107	InterPro
UniProtKB	F8W079	ATP5B		GO:0046961	GO_REF:0000002|InterPro:IPR004100	IEA	InterPro:IPR004100	F	Uncharacterized protein	ATP5B|F8W079_HUMAN	protein	taxon:9606	20120107	InterPro
UniProtKB	F8W0P7	ATP5B		GO:0046961	GO_REF:0000002|InterPro:IPR004100	IEA	InterPro:IPR004100	F	Uncharacterized protein	ATP5B|F8W0P7_HUMAN	protein	taxon:9606	20120107	InterPro
UniProtKB	P06576	ATP5B		GO:0046961	PMID:17510399	IMP		F	ATP synthase subunit beta, mitochondrial	A8K4X0|ATP5B|ATPB_HUMAN|ATPMB|ATPSB|IPI00303476|Q14283	protein	taxon:9606	20080414	UniProtKB
UniProtKB	P25705	ATP5A1		GO:0046961	GO_REF:0000002|InterPro:IPR004100	IEA	InterPro:IPR004100	F	ATP synthase subunit alpha, mitochondrial	ATP5A|ATP5A1|ATP5AL2|ATPA_HUMAN|ATPM|IPI00440493|Q53XX6|Q8IXV2|Q96FB4|Q96HW2|Q96IR6|Q9BTV8	protein	taxon:9606	20120107	InterPro
UniProtKB	P38606	ATP6V1A		GO:0046961	GO_REF:0000002|InterPro:IPR004100	IEA	InterPro:IPR004100	F	V-type proton ATPase catalytic subunit A	ATP6A1|ATP6V1A|ATP6V1A1|B2RBR8|D3DN75|IPI00007682|Q53YD9|Q96DY6|Q9UHY3|VATA_HUMAN|VPP2	protein	taxon:9606	20120107	InterPro
UniProtKB	Q15904	ATP6AP1		GO:0046961	GO_REF:0000002|InterPro:IPR008388	IEA	InterPro:IPR008388	F	V-type proton ATPase subunit S1	A6ZKI4|ATP6AP1|ATP6IP1|ATP6S1|IPI00784119|VAS1_HUMAN|VATPS1|XAP3	protein	taxon:9606	20120107	InterPro
UniProtKB	E5RFZ9	ATP6V1H		GO:0046961	GO_REF:0000002|InterPro:IPR004908	IEA	InterPro:IPR004908	F	Uncharacterized protein	ATP6V1H|E5RFZ9_HUMAN|IPI00973766	protein	taxon:9606	20120107	InterPro
UniProtKB	E5RG49	ATP6V1H		GO:0046961	GO_REF:0000002|InterPro:IPR004908	IEA	InterPro:IPR004908	F	Uncharacterized protein	ATP6V1H|E5RG49_HUMAN|IPI00976409	protein	taxon:9606	20120107	InterPro
UniProtKB	E5RG90	ATP6V1H		GO:0046961	GO_REF:0000002|InterPro:IPR004908	IEA	InterPro:IPR004908	F	Uncharacterized protein	ATP6V1H|E5RG90_HUMAN|IPI00973888	protein	taxon:9606	20120107	InterPro
UniProtKB	E5RHH0	ATP6V1H		GO:0046961	GO_REF:0000002|InterPro:IPR004908	IEA	InterPro:IPR004908	F	Uncharacterized protein	ATP6V1H|E5RHH0_HUMAN|IPI00979241	protein	taxon:9606	20120107	InterPro
UniProtKB	E5RJG1	ATP6V1H		GO:0046961	GO_REF:0000002|InterPro:IPR004908	IEA	InterPro:IPR004908	F	Uncharacterized protein	ATP6V1H|E5RJG1_HUMAN|IPI00981309	protein	taxon:9606	20120107	InterPro
UniProtKB	E9PGE6	ATP6V1H		GO:0046961	GO_REF:0000002|InterPro:IPR004908	IEA	InterPro:IPR004908	F	Uncharacterized protein	ATP6V1H|E9PGE6_HUMAN|IPI00296191	protein	taxon:9606	20120107	InterPro
UniProtKB	G3V126	ATP6V1H		GO:0046961	GO_REF:0000002|InterPro:IPR004908	IEA	InterPro:IPR004908	F	Uncharacterized protein	ATP6V1H|G3V126_HUMAN|hCG_27354	protein	taxon:9606	20120107	InterPro
UniProtKB	Q7Z7L7	ZER1		GO:0046961	GO_REF:0000002|InterPro:IPR004908	IEA	InterPro:IPR004908	F	Protein zer-1 homolog	C9orf60|IPI00376483|O00156|Q5T272|Q5T273|ZER1|ZER1_HUMAN|ZYG|ZYG11BL	protein	taxon:9606	20120107	InterPro
UniProtKB	Q9UI12	ATP6V1H		GO:0046961	GO_REF:0000002|InterPro:IPR004908	IEA	InterPro:IPR004908	F	V-type proton ATPase subunit H	ATP6V1H|B3KMR0|CGI-11|IPI00296191|IPI00414079|Q6PK44|Q9H3E3|Q9Y300|VATH_HUMAN	protein	taxon:9606	20120107	InterPro
UniProtKB	P30049	ATP5D		GO:0046961	GO_REF:0000002|InterPro:IPR001469	IEA	InterPro:IPR001469	F	ATP synthase subunit delta, mitochondrial	ATP5D|ATPD_HUMAN|D6W5Y3|IPI00024920|Q6FG90	protein	taxon:9606	20120107	InterPro
UniProtKB	P36542	ATP5C1		GO:0046961	GO_REF:0000002|InterPro:IPR000131	IEA	InterPro:IPR000131	F	ATP synthase subunit gamma, mitochondrial	A8KA31|ATP5C|ATP5C1|ATP5CL1|ATPG_HUMAN|IPI00395769|IPI00478410|Q5VYP3|Q96AS8	protein	taxon:9606	20120107	InterPro
UniProtKB	P56381	ATP5E		GO:0046961	GO_REF:0000002|InterPro:IPR006721	IEA	InterPro:IPR006721	F	ATP synthase subunit epsilon, mitochondrial	ATP5E|ATP5E_HUMAN|B2RDD0|E1P5H6|IPI00215878|Q53XU6	protein	taxon:9606	20120107	InterPro
UniProtKB	Q5VTU8	ATP5EP2		GO:0046961	GO_REF:0000002|InterPro:IPR006721	IEA	InterPro:IPR006721	F	ATP synthase subunit epsilon-like protein, mitochondrial	AT5EL_HUMAN|ATP5EP2|IPI00176527	protein	taxon:9606	20120107	InterPro
UniProtKB	P15313	ATP6V1B1		GO:0046961	GO_REF:0000002|InterPro:IPR004100	IEA	InterPro:IPR004100	F	V-type proton ATPase subunit B, kidney isoform	ATP6B1|ATP6V1B1|IPI00304911|Q53FY0|Q6P4H6|VATB|VATB1_HUMAN|VPP3	protein	taxon:9606	20120107	InterPro
UniProtKB	Q96A05	ATP6V1E2		GO:0046961	GO_REF:0000002|InterPro:IPR002842	IEA	InterPro:IPR002842	F	V-type proton ATPase subunit E 2	ATP6E1|ATP6EL2|ATP6V1E2|ATP6V1EL2|IPI00059139|VATE2_HUMAN	protein	taxon:9606	20120107	InterPro
UniProtKB	O15342	ATP6V0E1		GO:0046961	PMID:9556572	TAS		F	V-type proton ATPase subunit e 1	ATP6H|ATP6V0E|ATP6V0E1|B2R557|D3DQM1|IPI00217058|Q6IBE8|VA0E1_HUMAN	protein	taxon:9606	20030904	PINC
UniProtKB	P21283	ATP6V1C1		GO:0046961	PMID:8250920	TAS		F	V-type proton ATPase subunit C 1	ATP6C|ATP6D|ATP6V1C1|IPI00007814|VATC|VATC1_HUMAN	protein	taxon:9606	20030904	PINC
UniProtKB	P27449	ATP6V0C		GO:0046961	PMID:1709739	TAS		F	V-type proton ATPase 16 kDa proteolipid subunit	ATP6C|ATP6L|ATP6V0C|ATPL|IPI00018855|Q6FH26|VATL_HUMAN	protein	taxon:9606	20031119	PINC
UniProtKB	P36543	ATP6V1E1		GO:0046961	GO_REF:0000002|InterPro:IPR002842	IEA	InterPro:IPR002842	F	V-type proton ATPase subunit E 1	ATP6E|ATP6E2|ATP6V1E1|IPI00003856|VATE1_HUMAN	protein	taxon:9606	20120107	InterPro
UniProtKB	Q16864	ATP6V1F		GO:0046961	GO_REF:0000002|InterPro:IPR005772	IEA	InterPro:IPR005772	F	V-type proton ATPase subunit F	ATP6S14|ATP6V1F|IPI00004488|Q6IBA8|VATF|VATF_HUMAN	protein	taxon:9606	20120107	InterPro
UniProtKB	Q9Y5K8	ATP6V1D		GO:0046961	GO_REF:0000002|InterPro:IPR002699	IEA	InterPro:IPR002699	F	V-type proton ATPase subunit D	ATP6M|ATP6V1D|B2RE33|IPI00001568|Q9Y688|VATD|VATD_HUMAN	protein	taxon:9606	20120107	InterPro
UniProtKB	B4DWH7	ATP6V1B1		GO:0046961	GO_REF:0000002|InterPro:IPR004100	IEA	InterPro:IPR004100	F	cDNA FLJ57632, highly similar to Vacuolar ATP synthase subunit B, kidney isoform (EC 3.6.3.14)	ATP6V1B1|B4DWH7_HUMAN|IPI00924887	protein	taxon:9606	20120107	InterPro
UniProtKB	B7Z1R5	ATP6V1A		GO:0046961	GO_REF:0000002|InterPro:IPR004100	IEA	InterPro:IPR004100	F	cDNA FLJ51804, highly similar to Vacuolar ATP synthase catalytic subunit A, ubiquitous isoform (EC 3.6.3.14)	ATP6V1A|B7Z1R5_HUMAN|IPI00946636	protein	taxon:9606	20120107	InterPro
UniProtKB	C9J5E3	ATP6V1B1		GO:0046961	GO_REF:0000002|InterPro:IPR004100	IEA	InterPro:IPR004100	F	Uncharacterized protein	ATP6V1B1|C9J5E3_HUMAN|IPI00925827	protein	taxon:9606	20120107	InterPro
UniProtKB	C9JL73	ATP6V1B1		GO:0046961	GO_REF:0000002|InterPro:IPR004100	IEA	InterPro:IPR004100	F	Uncharacterized protein	ATP6V1B1|C9JL73_HUMAN|IPI00926751	protein	taxon:9606	20120107	InterPro
UniProtKB	C9JNS9	ATP6V1B1		GO:0046961	GO_REF:0000002|InterPro:IPR004100	IEA	InterPro:IPR004100	F	Uncharacterized protein	ATP6V1B1|C9JNS9_HUMAN|IPI00925534	protein	taxon:9606	20120107	InterPro
UniProtKB	P21281	ATP6V1B2		GO:0046961	GO_REF:0000002|InterPro:IPR004100	IEA	InterPro:IPR004100	F	V-type proton ATPase subunit B, brain isoform	ATP6B2|ATP6V1B2|B2R5Z3|D3DSQ5|IPI00007812|Q14544|Q15859|Q96IR0|VATB2_HUMAN|VPP3	protein	taxon:9606	20120107	InterPro
UniProtKB	B4DL14	ATP5C1		GO:0046961	GO_REF:0000002|InterPro:IPR000131	IEA	InterPro:IPR000131	F	ATP synthase gamma chain	ATP5C1|B4DL14_HUMAN|IPI01015376	protein	taxon:9606	20120107	InterPro
UniProtKB	C9JA17	ATP6V1A		GO:0046961	GO_REF:0000002|InterPro:IPR004100	IEA	InterPro:IPR004100	F	Uncharacterized protein	ATP6V1A|C9JA17_HUMAN|IPI00946636	protein	taxon:9606	20120107	InterPro
UniProtKB	C9JVW8	ATP6V1A		GO:0046961	GO_REF:0000002|InterPro:IPR004100	IEA	InterPro:IPR004100	F	Uncharacterized protein	ATP6V1A|C9JVW8_HUMAN|IPI00946476	protein	taxon:9606	20120107	InterPro
UniProtKB	C9J2K4	ATP6V1F		GO:0046961	GO_REF:0000002|InterPro:IPR005772	IEA	InterPro:IPR005772	F	V-type proton ATPase subunit F	ATP6V1F|C9J2K4_HUMAN|IPI00946714	protein	taxon:9606	20120107	InterPro
UniProtKB	A6NLC6	ATP6AP1		GO:0046961	GO_REF:0000002|InterPro:IPR008388	IEA	InterPro:IPR008388	F	ATPase, H+ transporting, lysosomal accessory protein 1	A6NLC6_HUMAN|ATP6AP1|B0S8I9|IPI00552748|XX-FW83563B9.4-003	protein	taxon:9606	20120107	InterPro
UniProtKB	A6QRJ1	ATP6AP1		GO:0046961	GO_REF:0000002|InterPro:IPR008388	IEA	InterPro:IPR008388	F	Uncharacterized protein	A6QRJ1_HUMAN|ATP6AP1|IPI00852864|XX-FW83563B9.4-010	protein	taxon:9606	20120107	InterPro
UniProtKB	A8MUE4	ATP6V1E1		GO:0046961	GO_REF:0000002|InterPro:IPR002842	IEA	InterPro:IPR002842	F	Uncharacterized protein	A8MUE4_HUMAN|ATP6V1E1|IPI00719806	protein	taxon:9606	20120107	InterPro
UniProtKB	A8MUN4	ATP6V1E1		GO:0046961	GO_REF:0000002|InterPro:IPR002842	IEA	InterPro:IPR002842	F	Uncharacterized protein	A8MUN4_HUMAN|ATP6V1E1|IPI00719366	protein	taxon:9606	20120107	InterPro
UniProtKB	C9J8H1	ATP6V1E1		GO:0046961	GO_REF:0000002|InterPro:IPR002842	IEA	InterPro:IPR002842	F	Uncharacterized protein	ATP6V1E1|C9J8H1_HUMAN|IPI00853433	protein	taxon:9606	20120107	InterPro
UniProtKB	F2Z3L8	ATP6AP1		GO:0046961	GO_REF:0000002|InterPro:IPR008388	IEA	InterPro:IPR008388	F	Uncharacterized protein	ATP6AP1|F2Z3L8_HUMAN|IPI00879995	protein	taxon:9606	20120107	InterPro
UniProtKB	F8W684	ATP6AP1		GO:0046961	GO_REF:0000002|InterPro:IPR008388	IEA	InterPro:IPR008388	F	Uncharacterized protein	ATP6AP1|F8W684_HUMAN	protein	taxon:9606	20120107	InterPro
UniProtKB	G3V2S6	ATP6V1D		GO:0046961	GO_REF:0000002|InterPro:IPR002699	IEA	InterPro:IPR002699	F	Uncharacterized protein	ATP6V1D|G3V2S6_HUMAN	protein	taxon:9606	20120107	InterPro
UniProtKB	G3V2V6	ATP6V1D		GO:0046961	GO_REF:0000002|InterPro:IPR002699	IEA	InterPro:IPR002699	F	Uncharacterized protein	ATP6V1D|G3V2V6_HUMAN	protein	taxon:9606	20120107	InterPro
UniProtKB	G3V341	ATP6V1D		GO:0046961	GO_REF:0000002|InterPro:IPR002699	IEA	InterPro:IPR002699	F	Uncharacterized protein	ATP6V1D|G3V341_HUMAN	protein	taxon:9606	20120107	InterPro
UniProtKB	G3V3T8	ATP6V1D		GO:0046961	GO_REF:0000002|InterPro:IPR002699	IEA	InterPro:IPR002699	F	Uncharacterized protein	ATP6V1D|G3V3T8_HUMAN	protein	taxon:9606	20120107	InterPro
UniProtKB	G3V559	ATP6V1D		GO:0046961	GO_REF:0000002|InterPro:IPR002699	IEA	InterPro:IPR002699	F	Uncharacterized protein	ATP6V1D|G3V559_HUMAN	protein	taxon:9606	20120107	InterPro
UniProtKB	G3V5S7	ATP6V1D		GO:0046961	GO_REF:0000002|InterPro:IPR002699	IEA	InterPro:IPR002699	F	Uncharacterized protein	ATP6V1D|G3V5S7_HUMAN	protein	taxon:9606	20120107	InterPro
UniProtKB	Q52LC2	ATP6AP1L		GO:0046961	GO_REF:0000002|InterPro:IPR008388	IEA	InterPro:IPR008388	F	V-type proton ATPase subunit S1-like protein	ATP6AP1L|IPI00015115|VAS1L_HUMAN	protein	taxon:9606	20120107	InterPro
UniProtKB	P35670	ATP7B		GO:0004008	PMID:12763797	NAS		F	Copper-transporting ATPase 2	ATP7B|ATP7B_HUMAN|IPI00020058|IPI00216296|IPI00515019|IPI00658175|PWD|Q16318|Q16319|Q4U3V3|Q59FJ9|Q5T7X7|WC1|WND	protein	taxon:9606	20051118	UniProtKB
UniProtKB	P35670	ATP7B		GO:0004008	PMID:16472602	TAS		F	Copper-transporting ATPase 2	ATP7B|ATP7B_HUMAN|IPI00020058|IPI00216296|IPI00515019|IPI00658175|PWD|Q16318|Q16319|Q4U3V3|Q59FJ9|Q5T7X7|WC1|WND	protein	taxon:9606	20061206	UniProtKB
UniProtKB	Q04656	ATP7A		GO:0004008	GO_REF:0000024|UniProtKB:Q64430	ISS	UniProtKB:Q64430	F	Copper-transporting ATPase 1	ATP7A|ATP7A_HUMAN|B1AT72|IPI00028610|IPI00215614|IPI00215615|IPI00215616|IPI00215617|IPI00215619|MC1|MNK|O00227|O00745|Q9BYY8	protein	taxon:9606	20080311	UniProtKB
UniProtKB	B1AKY9	ATP1A2		GO:0015662	GO_REF:0000002|InterPro:IPR001757	IEA	InterPro:IPR001757	F	Uncharacterized protein	ATP1A2|B1AKY9_HUMAN|IPI00640401|RP11-536C5.4-003	protein	taxon:9606	20120107	InterPro
UniProtKB	B4DIQ8	ATP1A2		GO:0015662	GO_REF:0000002|InterPro:IPR001757	IEA	InterPro:IPR001757	F	Uncharacterized protein	ATP1A2|B4DIQ8_HUMAN|IPI00908591	protein	taxon:9606	20120107	InterPro
UniProtKB	B3KSI8	ATP9B		GO:0015662	GO_REF:0000002|InterPro:IPR001757	IEA	InterPro:IPR001757	F	Uncharacterized protein	ATP9B|B3KSI8_HUMAN|IPI00902910	protein	taxon:9606	20120107	InterPro
UniProtKB	B4DHD7	ATP1A2		GO:0015662	GO_REF:0000002|InterPro:IPR001757	IEA	InterPro:IPR001757	F	cDNA FLJ53737, highly similar to Sodium/potassium-transporting ATPase alpha-2 chain (EC 3.6.3.9)	ATP1A2|B4DHD7_HUMAN|IPI00911028	protein	taxon:9606	20120107	InterPro
UniProtKB	B7WPN9	ATP13A4		GO:0015662	GO_REF:0000002|InterPro:IPR001757	IEA	InterPro:IPR001757	F	Uncharacterized protein	ATP13A4|B7WPN9_HUMAN|IPI00791950	protein	taxon:9606	20120107	InterPro
UniProtKB	B7Z1Q9	ATP1A3		GO:0015662	GO_REF:0000002|InterPro:IPR001757	IEA	InterPro:IPR001757	F	cDNA FLJ59485, highly similar to Sodium/potassium-transporting ATPase alpha-3 chain (EC 3.6.3.9)	ATP1A3|B7Z1Q9_HUMAN|IPI01014473	protein	taxon:9606	20120107	InterPro
UniProtKB	B7Z2T0	ATP1A3		GO:0015662	GO_REF:0000002|InterPro:IPR001757	IEA	InterPro:IPR001757	F	cDNA FLJ59513, highly similar to Sodium/potassium-transporting ATPase alpha-3 chain (EC 3.6.3.9)	ATP1A3|B7Z2T0_HUMAN|IPI00790327	protein	taxon:9606	20120107	InterPro
UniProtKB	B7Z3U6	ATP1A1		GO:0015662	GO_REF:0000002|InterPro:IPR001757	IEA	InterPro:IPR001757	F	ATPase, Na+/K+ transporting, alpha 1 polypeptide, isoform CRA_a	ATP1A1|B7Z3U6_HUMAN|hCG_37943|IPI00977640	protein	taxon:9606	20120107	InterPro
UniProtKB	B7Z880	ATP8A2		GO:0015662	GO_REF:0000002|InterPro:IPR001757	IEA	InterPro:IPR001757	F	Uncharacterized protein	ATP8A2|B7Z880_HUMAN|IPI00939691	protein	taxon:9606	20120107	InterPro
UniProtKB	C9JN92	ATP13A3		GO:0015662	GO_REF:0000002|InterPro:IPR001757	IEA	InterPro:IPR001757	F	Uncharacterized protein	ATP13A3|C9JN92_HUMAN|IPI00177661	protein	taxon:9606	20120107	InterPro
UniProtKB	D6R9U9	ATP2C1		GO:0015662	GO_REF:0000002|InterPro:IPR001757	IEA	InterPro:IPR001757	F	Uncharacterized protein	ATP2C1|D6R9U9_HUMAN|IPI00963940	protein	taxon:9606	20120107	InterPro
UniProtKB	E7EQQ2	ATP7B		GO:0015662	GO_REF:0000002|InterPro:IPR000695	IEA	InterPro:IPR000695	F	Uncharacterized protein	ATP7B|E7EQQ2_HUMAN|IPI00910758	protein	taxon:9606	20120107	InterPro
UniProtKB	E7EUK4	ATP8A1		GO:0015662	GO_REF:0000002|InterPro:IPR001757	IEA	InterPro:IPR001757	F	Uncharacterized protein	ATP8A1|E7EUK4_HUMAN|IPI00032402	protein	taxon:9606	20120107	InterPro
UniProtKB	E9PC07	ATP1A3		GO:0015662	GO_REF:0000002|InterPro:IPR001757	IEA	InterPro:IPR001757	F	Uncharacterized protein	ATP1A3|E9PC07_HUMAN|IPI00647099	protein	taxon:9606	20120107	InterPro
UniProtKB	E9PC51	ATP1A3		GO:0015662	GO_REF:0000002|InterPro:IPR001757	IEA	InterPro:IPR001757	F	Uncharacterized protein	ATP1A3|E9PC51_HUMAN|IPI00788782	protein	taxon:9606	20120107	InterPro
UniProtKB	E9PCW5	ATP11A		GO:0015662	GO_REF:0000002|InterPro:IPR001757	IEA	InterPro:IPR001757	F	Uncharacterized protein	ATP11A|E9PCW5_HUMAN|IPI00255653	protein	taxon:9606	20120107	InterPro
UniProtKB	E9PEJ6	ATP11A		GO:0015662	GO_REF:0000002|InterPro:IPR001757	IEA	InterPro:IPR001757	F	Uncharacterized protein	ATP11A|E9PEJ6_HUMAN|IPI00456983	protein	taxon:9606	20120107	InterPro
UniProtKB	E9PRA5	ATP1A4		GO:0015662	GO_REF:0000002|InterPro:IPR001757	IEA	InterPro:IPR001757	F	Uncharacterized protein	ATP1A4|E9PRA5_HUMAN|IPI00984044	protein	taxon:9606	20120107	InterPro
UniProtKB	F5GXJ7	ATP1A2		GO:0015662	GO_REF:0000002|InterPro:IPR001757	IEA	InterPro:IPR001757	F	Uncharacterized protein	ATP1A2|F5GXJ7_HUMAN|IPI00647102	protein	taxon:9606	20120107	InterPro
UniProtKB	F5GZN5	ATP8A2		GO:0015662	GO_REF:0000002|InterPro:IPR001757	IEA	InterPro:IPR001757	F	Uncharacterized protein	ATP8A2|F5GZN5_HUMAN|IPI01011315	protein	taxon:9606	20120107	InterPro
UniProtKB	F5H0J0	ATP1A3		GO:0015662	GO_REF:0000002|InterPro:IPR001757	IEA	InterPro:IPR001757	F	Uncharacterized protein	ATP1A3|F5H0J0_HUMAN|IPI01014826	protein	taxon:9606	20120107	InterPro
UniProtKB	F5H3A1	ATP1A1		GO:0015662	GO_REF:0000002|InterPro:IPR001757	IEA	InterPro:IPR001757	F	Uncharacterized protein	ATP1A1|F5H3A1_HUMAN|IPI00646182	protein	taxon:9606	20120107	InterPro
UniProtKB	F5H6J6	ATP1A3		GO:0015662	GO_REF:0000002|InterPro:IPR001757	IEA	InterPro:IPR001757	F	Uncharacterized protein	ATP1A3|F5H6J6_HUMAN|IPI00788782	protein	taxon:9606	20120107	InterPro
UniProtKB	F5H8J1	ATP9B		GO:0015662	GO_REF:0000002|InterPro:IPR001757	IEA	InterPro:IPR001757	F	Uncharacterized protein	ATP9B|F5H8J1_HUMAN|IPI01010976	protein	taxon:9606	20120107	InterPro
UniProtKB	G3V261	ATP10A		GO:0015662	GO_REF:0000002|InterPro:IPR001757	IEA	InterPro:IPR001757	F	Uncharacterized protein	ATP10A|G3V261_HUMAN	protein	taxon:9606	20120107	InterPro
UniProtKB	O43520	ATP8B1		GO:0015662	GO_REF:0000002|InterPro:IPR001757	IEA	InterPro:IPR001757	F	Probable phospholipid-transporting ATPase IC	AT8B1_HUMAN|ATP8B1|ATPIC|FIC1|IPI00012851|PFIC|Q9BTP8	protein	taxon:9606	20120107	InterPro
UniProtKB	O43861	ATP9B		GO:0015662	GO_REF:0000002|InterPro:IPR001757	IEA	InterPro:IPR001757	F	Probable phospholipid-transporting ATPase IIB	ATP9B|ATP9B_HUMAN|ATPIIB|HUSSY-20|IPI00396022|IPI00479667|NEO1L|O60872|Q08AD8|Q08AD9	protein	taxon:9606	20120107	InterPro
UniProtKB	O60312	ATP10A		GO:0015662	GO_REF:0000002|InterPro:IPR001757	IEA	InterPro:IPR001757	F	Probable phospholipid-transporting ATPase VA	AT10A_HUMAN|ATP10A|ATP10C|ATPVA|ATPVC|IPI00783442|KIAA0566|Q969I4	protein	taxon:9606	20120107	InterPro
UniProtKB	O60423	ATP8B3		GO:0015662	GO_REF:0000002|InterPro:IPR001757	IEA	InterPro:IPR001757	F	Probable phospholipid-transporting ATPase IK	AT8B3_HUMAN|ATP1K|ATP8B3|FOS37502_2|IPI00216974|IPI00237913|Q8IVB8|Q8N4Y8|Q96M22	protein	taxon:9606	20120107	InterPro
UniProtKB	O75110	ATP9A		GO:0015662	GO_REF:0000002|InterPro:IPR001757	IEA	InterPro:IPR001757	F	Probable phospholipid-transporting ATPase IIA	ATP9A|ATP9A_HUMAN|ATPIIA|E1P5Y3|E1P5Y4|IPI00024368|IPI00220239|KIAA0611|Q5TFW5|Q5TFW6|Q5TFW9|Q6ZMF3|Q9NQK6|Q9NQK7	protein	taxon:9606	20120107	InterPro
UniProtKB	O94823	ATP10B		GO:0015662	GO_REF:0000002|InterPro:IPR001757	IEA	InterPro:IPR001757	F	Probable phospholipid-transporting ATPase VB	AT10B_HUMAN|ATP10B|ATPVB|IPI00186385|IPI00293928|IPI00852619|KIAA0715|Q9H725	protein	taxon:9606	20120107	InterPro
UniProtKB	P05023	ATP1A1		GO:0015662	GO_REF:0000002|InterPro:IPR001757	IEA	InterPro:IPR001757	F	Sodium/potassium-transporting ATPase subunit alpha-1	AT1A1_HUMAN|ATP1A1|B2RBR6|IPI00006482|IPI00414005|Q16689|Q6LDM4|Q9UCN1|Q9UJ20|Q9UJ21	protein	taxon:9606	20120107	InterPro
UniProtKB	P13637	ATP1A3		GO:0015662	GO_REF:0000002|InterPro:IPR001757	IEA	InterPro:IPR001757	F	Sodium/potassium-transporting ATPase subunit alpha-3	AT1A3_HUMAN|ATP1A3|IPI00302840|Q16732|Q16735|Q969K5	protein	taxon:9606	20120107	InterPro
UniProtKB	P20648	ATP4A		GO:0015662	GO_REF:0000002|InterPro:IPR001757	IEA	InterPro:IPR001757	F	Potassium-transporting ATPase alpha chain 1	ATP4A|ATP4A_HUMAN|IPI00218919|O00738	protein	taxon:9606	20120107	InterPro
UniProtKB	P50993	ATP1A2		GO:0015662	GO_REF:0000002|InterPro:IPR001757	IEA	InterPro:IPR001757	F	Sodium/potassium-transporting ATPase subunit alpha-2	AT1A2_HUMAN|ATP1A2|D3DVE4|IPI00003021|KIAA0778|Q07059|Q5JW74|Q86UZ5|Q9UQ25	protein	taxon:9606	20120107	InterPro
UniProtKB	P54707	ATP12A		GO:0015662	GO_REF:0000002|InterPro:IPR001757	IEA	InterPro:IPR001757	F	Potassium-transporting ATPase alpha chain 2	AT12A_HUMAN|ATP12A|ATP1AL1|IPI00008161|IPI00872242|Q13816|Q13817|Q16734|Q5W035|Q8N5U2	protein	taxon:9606	20120107	InterPro
UniProtKB	P98196	ATP11A		GO:0015662	GO_REF:0000002|InterPro:IPR001757	IEA	InterPro:IPR001757	F	Probable phospholipid-transporting ATPase IH	AT11A_HUMAN|ATP11A|ATPIH|ATPIS|IPI00255653|KIAA1021|Q5VXT2	protein	taxon:9606	20120107	InterPro
UniProtKB	P98198	ATP8B2		GO:0015662	GO_REF:0000002|InterPro:IPR001757	IEA	InterPro:IPR001757	F	Probable phospholipid-transporting ATPase ID	AT8B2_HUMAN|ATP8B2|ATPID|B4E3P4|IPI00258027|IPI00396074|IPI00431800|IPI00844415|KIAA1137|Q6NT69|Q7Z486|Q96I43|Q96NQ7	protein	taxon:9606	20120107	InterPro
UniProtKB	Q13733	ATP1A4		GO:0015662	GO_REF:0000002|InterPro:IPR001757	IEA	InterPro:IPR001757	F	Sodium/potassium-transporting ATPase subunit alpha-4	AT1A4_HUMAN|ATP1A4|ATP1AL2|IPI00252122|IPI00375339|Q504T2|Q7Z4I9|Q8TBN8|Q8WXA7|Q8WXH7|Q8WY13	protein	taxon:9606	20120107	InterPro
UniProtKB	Q5JXY1	ATP13A2		GO:0015662	GO_REF:0000002|InterPro:IPR001757	IEA	InterPro:IPR001757	F	ATPase type 13A2, isoform CRA_b	ATP13A2|hCG_25128|IPI00177535|Q5JXY1_HUMAN|RP1-37C10.4-002	protein	taxon:9606	20120107	InterPro
UniProtKB	Q4VNC0	ATP13A5		GO:0015662	GO_REF:0000002|InterPro:IPR001757	IEA	InterPro:IPR001757	F	Probable cation-transporting ATPase 13A5	AT135_HUMAN|ATP13A5|IPI00607633|Q6UWS4|Q6ZWL0|UNQ488/PRO1004	protein	taxon:9606	20120107	InterPro
UniProtKB	Q4VNC1	ATP13A4		GO:0015662	GO_REF:0000002|InterPro:IPR001757	IEA	InterPro:IPR001757	F	Probable cation-transporting ATPase 13A4	AT134_HUMAN|ATP13A4|B7WPC7|IPI00166229|IPI00746808|IPI00795895|IPI00926518|Q6UY23|Q8N1Q9|Q9H043|UNQ3052/PRO9871	protein	taxon:9606	20120107	InterPro
UniProtKB	Q6S9Z9	ATP13A2		GO:0015662	GO_REF:0000002|InterPro:IPR001757	IEA	InterPro:IPR001757	F	Uncharacterized protein	ATP13A2|hCG_25128|IPI00915298|Q6S9Z9_HUMAN	protein	taxon:9606	20120107	InterPro
UniProtKB	Q7Z485	ATP8B3		GO:0015662	GO_REF:0000002|InterPro:IPR001757	IEA	InterPro:IPR001757	F	Possible aminophospholipid translocase ATP8B3	ATP8B3|hCG_2004367|IPI00237913|Q7Z485_HUMAN	protein	taxon:9606	20120107	InterPro
UniProtKB	Q8NB49	ATP11C		GO:0015662	GO_REF:0000002|InterPro:IPR001757	IEA	InterPro:IPR001757	F	Probable phospholipid-transporting ATPase IG	AT11C_HUMAN|ATP11C|ATPIG|ATPIQ|IPI00237446|IPI00396234|IPI00552319|IPI00555989|Q5JT69|Q5JT70|Q5JT71|Q5JT72|Q5JT73|Q6ZND5|Q6ZU50|Q6ZUP7|Q70IJ9|Q70IK0|Q8WX24	protein	taxon:9606	20120107	InterPro
UniProtKB	Q8TF62	ATP8B4		GO:0015662	GO_REF:0000002|InterPro:IPR001757	IEA	InterPro:IPR001757	F	Probable phospholipid-transporting ATPase IM	AT8B4_HUMAN|ATP8B4|IPI00152868|KIAA1939|Q9H727	protein	taxon:9606	20120107	InterPro
UniProtKB	Q9H7F0	ATP13A3		GO:0015662	GO_REF:0000002|InterPro:IPR001757	IEA	InterPro:IPR001757	F	Probable cation-transporting ATPase 13A3	AFURS1|AT133_HUMAN|ATP13A3|IPI00177661|IPI00847139|Q8NC11|Q96KS1	protein	taxon:9606	20120107	InterPro
UniProtKB	Q9HD20	ATP13A1		GO:0015662	GO_REF:0000002|InterPro:IPR001757	IEA	InterPro:IPR001757	F	Probable cation-transporting ATPase 13A1	AT131_HUMAN|ATP13A|ATP13A1|B3KPJ2|B3KTA7|CGI-152|IPI00034277|IPI00218353|IPI00218354|KIAA1825|Q9H6C6	protein	taxon:9606	20120107	InterPro
UniProtKB	Q9NQ11	ATP13A2		GO:0015662	GO_REF:0000002|InterPro:IPR001757	IEA	InterPro:IPR001757	F	Probable cation-transporting ATPase 13A2	AT132_HUMAN|ATP13A2|IPI00015154|IPI00177535|O75700|PARK9|Q5JXY2	protein	taxon:9606	20120107	InterPro
UniProtKB	Q9NTI2	ATP8A2		GO:0015662	GO_REF:0000002|InterPro:IPR001757	IEA	InterPro:IPR001757	F	Probable phospholipid-transporting ATPase IB	AT8A2_HUMAN|ATP8A2|ATPIB|IPI00465166|IPI00939691|Q9H527|Q9NPU6|Q9NTL2|Q9NYM3	protein	taxon:9606	20120107	InterPro
UniProtKB	Q9P241	ATP10D		GO:0015662	GO_REF:0000002|InterPro:IPR001757	IEA	InterPro:IPR001757	F	Probable phospholipid-transporting ATPase VD	A2RRC8|AT10D_HUMAN|ATP10D|ATPVD|D6REN2|IPI00001723|IPI00216521|KIAA1487|Q8NC70|Q96SR3	protein	taxon:9606	20120107	InterPro
UniProtKB	Q9Y2G3	ATP11B		GO:0015662	GO_REF:0000002|InterPro:IPR001757	IEA	InterPro:IPR001757	F	Probable phospholipid-transporting ATPase IF	AT11B_HUMAN|ATP11B|ATPIF|ATPIR|IPI00240793|KIAA0956|Q96FN1|Q9UKK7	protein	taxon:9606	20120107	InterPro
UniProtKB	Q9Y2Q0	ATP8A1		GO:0015662	GO_REF:0000002|InterPro:IPR001757	IEA	InterPro:IPR001757	F	Probable phospholipid-transporting ATPase IA	AT8A1_HUMAN|ATP8A1|ATPIA|IPI00032402|IPI00221038|IPI00941654|Q32M36|Q4W5J7|Q4W5P2	protein	taxon:9606	20120107	InterPro
UniProtKB	Q5TC01	ATP1A1		GO:0015662	GO_REF:0000002|InterPro:IPR006069	IEA	InterPro:IPR006069	F	Uncharacterized protein	ATP1A1|IPI00414005|Q5TC01_HUMAN|RP4-655J12.1-002	protein	taxon:9606	20120107	InterPro
UniProtKB	Q5TC02	ATP1A1		GO:0015662	GO_REF:0000002|InterPro:IPR006069	IEA	InterPro:IPR006069	F	Uncharacterized protein	ATP1A1|IPI00977640|Q5TC02_HUMAN|RP4-655J12.1-008	protein	taxon:9606	20120107	InterPro
UniProtKB	E7EMP5	ATP11A		GO:0015662	GO_REF:0000002|InterPro:IPR001757	IEA	InterPro:IPR001757	F	Uncharacterized protein	ATP11A|E7EMP5_HUMAN|IPI00470412	protein	taxon:9606	20120107	InterPro
UniProtKB	C9JBU2	ATP1A3		GO:0015662	GO_REF:0000002|InterPro:IPR006069	IEA	InterPro:IPR006069	F	Uncharacterized protein	ATP1A3|C9JBU2_HUMAN|IPI00790327	protein	taxon:9606	20120107	InterPro
UniProtKB	E9PHR6	ATP1A1		GO:0015662	GO_REF:0000002|InterPro:IPR006069	IEA	InterPro:IPR006069	F	Uncharacterized protein	ATP1A1|E9PHR6_HUMAN|IPI00930085	protein	taxon:9606	20120107	InterPro
UniProtKB	O43861	ATP9B		GO:0019829	GO_REF:0000029	NAS		F	Probable phospholipid-transporting ATPase IIB	ATP9B|ATP9B_HUMAN|ATPIIB|HUSSY-20|IPI00396022|IPI00479667|NEO1L|O60872|Q08AD8|Q08AD9	protein	taxon:9606	20030403	UniProtKB
UniProtKB	P50993	ATP1A2		GO:0019829	GO_REF:0000019|Ensembl:ENSRNOP00000009964	IEA	Ensembl:ENSRNOP00000009964	F	Sodium/potassium-transporting ATPase subunit alpha-2	AT1A2_HUMAN|ATP1A2|D3DVE4|IPI00003021|KIAA0778|Q07059|Q5JW74|Q86UZ5|Q9UQ25	protein	taxon:9606	20120107	ENSEMBL
UniProtKB	Q9Y2Q0	ATP8A1		GO:0019829	PMID:10198212	NAS		F	Probable phospholipid-transporting ATPase IA	AT8A1_HUMAN|ATP8A1|ATPIA|IPI00032402|IPI00221038|IPI00941654|Q32M36|Q4W5J7|Q4W5P2	protein	taxon:9606	20030403	UniProtKB
UniProtKB	O75185	ATP2C2		GO:0005388	Reactome:REACT_25301	TAS		F	Calcium-transporting ATPase type 2C member 2	AT2C2_HUMAN|ATP2C2|B4DU76|IPI00006653|IPI00915432|KIAA0703|Q5S053|Q68CQ2|SPCA2	protein	taxon:9606	20100824	Reactome
UniProtKB	P98194	ATP2C1		GO:0005388	PMID:12810057	IDA		F	Calcium-transporting ATPase type 2C member 1	AT2C1_HUMAN|ATP2C1|B2RAT7|HUSSY-28|IPI00220473|IPI00413116|IPI00419957|IPI00607568|IPI00607812|IPI00745171|KIAA1347|O76005|PMR1L|Q86V72|Q86V73|Q8N6V1|Q8NCJ7	protein	taxon:9606	20061124	UniProtKB
UniProtKB	P98194	ATP2C1		GO:0005388	PMID:10615129	IMP		F	Calcium-transporting ATPase type 2C member 1	AT2C1_HUMAN|ATP2C1|B2RAT7|HUSSY-28|IPI00220473|IPI00413116|IPI00419957|IPI00607568|IPI00607812|IPI00745171|KIAA1347|O76005|PMR1L|Q86V72|Q86V73|Q8N6V1|Q8NCJ7	protein	taxon:9606	20061127	UniProtKB
UniProtKB	P98194	ATP2C1		GO:0005388	Reactome:REACT_25301	TAS		F	Calcium-transporting ATPase type 2C member 1	AT2C1_HUMAN|ATP2C1|B2RAT7|HUSSY-28|IPI00220473|IPI00413116|IPI00419957|IPI00607568|IPI00607812|IPI00745171|KIAA1347|O76005|PMR1L|Q86V72|Q86V73|Q8N6V1|Q8NCJ7	protein	taxon:9606	20100824	Reactome
UniProtKB	P98194	ATP2C1		GO:0005388	PMID:16192278	IDA		F	Calcium-transporting ATPase type 2C member 1	AT2C1_HUMAN|ATP2C1|B2RAT7|HUSSY-28|IPI00220473|IPI00413116|IPI00419957|IPI00607568|IPI00607812|IPI00745171|KIAA1347|O76005|PMR1L|Q86V72|Q86V73|Q8N6V1|Q8NCJ7	protein	taxon:9606	20061124	UniProtKB
UniProtKB	P98194	ATP2C1	NOT	GO:0005388	PMID:16192278	IDA		F	Calcium-transporting ATPase type 2C member 1	AT2C1_HUMAN|ATP2C1|B2RAT7|HUSSY-28|IPI00220473|IPI00413116|IPI00419957|IPI00607568|IPI00607812|IPI00745171|KIAA1347|O76005|PMR1L|Q86V72|Q86V73|Q8N6V1|Q8NCJ7	protein	taxon:9606	20061124	UniProtKB
UniProtKB	P98194	ATP2C1		GO:0005388	PMID:16192278	IDA		F	Calcium-transporting ATPase type 2C member 1	AT2C1_HUMAN|ATP2C1|B2RAT7|HUSSY-28|IPI00220473|IPI00413116|IPI00419957|IPI00607568|IPI00607812|IPI00745171|KIAA1347|O76005|PMR1L|Q86V72|Q86V73|Q8N6V1|Q8NCJ7	protein	taxon:9606	20061124	UniProtKB
UniProtKB	P98194	ATP2C1		GO:0005388	PMID:12707275	IDA		F	Calcium-transporting ATPase type 2C member 1	AT2C1_HUMAN|ATP2C1|B2RAT7|HUSSY-28|IPI00220473|IPI00413116|IPI00419957|IPI00607568|IPI00607812|IPI00745171|KIAA1347|O76005|PMR1L|Q86V72|Q86V73|Q8N6V1|Q8NCJ7	protein	taxon:9606	20061127	UniProtKB
UniProtKB	P98194	ATP2C1		GO:0005388	PMID:16192278	IDA		F	Calcium-transporting ATPase type 2C member 1	AT2C1_HUMAN|ATP2C1|B2RAT7|HUSSY-28|IPI00220473|IPI00413116|IPI00419957|IPI00607568|IPI00607812|IPI00745171|KIAA1347|O76005|PMR1L|Q86V72|Q86V73|Q8N6V1|Q8NCJ7	protein	taxon:9606	20061124	UniProtKB
UniProtKB	B3KY17	ATP2A1		GO:0005388	GO_REF:0000002|InterPro:IPR005782	IEA	InterPro:IPR005782	F	cDNA FLJ46599 fis, clone THYMU3047115, highly similar to Sarcoplasmic/endoplasmic reticulum calcium ATPase 1 (EC 3.6.3.8)	ATP2A1|B3KY17_HUMAN|IPI00646947	protein	taxon:9606	20120107	InterPro
UniProtKB	E7EME2	ATP2B2		GO:0005388	GO_REF:0000002|InterPro:IPR006408	IEA	InterPro:IPR006408	F	Uncharacterized protein	ATP2B2|E7EME2_HUMAN|IPI00219294	protein	taxon:9606	20120107	InterPro
UniProtKB	E7ERC6	ATP2C1		GO:0005388	GO_REF:0000002|InterPro:IPR006413	IEA	InterPro:IPR006413	F	Uncharacterized protein	ATP2C1|E7ERC6_HUMAN|IPI00975874	protein	taxon:9606	20120107	InterPro
UniProtKB	E7ERY9	ATP2B1		GO:0005388	GO_REF:0000002|InterPro:IPR006408	IEA	InterPro:IPR006408	F	Uncharacterized protein	ATP2B1|E7ERY9_HUMAN|IPI00984683	protein	taxon:9606	20120107	InterPro
UniProtKB	E7ES94	ATP2C2		GO:0005388	GO_REF:0000002|InterPro:IPR006413	IEA	InterPro:IPR006413	F	Uncharacterized protein	ATP2C2|E7ES94_HUMAN|IPI00872635	protein	taxon:9606	20120107	InterPro
UniProtKB	F5H7F7	ATP2B2		GO:0005388	GO_REF:0000002|InterPro:IPR006408	IEA	InterPro:IPR006408	F	Uncharacterized protein	ATP2B2|F5H7F7_HUMAN|IPI01018624	protein	taxon:9606	20120107	InterPro
UniProtKB	F8VSH0	ATP2A2		GO:0005388	GO_REF:0000019|Ensembl:ENSMUSP00000031423	IEA	Ensembl:ENSMUSP00000031423	F	Uncharacterized protein	ATP2A2|F8VSH0_HUMAN	protein	taxon:9606	20120107	ENSEMBL
UniProtKB	F8WAA5	ATP2C2		GO:0005388	GO_REF:0000002|InterPro:IPR006413	IEA	InterPro:IPR006413	F	Uncharacterized protein	ATP2C2|F8WAA5_HUMAN	protein	taxon:9606	20120107	InterPro
UniProtKB	F8WC06	ATP2A3		GO:0005388	GO_REF:0000002|InterPro:IPR005782	IEA	InterPro:IPR005782	F	Uncharacterized protein	ATP2A3|F8WC06_HUMAN	protein	taxon:9606	20120107	InterPro
UniProtKB	G3XAE1	ATP2A3		GO:0005388	GO_REF:0000002|InterPro:IPR005782	IEA	InterPro:IPR005782	F	Uncharacterized protein	ATP2A3|G3XAE1_HUMAN|hCG_33210	protein	taxon:9606	20120107	InterPro
UniProtKB	G3XAH8	ATP2C1		GO:0005388	GO_REF:0000002|InterPro:IPR006413	IEA	InterPro:IPR006413	F	Uncharacterized protein	ATP2C1|G3XAH8_HUMAN|hCG_14809	protein	taxon:9606	20120107	InterPro
UniProtKB	O14983	ATP2A1		GO:0005388	PMID:8729696	IDA		F	Sarcoplasmic/endoplasmic reticulum calcium ATPase 1	A8K5J9|AT2A1_HUMAN|ATP2A1|IPI00024804|IPI00396118|O14984	protein	taxon:9606	20061114	UniProtKB
UniProtKB	O14983	ATP2A1		GO:0005388	PMID:1329967	IDA		F	Sarcoplasmic/endoplasmic reticulum calcium ATPase 1	A8K5J9|AT2A1_HUMAN|ATP2A1|IPI00024804|IPI00396118|O14984	protein	taxon:9606	20061120	UniProtKB
UniProtKB	P16615	ATP2A2		GO:0005388	GO_REF:0000003|EC:3.6.3.8	IEA	EC:3.6.3.8	F	Sarcoplasmic/endoplasmic reticulum calcium ATPase 2	A6NDN7|AT2A2_HUMAN|ATP2A2|ATP2B|B4DF05|IPI00177817|IPI00219078|IPI00747443|IPI00914019|IPI00969023|P16614|Q86VJ2	protein	taxon:9606	20120107	UniProtKB
UniProtKB	P20020	ATP2B1		GO:0005388	GO_REF:0000003|EC:3.6.3.8	IEA	EC:3.6.3.8	F	Plasma membrane calcium-transporting ATPase 1	AT2B1_HUMAN|ATP2B1|IPI00021695|IPI00216526|IPI00216527|IPI00216528|IPI00216529|IPI00216530|PMCA1|Q12992|Q12993|Q13819|Q13820|Q13821|Q16504|Q93082	protein	taxon:9606	20120107	UniProtKB
UniProtKB	P23634	ATP2B4		GO:0005388	GO_REF:0000003|EC:3.6.3.8	IEA	EC:3.6.3.8	F	Plasma membrane calcium-transporting ATPase 4	AT2B4_HUMAN|ATP2B2|ATP2B4|B1APW6|IPI00012490|IPI00217164|IPI00217165|IPI00217166|IPI00217168|IPI00217169|IPI00217170|IPI00217171|MXRA1|Q13450|Q13452|Q13455|Q16817|Q7Z3S1	protein	taxon:9606	20120107	UniProtKB
UniProtKB	Q01814	ATP2B2		GO:0005388	PMID:1313367	NAS		F	Plasma membrane calcium-transporting ATPase 2	AT2B2_HUMAN|ATP2B2|IPI00009791|IPI00219293|IPI00219294|IPI00219295|IPI00219296|IPI00219297|IPI01008870|IPI01008982|O00766|PMCA2|Q12994|Q16818	protein	taxon:9606	20061123	UniProtKB
UniProtKB	Q01814	ATP2B2		GO:0005388	PMID:7929331	IDA		F	Plasma membrane calcium-transporting ATPase 2	AT2B2_HUMAN|ATP2B2|IPI00009791|IPI00219293|IPI00219294|IPI00219295|IPI00219296|IPI00219297|IPI01008870|IPI01008982|O00766|PMCA2|Q12994|Q16818	protein	taxon:9606	20061123	UniProtKB
UniProtKB	Q01814	ATP2B2		GO:0005388	PMID:7929331	IDA		F	Plasma membrane calcium-transporting ATPase 2	AT2B2_HUMAN|ATP2B2|IPI00009791|IPI00219293|IPI00219294|IPI00219295|IPI00219296|IPI00219297|IPI01008870|IPI01008982|O00766|PMCA2|Q12994|Q16818	protein	taxon:9606	20061123	UniProtKB
UniProtKB	Q01814	ATP2B2		GO:0005388	PMID:7929331	IDA		F	Plasma membrane calcium-transporting ATPase 2	AT2B2_HUMAN|ATP2B2|IPI00009791|IPI00219293|IPI00219294|IPI00219295|IPI00219296|IPI00219297|IPI01008870|IPI01008982|O00766|PMCA2|Q12994|Q16818	protein	taxon:9606	20061123	UniProtKB
UniProtKB	Q16720	ATP2B3		GO:0005388	GO_REF:0000003|EC:3.6.3.8	IEA	EC:3.6.3.8	F	Plasma membrane calcium-transporting ATPase 3	AT2B3_HUMAN|ATP2B3|B7WNR8|B7WNY5|IPI00003831|IPI00219256|IPI00219257|IPI00219258|IPI00219259|IPI00219260|IPI00219261|IPI00219262|Q12995|Q16858	protein	taxon:9606	20120107	UniProtKB
UniProtKB	Q93084	ATP2A3		GO:0005388	GO_REF:0000003|EC:3.6.3.8	IEA	EC:3.6.3.8	F	Sarcoplasmic/endoplasmic reticulum calcium ATPase 3	A8MZG0|AT2A3_HUMAN|ATP2A3|D3DTJ8|IPI00004092|IPI00218440|IPI00303760|IPI00478023|IPI00748794|IPI01010541|O60900|O60901|O75501|O75502|Q16115|Q8TEX5|Q8TEX6	protein	taxon:9606	20120107	UniProtKB
UniProtKB	E9PEG5	ATP2B2		GO:0005388	GO_REF:0000002|InterPro:IPR022141	IEA	InterPro:IPR022141	F	Uncharacterized protein	ATP2B2|E9PEG5_HUMAN|IPI00827630	protein	taxon:9606	20120107	InterPro
UniProtKB	P08183	ABCB1		GO:0042626	GO_REF:0000033|PANTHER:PTHR24221_AN0	IBA	PANTHER:PTHR24221_AN0	F	Multidrug resistance protein 1	A8K294|ABCB1|IPI00027481|MDR1|MDR1_HUMAN|PGY1|Q12755|Q14812	protein	taxon:9606	20100723	RefGenome
UniProtKB	O95342	ABCB11		GO:0042626	GO_REF:0000033|PANTHER:PTHR24221_AN0	IBA	PANTHER:PTHR24221_AN0	F	Bile salt export pump	ABCB11|ABCBB_HUMAN|BSEP|IPI00184848|Q53TL2|Q9UNB2	protein	taxon:9606	20100723	RefGenome
UniProtKB	P21439	ABCB4		GO:0042626	GO_REF:0000033|PANTHER:PTHR24221_AN0	IBA	PANTHER:PTHR24221_AN0	F	Multidrug resistance protein 3	A0A2V7|A4D1D3|A4D1D4|ABCB4|D6W5P3|D6W5P4|IPI00042932|IPI00218731|MDR3|MDR3_HUMAN|PGY3|Q14813	protein	taxon:9606	20100723	RefGenome
UniProtKB	Q2M3G0	ABCB5		GO:0042626	GO_REF:0000033|PANTHER:PTHR24221_AN0	IBA	PANTHER:PTHR24221_AN0	F	ATP-binding cassette sub-family B member 5	A4D131|ABCB5|ABCB5_HUMAN|B7WPL1|IPI00746222|IPI00747550|Q2M3I5|Q5I5Q7|Q5I5Q8|Q6KG50|Q6XFQ5|Q8IXA1	protein	taxon:9606	20100723	RefGenome
UniProtKB	A5D8W3	ABCB8		GO:0042626	GO_REF:0000002|InterPro:IPR001140	IEA	InterPro:IPR001140	F	ABCB8 protein	A5D8W3_HUMAN|ABCB8|IPI00946831	protein	taxon:9606	20120107	InterPro
UniProtKB	B0V2J7	TAP2		GO:0042626	GO_REF:0000002|InterPro:IPR001140	IEA	InterPro:IPR001140	F	Uncharacterized protein	B0V2J7_HUMAN|DAMC-27I8.2-002|IPI00893353|TAP2	protein	taxon:9606	20120107	InterPro
UniProtKB	A4D1D5	ABCB4		GO:0042626	GO_REF:0000002|InterPro:IPR001140	IEA	InterPro:IPR001140	F	ATP-binding cassette, sub-family B (MDR/TAP), member 4, isoform CRA_f	A4D1D5_HUMAN|ABCB4|hCG_1743207|IPI00927655|tcag7.319	protein	taxon:9606	20120107	InterPro
UniProtKB	B1AZV3	TAP1		GO:0042626	GO_REF:0000002|InterPro:IPR001140	IEA	InterPro:IPR001140	F	Transporter 1 ATP-binding cassette sub-family B (MDR/TAP)	B1AZV3_HUMAN|DASS-67H14.3-001|IPI00894417|TAP1	protein	taxon:9606	20120107	InterPro
UniProtKB	B4DGL8	ABCB7		GO:0042626	GO_REF:0000002|InterPro:IPR001140	IEA	InterPro:IPR001140	F	Uncharacterized protein	ABCB7|B4DGL8_HUMAN|IPI00981292	protein	taxon:9606	20120107	InterPro
UniProtKB	B4E2J0	ABCB9		GO:0042626	GO_REF:0000002|InterPro:IPR001140	IEA	InterPro:IPR001140	F	cDNA FLJ61550, highly similar to Homo sapiens ATP-binding cassette, sub-family B (MDR/TAP), member 9 (ABCB9), transcript variant 2, mRNA	ABCB9|B4E2J0_HUMAN|IPI01014873	protein	taxon:9606	20120107	InterPro
UniProtKB	B7Z3Q7	ABCC4		GO:0042626	GO_REF:0000002|InterPro:IPR001140	IEA	InterPro:IPR001140	F	cDNA FLJ52311, highly similar to Multidrug resistance-associated protein 4	ABCC4|B7Z3Q7_HUMAN|IPI01015348	protein	taxon:9606	20120107	InterPro
UniProtKB	B5AK60	ABCB1		GO:0042626	GO_REF:0000002|InterPro:IPR001140	IEA	InterPro:IPR001140	F	Uncharacterized protein	ABCB1|B5AK60_HUMAN|IPI01009677	protein	taxon:9606	20120107	InterPro
UniProtKB	E7ENX8	E7ENX8		GO:0042626	GO_REF:0000002|InterPro:IPR001140	IEA	InterPro:IPR001140	F	Uncharacterized protein	E7ENX8_HUMAN|IPI00796611	protein	taxon:9606	20120107	InterPro
UniProtKB	E7EPB6	CFTR		GO:0042626	GO_REF:0000002|InterPro:IPR001140	IEA	InterPro:IPR001140	F	Uncharacterized protein	CFTR|E7EPB6_HUMAN|IPI00816790	protein	taxon:9606	20120107	InterPro
UniProtKB	E7EQ98	TAP2		GO:0042626	GO_REF:0000002|InterPro:IPR001140	IEA	InterPro:IPR001140	F	Uncharacterized protein	E7EQ98_HUMAN|IPI00796611|TAP2	protein	taxon:9606	20120107	InterPro
UniProtKB	E7ESQ3	TAP2		GO:0042626	GO_REF:0000002|InterPro:IPR001140	IEA	InterPro:IPR001140	F	Uncharacterized protein	E7ESQ3_HUMAN|IPI00796611|TAP2	protein	taxon:9606	20120107	InterPro
UniProtKB	E7ESW8	ABCC6		GO:0042626	GO_REF:0000002|InterPro:IPR001140	IEA	InterPro:IPR001140	F	Uncharacterized protein	ABCC6|E7ESW8_HUMAN|IPI00748343	protein	taxon:9606	20120107	InterPro
UniProtKB	E7EUE1	ABCD3		GO:0042626	GO_REF:0000002|InterPro:IPR011527	IEA	InterPro:IPR011527	F	Uncharacterized protein	ABCD3|E7EUE1_HUMAN|IPI00908804	protein	taxon:9606	20120107	InterPro
UniProtKB	E7EUZ6	TAP2		GO:0042626	GO_REF:0000002|InterPro:IPR001140	IEA	InterPro:IPR001140	F	Uncharacterized protein	E7EUZ6_HUMAN|IPI00796611|TAP2	protein	taxon:9606	20120107	InterPro
UniProtKB	E9PBW0	ABCC5		GO:0042626	GO_REF:0000002|InterPro:IPR001140	IEA	InterPro:IPR001140	F	Uncharacterized protein	ABCC5|E9PBW0_HUMAN|IPI00555898	protein	taxon:9606	20120107	InterPro
UniProtKB	E9PK50	ABCC8		GO:0042626	GO_REF:0000002|InterPro:IPR001140	IEA	InterPro:IPR001140	F	Uncharacterized protein	ABCC8|E9PK50_HUMAN|IPI00983260	protein	taxon:9606	20120107	InterPro
UniProtKB	F5GXL7	ABCC1		GO:0042626	GO_REF:0000002|InterPro:IPR001140	IEA	InterPro:IPR001140	F	Uncharacterized protein	ABCC1|F5GXL7_HUMAN|IPI01010659	protein	taxon:9606	20120107	InterPro
UniProtKB	F5H410	ABCC11		GO:0042626	GO_REF:0000002|InterPro:IPR001140	IEA	InterPro:IPR001140	F	Uncharacterized protein	ABCC11|F5H410_HUMAN|IPI01010583	protein	taxon:9606	20120107	InterPro
UniProtKB	F5H648	TAP1		GO:0042626	GO_REF:0000002|InterPro:IPR001140	IEA	InterPro:IPR001140	F	Uncharacterized protein	F5H648_HUMAN|IPI00876958|TAP1	protein	taxon:9606	20120107	InterPro
UniProtKB	F5H7U2	ABCB9		GO:0042626	GO_REF:0000002|InterPro:IPR011527	IEA	InterPro:IPR011527	F	Uncharacterized protein	ABCB9|F5H7U2_HUMAN|IPI01013253	protein	taxon:9606	20120107	InterPro
UniProtKB	F8VX49	TAP2		GO:0042626	GO_REF:0000002|InterPro:IPR001140	IEA	InterPro:IPR001140	F	Uncharacterized protein	F8VX49_HUMAN|TAP2	protein	taxon:9606	20120107	InterPro
UniProtKB	G3V1J3	ABCB7		GO:0042626	GO_REF:0000002|InterPro:IPR001140	IEA	InterPro:IPR001140	F	Uncharacterized protein	ABCB7|G3V1J3_HUMAN|hCG_19369	protein	taxon:9606	20120107	InterPro
UniProtKB	G3XAC4	ABCB7		GO:0042626	GO_REF:0000002|InterPro:IPR001140	IEA	InterPro:IPR001140	F	Uncharacterized protein	ABCB7|G3XAC4_HUMAN|hCG_19369	protein	taxon:9606	20120107	InterPro
UniProtKB	G3XAP3	ABCB8		GO:0042626	GO_REF:0000002|InterPro:IPR001140	IEA	InterPro:IPR001140	F	ATP-binding cassette, sub-family B (MDR/TAP), member 8, isoform CRA_b	ABCB8|G3XAP3_HUMAN|hCG_18685	protein	taxon:9606	20120107	InterPro
UniProtKB	O14678	ABCD4		GO:0042626	GO_REF:0000002|InterPro:IPR011527	IEA	InterPro:IPR011527	F	ATP-binding cassette sub-family D member 4	ABCD4|ABCD4_HUMAN|IPI00023165|PXMP1L|Q6IAQ0|Q96E75	protein	taxon:9606	20120107	InterPro
UniProtKB	O15438	ABCC3		GO:0042626	GO_REF:0000002|InterPro:IPR001140	IEA	InterPro:IPR001140	F	Canalicular multispecific organic anion transporter 2	ABCC3|B2RPA9|CMOAT2|D3DTX9|IPI00006674|IPI00219843|IPI00219844|IPI00251066|IPI00797470|MLP2|MRP3|MRP3_HUMAN|O60265|O60922|O75621|O95078|O95289|O95290|Q86X85|Q9UN52	protein	taxon:9606	20120107	InterPro
UniProtKB	O15439	ABCC4		GO:0042626	GO_REF:0000002|InterPro:IPR001140	IEA	InterPro:IPR001140	F	Multidrug resistance-associated protein 4	A9Z1Z7|ABCC4|IPI00006675|IPI00908369|MRP4|MRP4_HUMAN|Q8IZN6|Q8NEW8|Q9Y6J2	protein	taxon:9606	20120107	InterPro
UniProtKB	O15440	ABCC5		GO:0042626	GO_REF:0000002|InterPro:IPR001140	IEA	InterPro:IPR001140	F	Multidrug resistance-associated protein 5	ABCC5|B9EIQ2|IPI00385383|MRP5|MRP5_HUMAN|O14517|Q9UN85|Q9UNP5|Q9UQC3	protein	taxon:9606	20120107	InterPro
UniProtKB	O60706	ABCC9		GO:0042626	GO_REF:0000002|InterPro:IPR001140	IEA	InterPro:IPR001140	F	ATP-binding cassette sub-family C member 9	ABCC9|ABCC9_HUMAN|IPI00024278|IPI00216251|O60707|SUR2	protein	taxon:9606	20120107	InterPro
UniProtKB	O75027	ABCB7		GO:0042626	GO_REF:0000033|PANTHER:PTHR24221_AN0	IBA	PANTHER:PTHR24221_AN0	F	ATP-binding cassette sub-family B member 7, mitochondrial	ABC7|ABCB7|ABCB7_HUMAN|IPI00306748|IPI00556553|O75345|Q5VWY7|Q5VWY8|Q9BRE1|Q9UND1|Q9UP01	protein	taxon:9606	20100723	RefGenome
UniProtKB	O94911	ABCA8		GO:0042626	PMID:12379217	IDA		F	ATP-binding cassette sub-family A member 8	ABCA8|ABCA8_HUMAN|IPI00479296|IPI00788074|KIAA0822|Q86WW0	protein	taxon:9606	20060110	MGI
UniProtKB	O95255	ABCC6		GO:0042626	GO_REF:0000002|InterPro:IPR001140	IEA	InterPro:IPR001140	F	Multidrug resistance-associated protein 6	ABCC6|ARA|IPI00029455|MRP6|MRP6_HUMAN|P78420|Q9UMZ7	protein	taxon:9606	20120107	InterPro
UniProtKB	P28288	ABCD3		GO:0042626	GO_REF:0000002|InterPro:IPR011527	IEA	InterPro:IPR011527	F	ATP-binding cassette sub-family D member 3	ABCD3|ABCD3_HUMAN|D3DT46|IPI00002372|IPI00185503|IPI00884932|PMP70|PXMP1|Q15271|Q6NUN5|Q96DA3|Q9H529	protein	taxon:9606	20120107	InterPro
UniProtKB	P33527	ABCC1		GO:0042626	GO_REF:0000002|InterPro:IPR001140	IEA	InterPro:IPR001140	F	Multidrug resistance-associated protein 1	A3RJX2|ABCC1|C9JPJ4|IPI00008338|IPI00014985|IPI00216262|IPI00216263|IPI00216264|IPI00216265|IPI00216266|IPI00216267|IPI00719178|MRP|MRP1|MRP1_HUMAN|O14819|O43333|P78419|Q59GI9|Q9UQ97|Q9UQ99|Q9UQA0	protein	taxon:9606	20120107	InterPro
UniProtKB	P33897	ABCD1		GO:0042626	PMID:8441467	NAS		F	ATP-binding cassette sub-family D member 1	ABCD1|ABCD1_HUMAN|ALD|IPI00291373|Q6GTZ2	protein	taxon:9606	20040806	UniProtKB
UniProtKB	P78363	ABCA4		GO:0042626	GO_REF:0000002|InterPro:IPR005951	IEA	InterPro:IPR005951	F	Retinal-specific ATP-binding cassette transporter	ABCA4|ABCA4_HUMAN|ABCR|IPI00297763|O15112|O60438|O60915|Q4LE31	protein	taxon:9606	20120107	InterPro
UniProtKB	Q03518	TAP1		GO:0042626	GO_REF:0000002|InterPro:IPR001140	IEA	InterPro:IPR001140	F	Antigen peptide transporter 1	ABCB2|IPI00646625|PSF1|Q16149|Q96CP4|RING4|TAP1|TAP1_HUMAN|Y3	protein	taxon:9606	20120107	InterPro
UniProtKB	Q03519	TAP2		GO:0042626	GO_REF:0000002|InterPro:IPR001140	IEA	InterPro:IPR001140	F	Antigen peptide transporter 2	ABCB3|B0V2J8|IPI00001382|IPI00328112|O95410|PSF2|Q9UQ83|RING11|TAP2|TAP2_HUMAN|Y1	protein	taxon:9606	20120107	InterPro
UniProtKB	Q09428	ABCC8		GO:0042626	GO_REF:0000002|InterPro:IPR001140	IEA	InterPro:IPR001140	F	ATP-binding cassette sub-family C member 8	A6NMX8|ABCC8|ABCC8_HUMAN|HRINS|IPI00219696|IPI00871283|O75948|Q16583|SUR|SUR1	protein	taxon:9606	20120107	InterPro
UniProtKB	Q5HY71	TAP2		GO:0042626	GO_REF:0000002|InterPro:IPR001140	IEA	InterPro:IPR001140	F	Transporter 2, ATP-binding cassette, sub-family B isoform 1 variant	DAAP-57C1.2-001|DADB-78A10.1-001|DASS-193J13.1-001|IPI00892682|Q5HY71_HUMAN|TAP2	protein	taxon:9606	20120107	InterPro
UniProtKB	Q5T3U5	ABCC10		GO:0042626	GO_REF:0000002|InterPro:IPR001140	IEA	InterPro:IPR001140	F	Multidrug resistance-associated protein 7	ABCC10|IPI00168635|IPI00396528|MRP7|MRP7_HUMAN|Q8NHX7|Q9H7N2|Q9NXY3|Q9UF48|SIMRP7	protein	taxon:9606	20120107	InterPro
UniProtKB	Q6P2Q0	ABCB9		GO:0042626	GO_REF:0000002|InterPro:IPR001140	IEA	InterPro:IPR001140	F	Uncharacterized protein	ABCB9|IPI01014085|Q6P2Q0_HUMAN	protein	taxon:9606	20120107	InterPro
UniProtKB	Q86UX3	ABCC5		GO:0042626	GO_REF:0000002|InterPro:IPR001140	IEA	InterPro:IPR001140	F	ATP-binding cassette, sub-family C (CFTR/MRP), member 5, isoform CRA_b	ABCC5|hCG_18394|IPI00917215|Q86UX3_HUMAN	protein	taxon:9606	20120107	InterPro
UniProtKB	Q8IVZ4	ABCC4		GO:0042626	GO_REF:0000002|InterPro:IPR001140	IEA	InterPro:IPR001140	F	ABCC4 protein	ABCC4|IPI00867698|Q8IVZ4_HUMAN	protein	taxon:9606	20120107	InterPro
UniProtKB	Q92887	ABCC2		GO:0042626	GO_REF:0000002|InterPro:IPR001140	IEA	InterPro:IPR001140	F	Canalicular multispecific organic anion transporter 1	ABCC2|B2RMT8|CMOAT|CMOAT1|CMRP|IPI00023868|MRP2|MRP2_HUMAN|Q14022|Q5T2B1|Q92500|Q92798|Q99663|Q9UMS2	protein	taxon:9606	20120107	InterPro
UniProtKB	Q96J65	ABCC12		GO:0042626	GO_REF:0000002|InterPro:IPR001140	IEA	InterPro:IPR001140	F	Multidrug resistance-associated protein 9	ABCC12|IPI00063878|IPI00291897|IPI00375288|IPI00646809|IPI00796878|MRP9|MRP9_HUMAN|Q49AL2|Q8TAF0|Q8TEY2	protein	taxon:9606	20120107	InterPro
UniProtKB	Q96J66	ABCC11		GO:0042626	GO_REF:0000002|InterPro:IPR001140	IEA	InterPro:IPR001140	F	ATP-binding cassette sub-family C member 11	ABCC11|ABCCB_HUMAN|IPI00152538|IPI00186714|MRP8|Q8TDJ0|Q96JA6|Q9BX80	protein	taxon:9606	20120107	InterPro
UniProtKB	Q99758	ABCA3		GO:0042626	PMID:9027511	TAS		F	ATP-binding cassette sub-family A member 3	ABC3|ABCA3|ABCA3_HUMAN|B2RU09|IPI00017800|Q54A95|Q92473	protein	taxon:9606	20040806	PINC
UniProtKB	Q9BZC7	ABCA2		GO:0042626	PMID:7766993	NAS		F	ATP-binding cassette sub-family A member 2	A6NED5|ABC2|ABCA2|ABCA2_HUMAN|IPI00307592|IPI00937612|IPI01009012|KIAA1062|Q5SPY5|Q5W9G5|Q76MW7|Q9HC28	protein	taxon:9606	20061006	UniProtKB
UniProtKB	Q9NRK6	ABCB10		GO:0042626	GO_REF:0000002|InterPro:IPR001140	IEA	InterPro:IPR001140	F	ATP-binding cassette sub-family B member 10, mitochondrial	ABCB10|ABCBA_HUMAN|IPI00015826|Q13040|Q6P1Q8|Q9H3V0	protein	taxon:9606	20120107	InterPro
UniProtKB	Q9NUT2	ABCB8		GO:0042626	GO_REF:0000033|PANTHER:PTHR24221_AN0	IBA	PANTHER:PTHR24221_AN0	F	ATP-binding cassette sub-family B member 8, mitochondrial	ABCB8|ABCB8_HUMAN|B2RBL8|IPI00019022|IPI00719730|MABC1|O95787|Q53GM0	protein	taxon:9606	20100723	RefGenome
UniProtKB	Q9UNQ0	ABCG2		GO:0042626	PMID:9850061	TAS		F	ATP-binding cassette sub-family G member 2	A0A1W3|A8K1T5|ABCG2|ABCG2_HUMAN|ABCP|BCRP|BCRP1|IPI00298214|IPI00607625|MXR|O95374|Q53ZQ1|Q569L4|Q5YLG4|Q86V64|Q8IX16|Q96LD6|Q96TA8|Q9BY73|Q9NUS0	protein	taxon:9606	20040809	PINC
UniProtKB	E9PEB9	DST		GO:0042626	GO_REF:0000002|InterPro:IPR011527	IEA	InterPro:IPR011527	F	Uncharacterized protein	DST|E9PEB9_HUMAN|IPI00645369	protein	taxon:9606	20120107	InterPro
UniProtKB	Q9Y5K8	ATP6V1D		GO:0042626	GO_REF:0000002|InterPro:IPR002699	IEA	InterPro:IPR002699	F	V-type proton ATPase subunit D	ATP6M|ATP6V1D|B2RE33|IPI00001568|Q9Y688|VATD|VATD_HUMAN	protein	taxon:9606	20120107	InterPro
UniProtKB	B4DYN2	ABCC12		GO:0042626	GO_REF:0000002|InterPro:IPR001140	IEA	InterPro:IPR001140	F	Uncharacterized protein	ABCC12|B4DYN2_HUMAN|IPI00910793	protein	taxon:9606	20120107	InterPro
UniProtKB	B7Z554	B7Z554		GO:0042626	GO_REF:0000002|InterPro:IPR011527	IEA	InterPro:IPR011527	F	cDNA FLJ51267, highly similar to Multidrug resistance-associated protein 6	B7Z554_HUMAN|IPI01012908	protein	taxon:9606	20120107	InterPro
UniProtKB	C9JTY4	ABCB8		GO:0042626	GO_REF:0000002|InterPro:IPR001140	IEA	InterPro:IPR001140	F	Uncharacterized protein	ABCB8|C9JTY4_HUMAN|hCG_18685|IPI00945897	protein	taxon:9606	20120107	InterPro
UniProtKB	C9JYI3	ABCB8		GO:0042626	GO_REF:0000002|InterPro:IPR001140	IEA	InterPro:IPR001140	F	Uncharacterized protein	ABCB8|C9JYI3_HUMAN|IPI00946428	protein	taxon:9606	20120107	InterPro
UniProtKB	D6R9B3	ABCC10		GO:0042626	GO_REF:0000002|InterPro:IPR001140	IEA	InterPro:IPR001140	F	Uncharacterized protein	ABCC10|D6R9B3_HUMAN|IPI00964500	protein	taxon:9606	20120107	InterPro
UniProtKB	E7ENE8	ABCB8		GO:0042626	GO_REF:0000002|InterPro:IPR001140	IEA	InterPro:IPR001140	F	Uncharacterized protein	ABCB8|E7ENE8_HUMAN|IPI00443945	protein	taxon:9606	20120107	InterPro
UniProtKB	E9PJR8	ABCB7		GO:0042626	GO_REF:0000002|InterPro:IPR011527	IEA	InterPro:IPR011527	F	Uncharacterized protein	ABCB7|E9PJR8_HUMAN|IPI00979190	protein	taxon:9606	20120107	InterPro
UniProtKB	F5GWQ0	ABCC6		GO:0042626	GO_REF:0000002|InterPro:IPR001140	IEA	InterPro:IPR001140	F	Uncharacterized protein	ABCC6|F5GWQ0_HUMAN|IPI00015182	protein	taxon:9606	20120107	InterPro
UniProtKB	F5GX86	ABCB9		GO:0042626	GO_REF:0000002|InterPro:IPR001140	IEA	InterPro:IPR001140	F	Uncharacterized protein	ABCB9|F5GX86_HUMAN|IPI01009494	protein	taxon:9606	20120107	InterPro
UniProtKB	F5GXZ5	ABCB9		GO:0042626	GO_REF:0000002|InterPro:IPR001140	IEA	InterPro:IPR001140	F	Uncharacterized protein	ABCB9|F5GXZ5_HUMAN|IPI00216589	protein	taxon:9606	20120107	InterPro
UniProtKB	F5GYI2	ABCB9		GO:0042626	GO_REF:0000002|InterPro:IPR001140	IEA	InterPro:IPR001140	F	Uncharacterized protein	ABCB9|F5GYI2_HUMAN|IPI01010415	protein	taxon:9606	20120107	InterPro
UniProtKB	F5H0G0	ABCB9		GO:0042626	GO_REF:0000002|InterPro:IPR011527	IEA	InterPro:IPR011527	F	Uncharacterized protein	ABCB9|F5H0G0_HUMAN|IPI01011213	protein	taxon:9606	20120107	InterPro
UniProtKB	F5H5F9	ABCB9		GO:0042626	GO_REF:0000002|InterPro:IPR001140	IEA	InterPro:IPR001140	F	Uncharacterized protein	ABCB9|F5H5F9_HUMAN|IPI01010767	protein	taxon:9606	20120107	InterPro
UniProtKB	F5H5Q0	ABCB9		GO:0042626	GO_REF:0000002|InterPro:IPR001140	IEA	InterPro:IPR001140	F	Uncharacterized protein	ABCB9|F5H5Q0_HUMAN|IPI01015357	protein	taxon:9606	20120107	InterPro
UniProtKB	F8WCY8	ABCC5		GO:0042626	GO_REF:0000002|InterPro:IPR001140	IEA	InterPro:IPR001140	F	Uncharacterized protein	ABCC5|F8WCY8_HUMAN	protein	taxon:9606	20120107	InterPro
UniProtKB	Q9NSE7	ABCC13		GO:0042626	GO_REF:0000002|InterPro:IPR001140	IEA	InterPro:IPR001140	F	Putative ATP-binding cassette sub-family C member 13	ABCC13|ABCCD_HUMAN|C21orf73|IPI00025740|IPI00172522|IPI00216009|IPI00216010|IPI00220831|PRED6|Q8N6A4|Q8N6A5	protein	taxon:9606	20120107	InterPro
UniProtKB	G3V2S6	ATP6V1D		GO:0042626	GO_REF:0000002|InterPro:IPR002699	IEA	InterPro:IPR002699	F	Uncharacterized protein	ATP6V1D|G3V2S6_HUMAN	protein	taxon:9606	20120107	InterPro
UniProtKB	G3V2V6	ATP6V1D		GO:0042626	GO_REF:0000002|InterPro:IPR002699	IEA	InterPro:IPR002699	F	Uncharacterized protein	ATP6V1D|G3V2V6_HUMAN	protein	taxon:9606	20120107	InterPro
UniProtKB	G3V341	ATP6V1D		GO:0042626	GO_REF:0000002|InterPro:IPR002699	IEA	InterPro:IPR002699	F	Uncharacterized protein	ATP6V1D|G3V341_HUMAN	protein	taxon:9606	20120107	InterPro
UniProtKB	G3V3T8	ATP6V1D		GO:0042626	GO_REF:0000002|InterPro:IPR002699	IEA	InterPro:IPR002699	F	Uncharacterized protein	ATP6V1D|G3V3T8_HUMAN	protein	taxon:9606	20120107	InterPro
UniProtKB	G3V559	ATP6V1D		GO:0042626	GO_REF:0000002|InterPro:IPR002699	IEA	InterPro:IPR002699	F	Uncharacterized protein	ATP6V1D|G3V559_HUMAN	protein	taxon:9606	20120107	InterPro
UniProtKB	G3V5S7	ATP6V1D		GO:0042626	GO_REF:0000002|InterPro:IPR002699	IEA	InterPro:IPR002699	F	Uncharacterized protein	ATP6V1D|G3V5S7_HUMAN	protein	taxon:9606	20120107	InterPro
UniProtKB	Q9NP58	ABCB6		GO:0015439	PMID:17006453	IMP		F	ATP-binding cassette sub-family B member 6, mitochondrial	ABCB6|ABCB6_HUMAN|IPI00065486|IPI00742677|MTABC3|O75542|PRP|Q49A66|Q59GQ5|Q6ZME6|Q96ME8|Q9HAQ6|Q9HAQ7|UMAT	protein	taxon:9606	20100806	UniProtKB
UniProtKB	O15533	TAPBP		GO:0015433	PMID:9238042	TAS		F	Tapasin	A2AB91|A2ABC0|B0V003|B0V0A6|IPI00007327|IPI00217384|IPI00645962|NGS17|O15210|O15272|Q5STJ8|Q5STK6|Q5STQ5|Q5STQ6|Q66K65|Q96KK7|Q9HAN8|Q9UEE0|Q9UEE4|Q9UIZ6|Q9Y6K2|TAPA|TAPBP|TPSN_HUMAN	protein	taxon:9606	20030904	PINC
UniProtKB	Q03519	TAP2		GO:0015433	PMID:1538751	IMP		F	Antigen peptide transporter 2	ABCB3|B0V2J8|IPI00001382|IPI00328112|O95410|PSF2|Q9UQ83|RING11|TAP2|TAP2_HUMAN|Y1	protein	taxon:9606	20100316	UniProtKB
UniProtKB	Q9NP78	ABCB9		GO:0015440	PMID:17977821	IDA		F	ATP-binding cassette sub-family B member 9	ABCB9|ABCB9_HUMAN|IPI00216589|IPI00418359|IPI00472317|KIAA1520|Q5W9G7|Q769F3|Q769F4|Q96AB1|Q9P208	protein	taxon:9606	20100212	UniProtKB
UniProtKB	Q9NP78	ABCB9		GO:0015440	PMID:18434309	IDA		F	ATP-binding cassette sub-family B member 9	ABCB9|ABCB9_HUMAN|IPI00216589|IPI00418359|IPI00472317|KIAA1520|Q5W9G7|Q769F3|Q769F4|Q96AB1|Q9P208	protein	taxon:9606	20100212	UniProtKB
UniProtKB	D3YTE9	ATP7A		GO:0043682	GO_REF:0000002|InterPro:IPR006403	IEA	InterPro:IPR006403	F	Uncharacterized protein	ATP7A|D3YTE9_HUMAN|IPI00028610	protein	taxon:9606	20120107	InterPro
UniProtKB	E7ET55	ATP7B		GO:0043682	GO_REF:0000002|InterPro:IPR006403	IEA	InterPro:IPR006403	F	Uncharacterized protein	ATP7B|E7ET55_HUMAN|IPI00922733	protein	taxon:9606	20120107	InterPro
UniProtKB	F5H562	ATP7B		GO:0043682	GO_REF:0000002|InterPro:IPR006403	IEA	InterPro:IPR006403	F	Uncharacterized protein	ATP7B|F5H562_HUMAN|IPI00873072	protein	taxon:9606	20120107	InterPro
UniProtKB	F5H748	ATP7B		GO:0043682	GO_REF:0000002|InterPro:IPR006403	IEA	InterPro:IPR006403	F	Uncharacterized protein	ATP7B|F5H748_HUMAN|IPI00940825	protein	taxon:9606	20120107	InterPro
UniProtKB	Q762B6	ATP7A		GO:0043682	GO_REF:0000002|InterPro:IPR006403	IEA	InterPro:IPR006403	F	Uncharacterized protein	ATP7A|IPI01015918|Q762B6_HUMAN	protein	taxon:9606	20120107	InterPro
UniProtKB	F2Z2W9	ATP7A		GO:0043682	GO_REF:0000002|InterPro:IPR006403	IEA	InterPro:IPR006403	F	Uncharacterized protein	ATP7A|F2Z2W9_HUMAN|IPI01018319	protein	taxon:9606	20120107	InterPro
UniProtKB	F6XIH0	ATP7B		GO:0043682	GO_REF:0000002|InterPro:IPR006403	IEA	InterPro:IPR006403	F	Uncharacterized protein	ATP7B|F6XIH0_HUMAN	protein	taxon:9606	20120107	InterPro
UniProtKB	P08183	ABCB1		GO:0008559	GO_REF:0000003|EC:3.6.3.44	IEA	EC:3.6.3.44	F	Multidrug resistance protein 1	A8K294|ABCB1|IPI00027481|MDR1|MDR1_HUMAN|PGY1|Q12755|Q14812	protein	taxon:9606	20120107	UniProtKB
UniProtKB	P21439	ABCB4		GO:0008559	GO_REF:0000003|EC:3.6.3.44	IEA	EC:3.6.3.44	F	Multidrug resistance protein 3	A0A2V7|A4D1D3|A4D1D4|ABCB4|D6W5P3|D6W5P4|IPI00042932|IPI00218731|MDR3|MDR3_HUMAN|PGY3|Q14813	protein	taxon:9606	20120107	UniProtKB
UniProtKB	Q9UNQ0	ABCG2		GO:0008559	PMID:9861027	TAS		F	ATP-binding cassette sub-family G member 2	A0A1W3|A8K1T5|ABCG2|ABCG2_HUMAN|ABCP|BCRP|BCRP1|IPI00298214|IPI00607625|MXR|O95374|Q53ZQ1|Q569L4|Q5YLG4|Q86V64|Q8IX16|Q96LD6|Q96TA8|Q9BY73|Q9NUS0	protein	taxon:9606	20030904	PINC
UniProtKB	F8VPV9	ATP5B		GO:0008553	GO_REF:0000002|InterPro:IPR005722	IEA	InterPro:IPR005722	F	ATP synthase subunit beta	ATP5B|F8VPV9_HUMAN	protein	taxon:9606	20120107	InterPro
UniProtKB	F8W079	ATP5B		GO:0008553	GO_REF:0000002|InterPro:IPR005722	IEA	InterPro:IPR005722	F	Uncharacterized protein	ATP5B|F8W079_HUMAN	protein	taxon:9606	20120107	InterPro
UniProtKB	F8W0P7	ATP5B		GO:0008553	GO_REF:0000002|InterPro:IPR005722	IEA	InterPro:IPR005722	F	Uncharacterized protein	ATP5B|F8W0P7_HUMAN	protein	taxon:9606	20120107	InterPro
UniProtKB	P06576	ATP5B		GO:0008553	GO_REF:0000002|InterPro:IPR005722	IEA	InterPro:IPR005722	F	ATP synthase subunit beta, mitochondrial	A8K4X0|ATP5B|ATPB_HUMAN|ATPMB|ATPSB|IPI00303476|Q14283	protein	taxon:9606	20120107	InterPro
UniProtKB	Q96A05	ATP6V1E2		GO:0008553	GO_REF:0000019|Ensembl:ENSMUSP00000065285	IEA	Ensembl:ENSMUSP00000065285	F	V-type proton ATPase subunit E 2	ATP6E1|ATP6EL2|ATP6V1E2|ATP6V1EL2|IPI00059139|VATE2_HUMAN	protein	taxon:9606	20120107	ENSEMBL
UniProtKB	P21283	ATP6V1C1		GO:0008553	GO_REF:0000019|Ensembl:ENSMUSP00000022904	IEA	Ensembl:ENSMUSP00000022904	F	V-type proton ATPase subunit C 1	ATP6C|ATP6D|ATP6V1C1|IPI00007814|VATC|VATC1_HUMAN	protein	taxon:9606	20120107	ENSEMBL
UniProtKB	P36543	ATP6V1E1		GO:0008553	GO_REF:0000019|Ensembl:ENSMUSP00000019354	IEA	Ensembl:ENSMUSP00000019354	F	V-type proton ATPase subunit E 1	ATP6E|ATP6E2|ATP6V1E1|IPI00003856|VATE1_HUMAN	protein	taxon:9606	20120107	ENSEMBL
UniProtKB	P61421	ATP6V0D1		GO:0008553	GO_REF:0000019|Ensembl:ENSMUSP00000013304	IEA	Ensembl:ENSMUSP00000013304	F	V-type proton ATPase subunit d 1	ATP6D|ATP6V0D1|IPI00034159|P12953|Q02547|VA0D1_HUMAN|VPATPD	protein	taxon:9606	20120107	ENSEMBL
UniProtKB	F8VQY0	ATP5B		GO:0008553	GO_REF:0000002|InterPro:IPR005722	IEA	InterPro:IPR005722	F	Uncharacterized protein	ATP5B|F8VQY0_HUMAN	protein	taxon:9606	20120107	InterPro
UniProtKB	O75348	ATP6V1G1		GO:0008553	GO_REF:0000019|Ensembl:ENSMUSP00000048770	IEA	Ensembl:ENSMUSP00000048770	F	V-type proton ATPase subunit G 1	ATP6G|ATP6G1|ATP6J|ATP6V1G1|IPI00025285|VATG1_HUMAN	protein	taxon:9606	20120107	ENSEMBL
UniProtKB	A8MQ60	ATP6V1C1		GO:0008553	GO_REF:0000019|Ensembl:ENSMUSP00000022904	IEA	Ensembl:ENSMUSP00000022904	F	Uncharacterized protein	A8MQ60_HUMAN|ATP6V1C1|IPI00007814	protein	taxon:9606	20120107	ENSEMBL
UniProtKB	E7EV59	ATP6V1C1		GO:0008553	GO_REF:0000019|Ensembl:ENSMUSP00000022904	IEA	Ensembl:ENSMUSP00000022904	F	Uncharacterized protein	ATP6V1C1|E7EV59_HUMAN|IPI00983141	protein	taxon:9606	20120107	ENSEMBL
UniProtKB	F8WEN9	ATP6V0D1		GO:0008553	GO_REF:0000019|Ensembl:ENSMUSP00000013304	IEA	Ensembl:ENSMUSP00000013304	F	Uncharacterized protein	ATP6V0D1|F8WEN9_HUMAN	protein	taxon:9606	20120107	ENSEMBL
UniProtKB	Q8NEY4	ATP6V1C2		GO:0008553	GO_REF:0000019|Ensembl:ENSMUSP00000020884	IEA	Ensembl:ENSMUSP00000020884	F	V-type proton ATPase subunit C 2	ATP6V1C2|IPI00302644|IPI00719217|Q96EL8|VATC2_HUMAN	protein	taxon:9606	20120107	ENSEMBL
UniProtKB	Q96LB4	ATP6V1G3		GO:0008553	GO_REF:0000019|Ensembl:ENSMUSP00000027643	IEA	Ensembl:ENSMUSP00000027643	F	V-type proton ATPase subunit G 3	ATP6G3|ATP6V1G3|IPI00064966|IPI00143888|IPI00745352|Q495K2|Q495K4|Q5T9L6|VATG3_HUMAN	protein	taxon:9606	20120107	ENSEMBL
