UniProtKB	A6NGU5	GGT3P		GO:0031362	PMID:18357469	TAS		C	Putative gamma-glutamyltranspeptidase 3	GGT3|GGT3P|GGT3_HUMAN|IPI00788054	protein	taxon:9606	20110915	UniProtKB
UniProtKB	B5MD39	GGTLC3		GO:0031362	PMID:18357469	TAS		C	Putative gamma-glutamyltransferase light chain 3	A6NEA2|GGTL3_HUMAN|GGTLC3|IPI00552338	protein	taxon:9606	20110915	UniProtKB
UniProtKB	E9PIM6	THY1		GO:0031362	GO_REF:0000019|Ensembl:ENSMUSP00000110489	IEA	Ensembl:ENSMUSP00000110489	C	Uncharacterized protein	E9PIM6_HUMAN|IPI00984778|THY1	protein	taxon:9606	20120107	ENSEMBL
UniProtKB	P04216	THY1		GO:0031362	GO_REF:0000019|Ensembl:ENSMUSP00000110489	IEA	Ensembl:ENSMUSP00000110489	C	Thy-1 membrane glycoprotein	IPI00022892|Q16008|Q9NSP1|THY1|THY1_HUMAN	protein	taxon:9606	20120107	ENSEMBL
UniProtKB	P08F94	PKHD1		GO:0031362	PMID:11919560	TAS		C	Fibrocystin	FCYT|IPI00239117|IPI00293274|PKHD1|PKHD1_HUMAN|Q5VUA2|Q5VUA3|Q5VWV1|Q8TCZ9|TIGM1	protein	taxon:9606	20100521	UniProtKB
UniProtKB	P13987	CD59		GO:0031362	PMID:9724629	IDA		C	CD59 glycoprotein	CD59|CD59_HUMAN|IPI00011302|MIC11|MIN1|MIN2|MIN3|MSK21	protein	taxon:9606	20080904	MGI
UniProtKB	P19440	GGT1		GO:0031362	PMID:18357469	TAS		C	Gamma-glutamyltranspeptidase 1	GGT|GGT1|GGT1_HUMAN|IPI00018901|IPI00217717|IPI00339263|Q08247|Q14404|Q8TBS1|Q9UMK1	protein	taxon:9606	20110915	UniProtKB
UniProtKB	P22748	CA4		GO:0031362	PMID:17409381	IDA		C	Carbonic anhydrase 4	CA4|CAH4_HUMAN|IPI00027466	protein	taxon:9606	20100330	DFLAT
UniProtKB	P36268	GGT2		GO:0031362	PMID:18357469	TAS		C	Gamma-glutamyltranspeptidase 2	GGT2|GGT2_HUMAN|IPI00879415|IPI00894564	protein	taxon:9606	20110915	UniProtKB
UniProtKB	P36269	GGT5		GO:0031362	PMID:18357469	TAS		C	Gamma-glutamyltransferase 5	GGT5|GGT5_HUMAN|GGTLA1|IPI00002243|IPI00339373|Q96FC1|Q9UFM5	protein	taxon:9606	20110915	UniProtKB
UniProtKB	P52803	EFNA5		GO:0031362	PMID:11870224	IDA		C	Ephrin-A5	EFNA5|EFNA5_HUMAN|EPLG7|IPI00005517|LERK7	protein	taxon:9606	20110816	UniProtKB
UniProtKB	Q14390	GGTLC2		GO:0031362	PMID:18357469	TAS		C	Gamma-glutamyltransferase light chain 2	A1A516|A2VCM9|GGTL2_HUMAN|GGTL4|GGTLC2|IPI00377039|Q5NV76|Q6ISH0	protein	taxon:9606	20110915	UniProtKB
UniProtKB	Q4G0N0	GGTA1P		GO:0031362	PMID:18357469	TAS		C	Inactive N-acetyllactosaminide alpha-1,3-galactosyltransferase	A2JVH9|GGTA1|GGTA1P|GGTA1_HUMAN|IPI00641358	protein	taxon:9606	20110915	UniProtKB
UniProtKB	Q6P531	GGT6		GO:0031362	PMID:18357469	TAS		C	Gamma-glutamyltransferase 6	B4DUH4|GGT6|GGT6_HUMAN|IPI00749196|IPI00940353|Q8NCM0	protein	taxon:9606	20110915	UniProtKB
UniProtKB	Q8IV16	GPIHBP1		GO:0031362	PMID:17997385	IDA		C	Glycosylphosphatidylinositol-anchored high density lipoprotein-binding protein 1	GPIHBP1|HBP1|HDBP1_HUMAN|IPI00216823|Q6P3T2|Q86W15	protein	taxon:9606	20100506	BHF-UCL
UniProtKB	Q9BX51	GGTLC1		GO:0031362	PMID:18357469	TAS		C	Gamma-glutamyltransferase light chain 1	D3DW43|GGTL1_HUMAN|GGTLA4|GGTLC1|IPI00027976|Q08246	protein	taxon:9606	20110915	UniProtKB
UniProtKB	Q9UJ14	GGT7		GO:0031362	PMID:18357469	TAS		C	Gamma-glutamyltransferase 7	GGT7|GGT7_HUMAN|GGTL3|GGTL5|IPI00030634|IPI00167415|IPI00339302|IPI00339303|Q8N899|Q8NF66|Q9BYP5|Q9BYP6	protein	taxon:9606	20110915	UniProtKB
UniProtKB	A8MZH7	A8MZH7		GO:0009897	GO_REF:0000019|Ensembl:ENSMUSP00000107873	IEA	Ensembl:ENSMUSP00000107873	C	Uncharacterized protein	A8MZH7_HUMAN|IPI00023014	protein	taxon:9606	20120107	ENSEMBL
UniProtKB	B0QYC0	IL2RB		GO:0009897	GO_REF:0000019|Ensembl:ENSMUSP00000086820	IEA	Ensembl:ENSMUSP00000086820	C	Interleukin 2 receptor, beta	B0QYC0_HUMAN|IL2RB|IPI00878426|RP5-1170K4.6-006	protein	taxon:9606	20120107	ENSEMBL
UniProtKB	B0QYC1	IL2RB		GO:0009897	GO_REF:0000019|Ensembl:ENSMUSP00000086820	IEA	Ensembl:ENSMUSP00000086820	C	Interleukin 2 receptor, beta	B0QYC1_HUMAN|IL2RB|IPI00878276|RP5-1170K4.6-005	protein	taxon:9606	20120107	ENSEMBL
UniProtKB	B0QYC2	IL2RB		GO:0009897	GO_REF:0000019|Ensembl:ENSMUSP00000086820	IEA	Ensembl:ENSMUSP00000086820	C	Interleukin 2 receptor, beta	B0QYC2_HUMAN|IL2RB|IPI00878872|RP5-1170K4.6-008	protein	taxon:9606	20120107	ENSEMBL
UniProtKB	B4DDS3	CLPTM1		GO:0009897	GO_REF:0000019|Ensembl:ENSMUSP00000051293	IEA	Ensembl:ENSMUSP00000051293	C	Uncharacterized protein	B4DDS3_HUMAN|CLPTM1|hCG_20220|IPI01011294	protein	taxon:9606	20120107	ENSEMBL
UniProtKB	B4DUX4	CD34		GO:0009897	GO_REF:0000019|Ensembl:ENSMUSP00000016638	IEA	Ensembl:ENSMUSP00000016638	C	cDNA FLJ54166, highly similar to Hematopoietic progenitor cell antigen CD34	B4DUX4_HUMAN|CD34|IPI01010191	protein	taxon:9606	20120107	ENSEMBL
UniProtKB	B4E009	CD69		GO:0009897	GO_REF:0000019|Ensembl:ENSMUSP00000032259	IEA	Ensembl:ENSMUSP00000032259	C	cDNA FLJ55409, highly similar to Early activation antigen CD69	B4E009_HUMAN|CD69|IPI00798134	protein	taxon:9606	20120107	ENSEMBL
UniProtKB	B4E0F8	CD8B		GO:0009897	GO_REF:0000019|Ensembl:ENSMUSP00000070131	IEA	Ensembl:ENSMUSP00000070131	C	cDNA FLJ61012, highly similar to T-cell surface glycoprotein CD8 beta chain	B4E0F8_HUMAN|CD8B|E7EPH5|IPI00942104	protein	taxon:9606	20120107	ENSEMBL
UniProtKB	B4E2Y9	CALR		GO:0009897	GO_REF:0000019|Ensembl:ENSMUSP00000003912	IEA	Ensembl:ENSMUSP00000003912	C	Uncharacterized protein	B4E2Y9_HUMAN|CALR|IPI01013746	protein	taxon:9606	20120107	ENSEMBL
UniProtKB	B5MC21	IL6		GO:0009897	GO_REF:0000019|Ensembl:ENSMUSP00000026845	IEA	Ensembl:ENSMUSP00000026845	C	Uncharacterized protein	B5MC21_HUMAN|IL6|IPI00877815	protein	taxon:9606	20120107	ENSEMBL
UniProtKB	B8Q182	GYPA		GO:0009897	GO_REF:0000019|Ensembl:ENSMUSP00000070836	IEA	Ensembl:ENSMUSP00000070836	C	Uncharacterized protein	B8Q182_HUMAN|GYPA|IPI00942237	protein	taxon:9606	20120107	ENSEMBL
UniProtKB	C9IYD5	ITGAL		GO:0009897	GO_REF:0000019|Ensembl:ENSMUSP00000113946	IEA	Ensembl:ENSMUSP00000113946	C	Uncharacterized protein	C9IYD5_HUMAN|IPI00025380|ITGAL	protein	taxon:9606	20120107	ENSEMBL
UniProtKB	C9J5B0	IL6		GO:0009897	GO_REF:0000019|Ensembl:ENSMUSP00000026845	IEA	Ensembl:ENSMUSP00000026845	C	Uncharacterized protein	C9J5B0_HUMAN|IL6|IPI00878334	protein	taxon:9606	20120107	ENSEMBL
UniProtKB	C9JF68	TNFSF13		GO:0009897	GO_REF:0000019|Ensembl:ENSMUSP00000104288	IEA	Ensembl:ENSMUSP00000104288	C	Uncharacterized protein	C9JF68_HUMAN|IPI00796683|TNFSF13	protein	taxon:9606	20120107	ENSEMBL
UniProtKB	C9JHD2	CR2		GO:0009897	GO_REF:0000019|Ensembl:ENSMUSP00000080938	IEA	Ensembl:ENSMUSP00000080938	C	Uncharacterized protein	C9JHD2_HUMAN|CR2|IPI00216987	protein	taxon:9606	20120107	ENSEMBL
UniProtKB	C9JSY6	IL1RL1		GO:0009897	GO_REF:0000019|Ensembl:ENSMUSP00000095379	IEA	Ensembl:ENSMUSP00000095379	C	Uncharacterized protein	C9JSY6_HUMAN|IL1RL1|IPI00917734	protein	taxon:9606	20120107	ENSEMBL
UniProtKB	C9JUK7	SPN		GO:0009897	GO_REF:0000019|Ensembl:ENSMUSP00000049534	IEA	Ensembl:ENSMUSP00000049534	C	Uncharacterized protein	C9JUK7_HUMAN|IPI00853215|SPN	protein	taxon:9606	20120107	ENSEMBL
UniProtKB	C9JXS1	CD86		GO:0009897	GO_REF:0000019|Ensembl:ENSMUSP00000087047	IEA	Ensembl:ENSMUSP00000087047	C	Uncharacterized protein	C9JXS1_HUMAN|CD86|IPI00947013	protein	taxon:9606	20120107	ENSEMBL
UniProtKB	C9JXX7	ITGA6		GO:0009897	GO_REF:0000019|Ensembl:ENSMUSP00000028522	IEA	Ensembl:ENSMUSP00000028522	C	Uncharacterized protein	C9JXX7_HUMAN|IPI00917593|ITGA6	protein	taxon:9606	20120107	ENSEMBL
UniProtKB	D6RCK8	IL7R		GO:0009897	GO_REF:0000019|Ensembl:ENSMUSP00000003981	IEA	Ensembl:ENSMUSP00000003981	C	Uncharacterized protein	D6RCK8_HUMAN|IL7R|IPI00292014	protein	taxon:9606	20120107	ENSEMBL
UniProtKB	D6RCR9	IL7R		GO:0009897	GO_REF:0000019|Ensembl:ENSMUSP00000003981	IEA	Ensembl:ENSMUSP00000003981	C	Uncharacterized protein	D6RCR9_HUMAN|IL7R|IPI00965711	protein	taxon:9606	20120107	ENSEMBL
UniProtKB	D6RDX4	GPR125		GO:0009897	GO_REF:0000019|Ensembl:ENSMUSP00000030971	IEA	Ensembl:ENSMUSP00000030971	C	Uncharacterized protein	D6RDX4_HUMAN|GPR125|IPI00967038	protein	taxon:9606	20120107	ENSEMBL
UniProtKB	D6RER4	GPR125		GO:0009897	GO_REF:0000019|Ensembl:ENSMUSP00000030971	IEA	Ensembl:ENSMUSP00000030971	C	Uncharacterized protein	D6RER4_HUMAN|GPR125|IPI00966781	protein	taxon:9606	20120107	ENSEMBL
UniProtKB	D6RG28	IL7R		GO:0009897	GO_REF:0000019|Ensembl:ENSMUSP00000003981	IEA	Ensembl:ENSMUSP00000003981	C	Uncharacterized protein	D6RG28_HUMAN|IL7R|IPI00965032	protein	taxon:9606	20120107	ENSEMBL
UniProtKB	E7EP60	ITGA4		GO:0009897	GO_REF:0000019|Ensembl:ENSMUSP00000099718	IEA	Ensembl:ENSMUSP00000099718	C	Uncharacterized protein	E7EP60_HUMAN|IPI00916041|ITGA4	protein	taxon:9606	20120107	ENSEMBL
UniProtKB	E7EPI4	L1CAM		GO:0009897	GO_REF:0000019|Ensembl:ENSMUSP00000099935	IEA	Ensembl:ENSMUSP00000099935	C	Uncharacterized protein	E7EPI4_HUMAN|IPI00927755|L1CAM	protein	taxon:9606	20120107	ENSEMBL
UniProtKB	E7ER21	PDCD1		GO:0009897	GO_REF:0000019|Ensembl:ENSMUSP00000027507	IEA	Ensembl:ENSMUSP00000027507	C	Uncharacterized protein	E7ER21_HUMAN|IPI00893105|PDCD1	protein	taxon:9606	20120107	ENSEMBL
UniProtKB	E7ERZ9	CD36		GO:0009897	GO_REF:0000019|Ensembl:ENSMUSP00000131832	IEA	Ensembl:ENSMUSP00000131832	C	Uncharacterized protein	CD36|E7ERZ9_HUMAN|IPI00926723	protein	taxon:9606	20120107	ENSEMBL
UniProtKB	E7ESP4	ITGA2		GO:0009897	GO_REF:0000019|Ensembl:ENSMUSP00000053891	IEA	Ensembl:ENSMUSP00000053891	C	Uncharacterized protein	E7ESP4_HUMAN|IPI00964154|ITGA2	protein	taxon:9606	20120107	ENSEMBL
UniProtKB	E7ETN5	CD86		GO:0009897	GO_REF:0000019|Ensembl:ENSMUSP00000087047	IEA	Ensembl:ENSMUSP00000087047	C	Uncharacterized protein	CD86|E7ETN5_HUMAN|IPI00947161	protein	taxon:9606	20120107	ENSEMBL
UniProtKB	E7EU05	CD36		GO:0009897	GO_REF:0000019|Ensembl:ENSMUSP00000131832	IEA	Ensembl:ENSMUSP00000131832	C	Uncharacterized protein	CD36|E7EU05_HUMAN|IPI00924451	protein	taxon:9606	20120107	ENSEMBL
UniProtKB	E7EWI4	CD36		GO:0009897	GO_REF:0000019|Ensembl:ENSMUSP00000131832	IEA	Ensembl:ENSMUSP00000131832	C	Uncharacterized protein	CD36|E7EWI4_HUMAN|IPI01012524	protein	taxon:9606	20120107	ENSEMBL
UniProtKB	E7EX47	CD36		GO:0009897	GO_REF:0000019|Ensembl:ENSMUSP00000131832	IEA	Ensembl:ENSMUSP00000131832	C	Uncharacterized protein	CD36|E7EX47_HUMAN|IPI01015458	protein	taxon:9606	20120107	ENSEMBL
UniProtKB	E7EX72	P2RX7		GO:0009897	GO_REF:0000019|Ensembl:ENSMUSP00000098303	IEA	Ensembl:ENSMUSP00000098303	C	P2X purinoceptor	E7EX72_HUMAN|IPI00654863|P2RX7	protein	taxon:9606	20120107	ENSEMBL
UniProtKB	E9PC45	CD36		GO:0009897	GO_REF:0000019|Ensembl:ENSMUSP00000131832	IEA	Ensembl:ENSMUSP00000131832	C	Uncharacterized protein	CD36|E9PC45_HUMAN|IPI01008866	protein	taxon:9606	20120107	ENSEMBL
UniProtKB	E9PER2	ICAM1		GO:0009897	GO_REF:0000019|Ensembl:ENSMUSP00000083587	IEA	Ensembl:ENSMUSP00000083587	C	Uncharacterized protein	E9PER2_HUMAN|ICAM1|IPI00910734	protein	taxon:9606	20120107	ENSEMBL
UniProtKB	E9PHJ4	L1CAM		GO:0009897	GO_REF:0000019|Ensembl:ENSMUSP00000099935	IEA	Ensembl:ENSMUSP00000099935	C	Uncharacterized protein	E9PHJ4_HUMAN|IPI00924481|L1CAM	protein	taxon:9606	20120107	ENSEMBL
UniProtKB	E9PHZ5	CTSB		GO:0009897	GO_REF:0000019|Ensembl:ENSRNOP00000014178	IEA	Ensembl:ENSRNOP00000014178	C	Uncharacterized protein	CTSB|E9PHZ5_HUMAN|IPI00984553	protein	taxon:9606	20120107	ENSEMBL
UniProtKB	E9PID0	CTSB		GO:0009897	GO_REF:0000019|Ensembl:ENSRNOP00000014178	IEA	Ensembl:ENSRNOP00000014178	C	Uncharacterized protein	CTSB|E9PID0_HUMAN|IPI00984007	protein	taxon:9606	20120107	ENSEMBL
UniProtKB	E9PIM6	THY1		GO:0009897	GO_REF:0000019|Ensembl:ENSMUSP00000110489	IEA	Ensembl:ENSMUSP00000110489	C	Uncharacterized protein	E9PIM6_HUMAN|IPI00984778|THY1	protein	taxon:9606	20120107	ENSEMBL
UniProtKB	E9PIS1	CTSB		GO:0009897	GO_REF:0000019|Ensembl:ENSRNOP00000014178	IEA	Ensembl:ENSRNOP00000014178	C	Uncharacterized protein	CTSB|E9PIS1_HUMAN|IPI00976313	protein	taxon:9606	20120107	ENSEMBL
UniProtKB	E9PJ67	CTSB		GO:0009897	GO_REF:0000019|Ensembl:ENSRNOP00000014178	IEA	Ensembl:ENSRNOP00000014178	C	Uncharacterized protein	CTSB|E9PJ67_HUMAN|IPI00981711	protein	taxon:9606	20120107	ENSEMBL
UniProtKB	E9PJG1	ECE1		GO:0009897	GO_REF:0000019|Ensembl:ENSRNOP00000019231	IEA	Ensembl:ENSRNOP00000019231	C	Uncharacterized protein	E9PJG1_HUMAN|ECE1|IPI00984937	protein	taxon:9606	20120107	ENSEMBL
UniProtKB	E9PJX8	CD36		GO:0009897	GO_REF:0000019|Ensembl:ENSMUSP00000131832	IEA	Ensembl:ENSMUSP00000131832	C	Uncharacterized protein	CD36|E9PJX8_HUMAN|IPI01010516	protein	taxon:9606	20120107	ENSEMBL
UniProtKB	E9PKC6	CD44		GO:0009897	GO_REF:0000019|Ensembl:ENSMUSP00000005218	IEA	Ensembl:ENSMUSP00000005218	C	Uncharacterized protein	CD44|E9PKC6_HUMAN|IPI00976254	protein	taxon:9606	20120107	ENSEMBL
UniProtKB	E9PKQ7	CTSB		GO:0009897	GO_REF:0000019|Ensembl:ENSRNOP00000014178	IEA	Ensembl:ENSRNOP00000014178	C	Uncharacterized protein	CTSB|E9PKQ7_HUMAN|IPI00983480	protein	taxon:9606	20120107	ENSEMBL
UniProtKB	E9PKR1	KCNJ5		GO:0009897	GO_REF:0000019|Ensembl:ENSRNOP00000048134	IEA	Ensembl:ENSRNOP00000048134	C	Uncharacterized protein	E9PKR1_HUMAN|IPI00981047|KCNJ5	protein	taxon:9606	20120107	ENSEMBL
UniProtKB	E9PKX0	CTSB		GO:0009897	GO_REF:0000019|Ensembl:ENSRNOP00000014178	IEA	Ensembl:ENSRNOP00000014178	C	Uncharacterized protein	CTSB|E9PKX0_HUMAN|IPI00980515	protein	taxon:9606	20120107	ENSEMBL
UniProtKB	E9PL32	CTSB		GO:0009897	GO_REF:0000019|Ensembl:ENSRNOP00000014178	IEA	Ensembl:ENSRNOP00000014178	C	Uncharacterized protein	CTSB|E9PL32_HUMAN|IPI00975638	protein	taxon:9606	20120107	ENSEMBL
UniProtKB	E9PLJ1	MS4A2		GO:0009897	GO_REF:0000019|Ensembl:ENSMUSP00000127373	IEA	Ensembl:ENSMUSP00000127373	C	Uncharacterized protein	E9PLJ1_HUMAN|IPI00915397|MS4A2	protein	taxon:9606	20120107	ENSEMBL
UniProtKB	E9PLT1	CD36		GO:0009897	GO_REF:0000019|Ensembl:ENSMUSP00000131832	IEA	Ensembl:ENSMUSP00000131832	C	Uncharacterized protein	CD36|E9PLT1_HUMAN|IPI01008888	protein	taxon:9606	20120107	ENSEMBL
UniProtKB	E9PLY3	CTSB		GO:0009897	GO_REF:0000019|Ensembl:ENSRNOP00000014178	IEA	Ensembl:ENSRNOP00000014178	C	Uncharacterized protein	CTSB|E9PLY3_HUMAN|IPI00978678	protein	taxon:9606	20120107	ENSEMBL
UniProtKB	E9PN99	ECE1		GO:0009897	GO_REF:0000019|Ensembl:ENSRNOP00000019231	IEA	Ensembl:ENSRNOP00000019231	C	Uncharacterized protein	E9PN99_HUMAN|ECE1|IPI00976916	protein	taxon:9606	20120107	ENSEMBL
UniProtKB	E9PNL5	CTSB		GO:0009897	GO_REF:0000019|Ensembl:ENSRNOP00000014178	IEA	Ensembl:ENSRNOP00000014178	C	Uncharacterized protein	CTSB|E9PNL5_HUMAN|IPI00983365	protein	taxon:9606	20120107	ENSEMBL
UniProtKB	E9PPL9	PTPRC		GO:0009897	GO_REF:0000019|Ensembl:ENSMUSP00000074352	IEA	Ensembl:ENSMUSP00000074352	C	Uncharacterized protein	E9PPL9_HUMAN|IPI01014395|PTPRC	protein	taxon:9606	20120107	ENSEMBL
UniProtKB	E9PQM1	CTSB		GO:0009897	GO_REF:0000019|Ensembl:ENSRNOP00000014178	IEA	Ensembl:ENSRNOP00000014178	C	Uncharacterized protein	CTSB|E9PQM1_HUMAN|IPI01011636	protein	taxon:9606	20120107	ENSEMBL
UniProtKB	E9PR00	CTSB		GO:0009897	GO_REF:0000019|Ensembl:ENSRNOP00000014178	IEA	Ensembl:ENSRNOP00000014178	C	Uncharacterized protein	CTSB|E9PR00_HUMAN|IPI00984542	protein	taxon:9606	20120107	ENSEMBL
UniProtKB	E9PR54	CTSB		GO:0009897	GO_REF:0000019|Ensembl:ENSRNOP00000014178	IEA	Ensembl:ENSRNOP00000014178	C	Uncharacterized protein	CTSB|E9PR54_HUMAN|IPI00982855	protein	taxon:9606	20120107	ENSEMBL
UniProtKB	E9PS78	CTSB		GO:0009897	GO_REF:0000019|Ensembl:ENSRNOP00000014178	IEA	Ensembl:ENSRNOP00000014178	C	Uncharacterized protein	CTSB|E9PS78_HUMAN|IPI00982206	protein	taxon:9606	20120107	ENSEMBL
UniProtKB	E9PSG5	CTSB		GO:0009897	GO_REF:0000019|Ensembl:ENSRNOP00000014178	IEA	Ensembl:ENSRNOP00000014178	C	Uncharacterized protein	CTSB|E9PSG5_HUMAN|IPI00976781	protein	taxon:9606	20120107	ENSEMBL
UniProtKB	F5GXE6	SCNN1A		GO:0009897	GO_REF:0000019|Ensembl:ENSMUSP00000080164	IEA	Ensembl:ENSMUSP00000080164	C	Uncharacterized protein	F5GXE6_HUMAN|IPI00796903|SCNN1A	protein	taxon:9606	20120107	ENSEMBL
UniProtKB	F5GXJ9	ALCAM		GO:0009897	GO_REF:0000019|Ensembl:ENSMUSP00000023312	IEA	Ensembl:ENSMUSP00000023312	C	Uncharacterized protein	ALCAM|F5GXJ9_HUMAN|IPI00795504	protein	taxon:9606	20120107	ENSEMBL
UniProtKB	F5GYA9	CD4		GO:0009897	GO_REF:0000019|Ensembl:ENSMUSP00000024044	IEA	Ensembl:ENSMUSP00000024044	C	Uncharacterized protein	CD4|F5GYA9_HUMAN|IPI01009643	protein	taxon:9606	20120107	ENSEMBL
UniProtKB	F5GYX3	SEMA7A		GO:0009897	GO_REF:0000019|Ensembl:ENSMUSP00000042211	IEA	Ensembl:ENSMUSP00000042211	C	Uncharacterized protein	F5GYX3_HUMAN|IPI00925507|SEMA7A	protein	taxon:9606	20120107	ENSEMBL
UniProtKB	F5H111	L1CAM		GO:0009897	GO_REF:0000019|Ensembl:ENSMUSP00000099935	IEA	Ensembl:ENSMUSP00000099935	C	Uncharacterized protein	F5H111_HUMAN|IPI01016031|L1CAM	protein	taxon:9606	20120107	ENSEMBL
UniProtKB	F5H635	CD19		GO:0009897	GO_REF:0000019|Ensembl:ENSMUSP00000032968	IEA	Ensembl:ENSMUSP00000032968	C	Uncharacterized protein	CD19|F5H635_HUMAN|IPI00980816	protein	taxon:9606	20120107	ENSEMBL
UniProtKB	F6Q0M4	TNFRSF14		GO:0009897	GO_REF:0000019|Ensembl:ENSMUSP00000045240	IEA	Ensembl:ENSMUSP00000045240	C	Uncharacterized protein	F6Q0M4_HUMAN|TNFRSF14	protein	taxon:9606	20120107	ENSEMBL
UniProtKB	F6UPZ7	TNFRSF14		GO:0009897	GO_REF:0000019|Ensembl:ENSMUSP00000045240	IEA	Ensembl:ENSMUSP00000045240	C	Uncharacterized protein	F6UPZ7_HUMAN|TNFRSF14	protein	taxon:9606	20120107	ENSEMBL
UniProtKB	O00206	TLR4		GO:0009897	PMID:16514062	IDA		C	Toll-like receptor 4	A8K1Y8|A9XLP9|A9XLQ0|A9XLQ1|B4E194|IPI00008673|IPI00374265|IPI00914904|Q5VZI8|Q5VZI9|Q9UK78|Q9UM57|TLR4|TLR4_HUMAN	protein	taxon:9606	20090204	BHF-UCL
UniProtKB	O14836	TNFRSF13B		GO:0009897	GO_REF:0000019|Ensembl:ENSMUSP00000010286	IEA	Ensembl:ENSMUSP00000010286	C	Tumor necrosis factor receptor superfamily member 13B	B2R8B0|IPI00018362|IPI00385403|Q32LX4|Q7Z6F5|TACI|TNFRSF13B|TR13B_HUMAN	protein	taxon:9606	20120107	ENSEMBL
UniProtKB	O60609	GFRA3		GO:0009897	GO_REF:0000019|Ensembl:ENSMUSP00000025224	IEA	Ensembl:ENSMUSP00000025224	C	GDNF family receptor alpha-3	B2RA36|B4DMY9|GFRA3|GFRA3_HUMAN|IPI00445716|IPI00445717|Q6UW20|Q8IUZ2|UNQ339/PRO538/PRO3664	protein	taxon:9606	20120107	ENSEMBL
UniProtKB	O60911	CTSL2		GO:0009897	GO_REF:0000019|Ensembl:ENSRNOP00000025462	IEA	Ensembl:ENSRNOP00000025462	C	Cathepsin L2	CATL2|CATL2_HUMAN|CTSL2|CTSU|CTSV|IPI00000013|O60233|Q2TB86|Q5T1U0|UNQ268/PRO305	protein	taxon:9606	20120107	ENSEMBL
UniProtKB	O75326	SEMA7A		GO:0009897	GO_REF:0000024|UniProtKB:Q9QUR8	ISS	UniProtKB:Q9QUR8	C	Semaphorin-7A	CD108|IPI00025257|Q1XE81|Q1XE82|Q1XE83|Q1XE84|Q3MIY5|SEM7A_HUMAN|SEMA7A|SEMAL	protein	taxon:9606	20101124	UniProtKB
UniProtKB	O75487	GPC4		GO:0009897	PMID:10585884	IDA		C	Glypican-4	B2R6J7|GPC4|GPC4_HUMAN|IPI00232571|Q6ZMA6|Q96L43|Q9NU08|Q9UJN1|Q9UPD9|UNQ474/PRO937	protein	taxon:9606	20100601	MGI
UniProtKB	O75787	ATP6AP2		GO:0009897	PMID:12045255	IDA		C	Renin receptor	ATP6AP2|ATP6IP2|CAPER|ELDF10|HT028|IPI00168884|MSTP009|PSEC0072|Q5QTQ7|Q6T7F5|Q8NBP3|Q8NG15|Q96FV6|Q96LB5|Q9H2P8|Q9UG89|RENR_HUMAN	protein	taxon:9606	20070105	HGNC
UniProtKB	O75787	ATP6AP2		GO:0009897	PMID:15746149	IDA		C	Renin receptor	ATP6AP2|ATP6IP2|CAPER|ELDF10|HT028|IPI00168884|MSTP009|PSEC0072|Q5QTQ7|Q6T7F5|Q8NBP3|Q8NG15|Q96FV6|Q96LB5|Q9H2P8|Q9UG89|RENR_HUMAN	protein	taxon:9606	20070129	HGNC
UniProtKB	O75888	TNFSF13		GO:0009897	GO_REF:0000019|Ensembl:ENSMUSP00000104288	IEA	Ensembl:ENSMUSP00000104288	C	Tumor necrosis factor ligand superfamily member 13	APRIL|IPI00027239|IPI00218935|IPI00218937|Q5U0G8|Q96HV6|Q9P1M8|Q9P1M9|TALL2|TNF13_HUMAN|TNFSF13|UNQ383/PRO715|ZTNF2	protein	taxon:9606	20120107	ENSEMBL
UniProtKB	O96005	CLPTM1		GO:0009897	GO_REF:0000024|UniProtKB:Q8VBZ3	ISS	UniProtKB:Q8VBZ3	C	Cleft lip and palate transmembrane protein 1	CLPT1_HUMAN|CLPTM1|IPI00107357|IPI00396411|Q53ET6|Q9BSS5	protein	taxon:9606	20071212	BHF-UCL
UniProtKB	P00813	ADA		GO:0009897	PMID:16670267	IDA		C	Adenosine deaminase	ADA|ADA1|ADA_HUMAN|IPI00296441|Q53F92|Q6LA59	protein	taxon:9606	20080403	UniProtKB
UniProtKB	P00813	ADA		GO:0009897	PMID:7759315	IDA		C	Adenosine deaminase	ADA|ADA1|ADA_HUMAN|IPI00296441|Q53F92|Q6LA59	protein	taxon:9606	20080403	UniProtKB
UniProtKB	P01130	LDLR		GO:0009897	PMID:15166224	IDA		C	Low-density lipoprotein receptor	C0JYY8|IPI00000070|LDLR|LDLR_HUMAN|Q53ZD9|Q9UDH7	protein	taxon:9606	20100609	BHF-UCL
UniProtKB	P01375	TNF		GO:0009897	GO_REF:0000024|UniProtKB:P06804	ISS	UniProtKB:P06804	C	Tumor necrosis factor	IPI00001671|O43647|Q9P1Q2|Q9UIV3|TNF|TNFA|TNFA_HUMAN|TNFSF2	protein	taxon:9606	20080130	BHF-UCL
UniProtKB	P01589	IL2RA		GO:0009897	GO_REF:0000019|Ensembl:ENSMUSP00000028111	IEA	Ensembl:ENSMUSP00000028111	C	Interleukin-2 receptor subunit alpha	IL2RA|IL2RA_HUMAN|IPI00003101|Q5W007	protein	taxon:9606	20120107	ENSEMBL
UniProtKB	P01730	CD4		GO:0009897	PMID:17213291	IDA		C	T-cell surface glycoprotein CD4	B2R737|CD4|CD4_HUMAN|D3DUS5|IPI00003983|Q4ZGK2|Q5U066|Q9UDE5	protein	taxon:9606	20111128	MGI
UniProtKB	P01732	CD8A		GO:0009897	PMID:17213291	IDA		C	T-cell surface glycoprotein CD8 alpha chain	CD8A|CD8A_HUMAN|D6W5M8|IPI00016781|IPI00941413|MAL|Q13970|Q4ZG17	protein	taxon:9606	20111128	MGI
UniProtKB	P02671	FGA		GO:0009897	PMID:6777381	IDA		C	Fibrinogen alpha chain	D3DP14|D3DP15|FGA|FIBA_HUMAN|IPI00021885|IPI00029717|Q4QQH7|Q9BX62|Q9UCH2	protein	taxon:9606	20080928	BHF-UCL
UniProtKB	P02675	FGB		GO:0009897	PMID:6777381	IDA		C	Fibrinogen beta chain	B2R7G3|FGB|FIBB_HUMAN|IPI00298497|Q3KPF2	protein	taxon:9606	20080928	BHF-UCL
UniProtKB	P02679	FGG		GO:0009897	PMID:6777381	IDA		C	Fibrinogen gamma chain	A8K057|FGG|FIBG_HUMAN|IPI00021891|IPI00219713|P04469|P04470|PRO2061|Q53Y18|Q96A14|Q96KJ3|Q9UC62|Q9UC63|Q9UCF3	protein	taxon:9606	20080928	BHF-UCL
UniProtKB	P02724	GYPA		GO:0009897	GO_REF:0000019|Ensembl:ENSMUSP00000070836	IEA	Ensembl:ENSMUSP00000070836	C	Glycophorin-A	A8K3E6|GLPA_HUMAN|GPA|GYPA|IPI00298800|Q9BS51	protein	taxon:9606	20120107	ENSEMBL
UniProtKB	P02778	CXCL10		GO:0009897	GO_REF:0000019|Ensembl:ENSMUSP00000047646	IEA	Ensembl:ENSMUSP00000047646	C	C-X-C motif chemokine 10	CXCL10|CXL10_HUMAN|INP10|IPI00022448|Q96QJ5|SCYB10	protein	taxon:9606	20120107	ENSEMBL
UniProtKB	P04216	THY1		GO:0009897	GO_REF:0000024|UniProtKB:P01831	ISS	UniProtKB:P01831	C	Thy-1 membrane glycoprotein	IPI00022892|Q16008|Q9NSP1|THY1|THY1_HUMAN	protein	taxon:9606	20060103	UniProtKB
UniProtKB	P04233	CD74		GO:0009897	GO_REF:0000019|Ensembl:ENSMUSP00000095171	IEA	Ensembl:ENSMUSP00000095171	C	HLA class II histocompatibility antigen gamma chain	A8K7R1|B4DNE8|CD74|D3DQG3|D3DQG4|DHLAG|HG2A_HUMAN|IPI00022933|IPI00217775|IPI00607573|Q14597|Q29832|Q5U0J8|Q8SNA0|Q8WLP6	protein	taxon:9606	20120107	ENSEMBL
UniProtKB	P04275	VWF		GO:0009897	GO_REF:0000019|Ensembl:ENSMUSP00000107873	IEA	Ensembl:ENSMUSP00000107873	C	von Willebrand factor	F8VWF|IPI00023014|Q99806|VWF|VWF_HUMAN	protein	taxon:9606	20120107	ENSEMBL
UniProtKB	P05106	ITGB3		GO:0009897	GO_REF:0000019|Ensembl:ENSMUSP00000021028	IEA	Ensembl:ENSMUSP00000021028	C	Integrin beta-3	A0PJW2|D3DXJ8|GP3A|IPI00220350|IPI00220351|IPI00303283|ITB3_HUMAN|ITGB3|O15495|Q12806|Q13413|Q14648|Q16499	protein	taxon:9606	20120107	ENSEMBL
UniProtKB	P05112	IL4		GO:0009897	GO_REF:0000019|Ensembl:ENSMUSP00000000889	IEA	Ensembl:ENSMUSP00000000889	C	Interleukin-4	IL4|IL4_HUMAN|IPI00007081|IPI00217945|Q14630	protein	taxon:9606	20120107	ENSEMBL
UniProtKB	P05154	SERPINA5		GO:0009897	PMID:9556620	IDA		C	Plasma serine protease inhibitor	IPI00007221|IPSP_HUMAN|PCI|PLANH3|PROCI|Q07616|Q9UG30|SERPINA5	protein	taxon:9606	20111010	UniProtKB
UniProtKB	P05231	IL6		GO:0009897	GO_REF:0000019|Ensembl:ENSMUSP00000026845	IEA	Ensembl:ENSMUSP00000026845	C	Interleukin-6	IFNB2|IL6|IL6_HUMAN|IPI00007793|Q9UCU2|Q9UCU3|Q9UCU4	protein	taxon:9606	20120107	ENSEMBL
UniProtKB	P05362	ICAM1		GO:0009897	GO_REF:0000019|Ensembl:ENSMUSP00000083587	IEA	Ensembl:ENSMUSP00000083587	C	Intercellular adhesion molecule 1	B2R6M3|ICAM1|ICAM1_HUMAN|IPI00008494|Q5NKV7|Q96B50	protein	taxon:9606	20120107	ENSEMBL
UniProtKB	P06127	CD5		GO:0009897	GO_REF:0000019|Ensembl:ENSMUSP00000025571	IEA	Ensembl:ENSMUSP00000025571	C	T-cell surface glycoprotein CD5	A0N0P4|A8K9I3|CD5|CD5_HUMAN|IPI00025383|LEU1	protein	taxon:9606	20120107	ENSEMBL
UniProtKB	P06729	CD2		GO:0009897	PMID:21460847	IDA		C	T-cell surface antigen CD2	CD2|CD2_HUMAN|IPI00027484|Q96TE5|SRBC	protein	taxon:9606	20111019	MGI
UniProtKB	P06734	FCER2		GO:0009897	GO_REF:0000019|Ensembl:ENSMUSP00000005678	IEA	Ensembl:ENSMUSP00000005678	C	Low affinity immunoglobulin epsilon Fc receptor	CD23A|CLEC4J|FCE2|FCER2|FCER2_HUMAN|IGEBF|IPI00027491|IPI00217263	protein	taxon:9606	20120107	ENSEMBL
UniProtKB	P06756	ITGAV		GO:0009897	GO_REF:0000019|Ensembl:ENSMUSP00000028499	IEA	Ensembl:ENSMUSP00000028499	C	Integrin alpha-V	A0AV67|B0LPF4|D3DPG8|IPI00027505|IPI00555991|ITAV_HUMAN|ITGAV|MSK8|Q53SK4|Q59EB7|Q6LD15|VNRA	protein	taxon:9606	20120107	ENSEMBL
UniProtKB	P07766	CD3E		GO:0009897	PMID:11390434	IDA		C	T-cell surface glycoprotein CD3 epsilon chain	A8K997|CD3E|CD3E_HUMAN|IPI00012923|T3E	protein	taxon:9606	20101102	MGI
UniProtKB	P07766	CD3E		GO:0009897	PMID:17213291	IDA		C	T-cell surface glycoprotein CD3 epsilon chain	A8K997|CD3E|CD3E_HUMAN|IPI00012923|T3E	protein	taxon:9606	20111128	MGI
UniProtKB	P07858	CTSB		GO:0009897	GO_REF:0000019|Ensembl:ENSRNOP00000014178	IEA	Ensembl:ENSRNOP00000014178	C	Cathepsin B	B3KQR5|B3KRR5|CATB_HUMAN|CPSB|CTSB|IPI00295741|Q503A6|Q96D87	protein	taxon:9606	20120107	ENSEMBL
UniProtKB	P07996	THBS1		GO:0009897	PMID:6777381	IDA		C	Thrombospondin-1	A8K6H4|B9EGH6|IPI00296099|Q15667|THBS1|TSP|TSP1|TSP1_HUMAN	protein	taxon:9606	20080928	BHF-UCL
UniProtKB	P08514	ITGA2B		GO:0009897	GO_REF:0000019|Ensembl:ENSMUSP00000099375	IEA	Ensembl:ENSMUSP00000099375	C	Integrin alpha-IIb	B2RCY8|GP2B|IPI00218628|IPI00218629|IPI00295976|ITA2B_HUMAN|ITGA2B|ITGAB|O95366|Q14443|Q17R67	protein	taxon:9606	20120107	ENSEMBL
UniProtKB	P08575	PTPRC		GO:0009897	PMID:17213291	IDA		C	Receptor-type tyrosine-protein phosphatase C	A8K7W6|CD45|IPI00155168|IPI00844079|PTPRC|PTPRC_HUMAN|Q16614|Q9H0Y6	protein	taxon:9606	20111129	MGI
UniProtKB	P08637	FCGR3A		GO:0009897	PMID:10706735	IDA		C	Low affinity immunoglobulin gamma Fc region receptor III-A	A2N6W9|CD16A|FCG3|FCG3A_HUMAN|FCGR3|FCGR3A|IGFR3|IPI00218834|Q53FJ0|Q53FL6|Q5EBR4|Q65ZM6|Q6PIJ0	protein	taxon:9606	20111209	UniProtKB
UniProtKB	P08648	ITGA5		GO:0009897	GO_REF:0000019|Ensembl:ENSMUSP00000023128	IEA	Ensembl:ENSMUSP00000023128	C	Integrin alpha-5	FNRA|IPI00306604|ITA5_HUMAN|ITGA5|Q96HA5	protein	taxon:9606	20120107	ENSEMBL
UniProtKB	P08758	ANXA5		GO:0009897	GO_REF:0000019|Ensembl:ENSMUSP00000029266	IEA	Ensembl:ENSMUSP00000029266	C	Annexin A5	ANX5|ANXA5|ANXA5_HUMAN|D3DNW7|ENX2|IPI00329801|PP4|Q6FHB3|Q6FI16|Q8WV69|Q9UDH9	protein	taxon:9606	20120107	ENSEMBL
UniProtKB	P09326	CD48		GO:0009897	GO_REF:0000019|Ensembl:ENSMUSP00000015499	IEA	Ensembl:ENSMUSP00000015499	C	CD48 antigen	BCM1|BLAST1|CD48|CD48_HUMAN|IPI00013831|Q5U055	protein	taxon:9606	20120107	ENSEMBL
UniProtKB	P10721	KIT		GO:0009897	GO_REF:0000019|Ensembl:ENSMUSP00000005815	IEA	Ensembl:ENSMUSP00000005815	C	Mast/stem cell growth factor receptor Kit	B5A956|D5LXN2|D5M931|F5H8F8|IPI00022296|IPI00848233|KIT|KIT_HUMAN|Q6IQ28|Q99662|Q9UM99|SCFR	protein	taxon:9606	20120107	ENSEMBL
UniProtKB	P10747	CD28		GO:0009897	PMID:11390434	IDA		C	T-cell-specific surface glycoprotein CD28	A8KAC1|CD28|CD28_HUMAN|IPI00022339|IPI00215639|IPI00215640|IPI00215641|IPI00215643|IPI00215645|Q13964|Q52M23|Q8NI54|Q8NI55|Q8NI56|Q8WXJ2|Q9BYV0	protein	taxon:9606	20101102	MGI
UniProtKB	P11279	LAMP1		GO:0009897	GO_REF:0000019|Ensembl:ENSMUSP00000033824	IEA	Ensembl:ENSMUSP00000033824	C	Lysosome-associated membrane glycoprotein 1	IPI00884105|LAMP1|LAMP1_HUMAN|Q8WU33|Q96I40|Q9BRD2|Q9NP13	protein	taxon:9606	20120107	ENSEMBL
UniProtKB	P11836	MS4A1		GO:0009897	GO_REF:0000019|Ensembl:ENSMUSP00000126422	IEA	Ensembl:ENSMUSP00000126422	C	B-lymphocyte antigen CD20	A6NMS4|CD20|CD20_HUMAN|IPI00007880|MS4A1|P08984|Q13963	protein	taxon:9606	20120107	ENSEMBL
UniProtKB	P11912	CD79A		GO:0009897	GO_REF:0000024|UniProtKB:P11911	ISS	UniProtKB:P11911	C	B-cell antigen receptor complex-associated protein alpha chain	CD79A|CD79A_HUMAN|IGA|IPI00008473|IPI00218322|MB1|Q53FB8	protein	taxon:9606	20070802	UniProtKB
UniProtKB	P12319	FCER1A		GO:0009897	GO_REF:0000019|Ensembl:ENSMUSP00000056882	IEA	Ensembl:ENSMUSP00000056882	C	High affinity immunoglobulin epsilon receptor subunit alpha	FCE1A|FCER1A|FCERA_HUMAN|IPI00549768	protein	taxon:9606	20120107	ENSEMBL
UniProtKB	P12821	ACE		GO:0009897	PMID:9449382	IDA		C	Angiotensin-converting enzyme	ACE|ACE_HUMAN|B0LPF0|DCP|DCP1|IPI00028147|IPI00437751|IPI00877100|P22966|Q53YX9|Q59GY8|Q7M4L4	protein	taxon:9606	20080903	BHF-UCL
UniProtKB	P13591	NCAM1		GO:0009897	PMID:17213291	IDA		C	Neural cell adhesion molecule 1	A8K8T8|IPI00220737|IPI00411478|IPI00435020|IPI00795918|IPI00900302|IPI00900340|NCAM|NCAM1|NCAM1_HUMAN|P13592|P13593|Q05C58|Q15829|Q16180|Q16209|Q59FL7|Q86X47|Q96CJ3	protein	taxon:9606	20111128	MGI
UniProtKB	P13612	ITGA4		GO:0009897	GO_REF:0000019|Ensembl:ENSMUSP00000099718	IEA	Ensembl:ENSMUSP00000099718	C	Integrin alpha-4	CD49D|D3DPG4|IPI00009803|ITA4_HUMAN|ITGA4	protein	taxon:9606	20120107	ENSEMBL
UniProtKB	P13761	HLA-DRB1		GO:0009897	PMID:20543955	IDA		C	HLA class II histocompatibility antigen, DRB1-7 beta chain	2B17_HUMAN|B0UYW1|HLA-DRB1|IPI00465279|O46699|O46872	protein	taxon:9606	20111212	UniProtKB
UniProtKB	P14151	SELL		GO:0009897	GO_REF:0000019|Ensembl:ENSMUSP00000125869	IEA	Ensembl:ENSMUSP00000125869	C	L-selectin	B2R6Q8|IPI00218795|LNHR|LYAM1|LYAM1_HUMAN|P15023|SELL	protein	taxon:9606	20120107	ENSEMBL
UniProtKB	P14672	SLC2A4		GO:0009897	PMID:14562105	IDA		C	Solute carrier family 2, facilitated glucose transporter member 4	GLUT4|GTR4_HUMAN|IPI00027281|Q14CX2|SLC2A4	protein	taxon:9606	20060726	MGI
UniProtKB	P14784	IL2RB		GO:0009897	GO_REF:0000024|UniProtKB:P16297	ISS	UniProtKB:P16297	C	Interleukin-2 receptor subunit beta	B2R765|IL2RB|IL2RB_HUMAN|IPI00878728	protein	taxon:9606	20051209	UniProtKB
UniProtKB	P15291	B4GALT1		GO:0009897	PMID:3917437	IDA		C	Beta-1,4-galactosyltransferase 1	B2R710|B4GALT1|B4GT1_HUMAN|D3DRL2|GGTB2|IPI00215767|IPI00759755|Q12909|Q12910|Q12911|Q14456|Q14509|Q14523	protein	taxon:9606	20070329	UniProtKB
UniProtKB	P15391	CD19		GO:0009897	PMID:17213291	IDA		C	B-lymphocyte antigen CD19	A0N0P9|CD19|CD19_HUMAN|IPI00305031|Q96S68|Q9BRD6	protein	taxon:9606	20111128	MGI
UniProtKB	P15391	CD19		GO:0009897	PMID:20660734	IDA		C	B-lymphocyte antigen CD19	A0N0P9|CD19|CD19_HUMAN|IPI00305031|Q96S68|Q9BRD6	protein	taxon:9606	20110510	MGI
UniProtKB	P16109	SELP		GO:0009897	PMID:16514062	IDA		C	P-selectin	GMRP|GRMP|IPI00295339|LYAM3_HUMAN|Q5R344|Q8IVD1|SELP	protein	taxon:9606	20090204	BHF-UCL
UniProtKB	P16150	SPN		GO:0009897	GO_REF:0000019|Ensembl:ENSMUSP00000049534	IEA	Ensembl:ENSMUSP00000049534	C	Leukosialin	CD43|IPI00027430|LEUK_HUMAN|SPN	protein	taxon:9606	20120107	ENSEMBL
UniProtKB	P16410	CTLA4		GO:0009897	PMID:18641304	IDA		C	Cytotoxic T-lymphocyte protein 4	A0N1S0|CD152|CTLA4|CTLA4_HUMAN|E9PDH0|IPI00028559|IPI00604432|IPI00945919|IPI01018238|Q0PP65|Q52MC1|Q53TD5|Q5S005|Q8WXJ1|Q96P43|Q9UKN9	protein	taxon:9606	20081121	BHF-UCL
UniProtKB	P16671	CD36		GO:0009897	GO_REF:0000019|Ensembl:ENSMUSP00000131832	IEA	Ensembl:ENSMUSP00000131832	C	Platelet glycoprotein 4	CD36|CD36_HUMAN|GP3B|GP4|IPI00418495|Q13966|Q16093|Q8TCV7|Q9BPZ8|Q9BQC2|Q9BZM8|Q9BZN3|Q9BZN4|Q9BZN5	protein	taxon:9606	20120107	ENSEMBL
UniProtKB	P16871	IL7R		GO:0009897	GO_REF:0000019|Ensembl:ENSMUSP00000003981	IEA	Ensembl:ENSMUSP00000003981	C	Interleukin-7 receptor subunit alpha	B2RCS6|B4DVT1|IL7R|IL7RA_HUMAN|IPI00216518|IPI00292014|IPI00419824|IPI00963850|Q05CU8|Q6NSP4|Q6NWM0|Q6NWM1|Q6NWM2|Q6NWM3|Q6SV45|Q9UPC1	protein	taxon:9606	20120107	ENSEMBL
UniProtKB	P17301	ITGA2		GO:0009897	GO_REF:0000019|Ensembl:ENSMUSP00000053891	IEA	Ensembl:ENSMUSP00000053891	C	Integrin alpha-2	CD49B|IPI00013744|ITA2_HUMAN|ITGA2|Q14595	protein	taxon:9606	20120107	ENSEMBL
UniProtKB	P17787	CHRNB2		GO:0009897	GO_REF:0000024|UniProtKB:Q9ERK7	ISS	UniProtKB:Q9ERK7	C	Neuronal acetylcholine receptor subunit beta-2	ACHB2_HUMAN|CHRNB2|IPI00016869|Q9UEH9	protein	taxon:9606	20080623	UniProtKB
UniProtKB	P17813	ENG		GO:0009897	PMID:1537377	IDA		C	Endoglin	EGLN_HUMAN|END|ENG|IPI00017567|IPI00219625|Q14248|Q14926|Q5T9C0	protein	taxon:9606	20081107	BHF-UCL
UniProtKB	P18627	LAG3		GO:0009897	GO_REF:0000019|Ensembl:ENSMUSP00000032217	IEA	Ensembl:ENSMUSP00000032217	C	Lymphocyte activation gene 3 protein	A8K7T9|FDC|IPI00000881|LAG3|LAG3_HUMAN	protein	taxon:9606	20120107	ENSEMBL
UniProtKB	P19320	VCAM1		GO:0009897	PMID:1377228	IDA		C	Vascular cell adhesion protein 1	A8K6R7|IPI00018136|IPI00082827|L1CAM|Q6NUP8|VCAM1|VCAM1_HUMAN	protein	taxon:9606	20080620	BHF-UCL
UniProtKB	P20138	CD33		GO:0009897	PMID:20660734	IDA		C	Myeloid cell surface antigen CD33	CD33|CD33_HUMAN|IPI00022203|Q8TD24|SIGLEC3	protein	taxon:9606	20110510	MGI
UniProtKB	P20273	CD22		GO:0009897	GO_REF:0000019|Ensembl:ENSMUSP00000019248	IEA	Ensembl:ENSMUSP00000019248	C	B-cell receptor CD22	CD22|CD22_HUMAN|IPI00218390|IPI00295133|O95699|O95701|O95702|O95703|Q01665|Q92872|Q92873|Q9UQA6|Q9UQA7|Q9UQA8|Q9UQA9|Q9UQB0|Q9Y2A6|SIGLEC2	protein	taxon:9606	20120107	ENSEMBL
UniProtKB	P20701	ITGAL		GO:0009897	GO_REF:0000019|Ensembl:ENSMUSP00000113946	IEA	Ensembl:ENSMUSP00000113946	C	Integrin alpha-L	CD11A|IPI00025380|IPI00219896|ITAL_HUMAN|ITGAL|O43746|Q45H73|Q9UBC8	protein	taxon:9606	20120107	ENSEMBL
UniProtKB	P20702	ITGAX		GO:0009897	GO_REF:0000019|Ensembl:ENSMUSP00000033053	IEA	Ensembl:ENSMUSP00000033053	C	Integrin alpha-X	CD11C|IPI00479724|ITAX_HUMAN|ITGAX|Q8IVA6	protein	taxon:9606	20120107	ENSEMBL
UniProtKB	P21453	S1PR1		GO:0009897	GO_REF:0000019|Ensembl:ENSMUSP00000050897	IEA	Ensembl:ENSMUSP00000050897	C	Sphingosine 1-phosphate receptor 1	CHEDG1|D3DT66|EDG1|IPI00015343|Q9BYY4|Q9NYN8|S1PR1|S1PR1_HUMAN	protein	taxon:9606	20120107	ENSEMBL
UniProtKB	P23415	GLRA1		GO:0009897	GO_REF:0000019|Ensembl:ENSMUSP00000099777	IEA	Ensembl:ENSMUSP00000099777	C	Glycine receptor subunit alpha-1	B2R6T3|GLRA1|GLRA1_HUMAN|IPI00011565|IPI00795343|Q14C77|Q6DJV9	protein	taxon:9606	20120107	ENSEMBL
UniProtKB	P25445	FAS		GO:0009897	GO_REF:0000019|Ensembl:ENSMUSP00000025691	IEA	Ensembl:ENSMUSP00000025691	C	Tumor necrosis factor receptor superfamily member 6	A9UJX4|APT1|B6VNV4|FAS|FAS1|IPI00170811|IPI00216357|IPI00216358|IPI00216359|IPI00291314|IPI00744894|Q14292|Q14293|Q14294|Q14295|Q16652|Q5T9P1|Q5T9P2|Q6SSE9|TNFRSF6|TNR6_HUMAN	protein	taxon:9606	20120107	ENSEMBL
UniProtKB	P25942	CD40		GO:0009897	GO_REF:0000019|Ensembl:ENSMUSP00000017799	IEA	Ensembl:ENSMUSP00000017799	C	Tumor necrosis factor receptor superfamily member 5	CD40|E1P5S9|IPI00018282|IPI00218464|Q53GN5|Q5JY15|Q5U007|Q7M4Q8|Q86YK5|Q9BYU0|TNFRSF5|TNR5_HUMAN	protein	taxon:9606	20120107	ENSEMBL
UniProtKB	P26718	KLRK1		GO:0009897	GO_REF:0000019|Ensembl:ENSMUSP00000032252	IEA	Ensembl:ENSMUSP00000032252	C	NKG2-D type II integral membrane protein	A8K7K5|A8K7P4|D12S2489E|IPI00473104|KLRK1|NKG2D|NKG2D_HUMAN|Q9NR41	protein	taxon:9606	20120107	ENSEMBL
UniProtKB	P27797	CALR		GO:0009897	GO_REF:0000019|Ensembl:ENSMUSP00000003912	IEA	Ensembl:ENSMUSP00000003912	C	Calreticulin	CALR|CALR_HUMAN|CRTC|IPI00020599|Q6IAT4|Q9UDG2	protein	taxon:9606	20120107	ENSEMBL
UniProtKB	P28906	CD34		GO:0009897	PMID:15249540|GO:0016337	IC	GO:0016337	C	Hematopoietic progenitor cell antigen CD34	A8K664|CD34|CD34_HUMAN|IPI00006070|IPI00299994|Q15970|Q15971|Q5JTA3|Q5JTA4|Q9UJB1	protein	taxon:9606	20060410	HGNC
UniProtKB	P29965	CD40LG		GO:0009897	GO_REF:0000019|Ensembl:ENSMUSP00000033466	IEA	Ensembl:ENSMUSP00000033466	C	CD40 ligand	CD40L|CD40LG|CD40L_HUMAN|IPI00024686|TNFSF5|TRAP	protein	taxon:9606	20120107	ENSEMBL
UniProtKB	P30273	FCER1G		GO:0009897	GO_REF:0000019|Ensembl:ENSMUSP00000078875	IEA	Ensembl:ENSMUSP00000078875	C	High affinity immunoglobulin epsilon receptor subunit gamma	FCER1G|FCERG_HUMAN|IPI00025804|Q5VTW4	protein	taxon:9606	20120107	ENSEMBL
UniProtKB	P31785	IL2RG		GO:0009897	GO_REF:0000024|UniProtKB:P34902	ISS	UniProtKB:P34902	C	Cytokine receptor common subunit gamma	IL2RG|IL2RG_HUMAN|IPI00012899	protein	taxon:9606	20051209	UniProtKB
UniProtKB	P32004	L1CAM		GO:0009897	GO_REF:0000019|Ensembl:ENSMUSP00000099935	IEA	Ensembl:ENSMUSP00000099935	C	Neural cell adhesion molecule L1	A0AV65|B2RMU7|CAML1|IPI00334532|IPI00871467|L1CAM|L1CAM_HUMAN|MIC5|Q8TA87	protein	taxon:9606	20120107	ENSEMBL
UniProtKB	P32246	CCR1		GO:0009897	PMID:10706735	IDA		C	C-C chemokine receptor type 1	CCR1|CCR1_HUMAN|CMKBR1|CMKR1|IPI00027685|Q86VA9|SCYAR1	protein	taxon:9606	20111209	UniProtKB
UniProtKB	P32248	CCR7		GO:0009897	GO_REF:0000019|Ensembl:ENSMUSP00000099423	IEA	Ensembl:ENSMUSP00000099423	C	C-C chemokine receptor type 7	CCR7|CCR7_HUMAN|CMKBR7|EBI1|EVI1|IPI00027687	protein	taxon:9606	20120107	ENSEMBL
UniProtKB	P33681	CD80		GO:0009897	GO_REF:0000019|Ensembl:ENSMUSP00000097404	IEA	Ensembl:ENSMUSP00000097404	C	T-lymphocyte activation antigen CD80	CD28LG|CD28LG1|CD80|CD80_HUMAN|IPI00015914|LAB7	protein	taxon:9606	20120107	ENSEMBL
UniProtKB	P35225	IL13		GO:0009897	GO_REF:0000019|Ensembl:ENSMUSP00000020650	IEA	Ensembl:ENSMUSP00000020650	C	Interleukin-13	IL13|IL13_HUMAN|IPI00807607|NC30|O43644|Q4VB52|Q9UDC7	protein	taxon:9606	20120107	ENSEMBL
UniProtKB	P35968	KDR		GO:0009897	GO_REF:0000019|Ensembl:ENSMUSP00000109144	IEA	Ensembl:ENSMUSP00000109144	C	Vascular endothelial growth factor receptor 2	A2RRS0|B5A925|C5IFA0|FLK1|IPI00021396|KDR|O60723|Q14178|VEGFR2|VGFR2_HUMAN	protein	taxon:9606	20120107	ENSEMBL
UniProtKB	P37088	SCNN1A		GO:0009897	GO_REF:0000019|Ensembl:ENSMUSP00000080164	IEA	Ensembl:ENSMUSP00000080164	C	Amiloride-sensitive sodium channel subunit alpha	A5X2U9|C5HTZ0|IPI00019931|IPI00334114|IPI00334115|IPI00334116|IPI00334117|O43271|Q6GSQ6|Q9UM64|SCNN1|SCNN1A|SCNNA_HUMAN	protein	taxon:9606	20120107	ENSEMBL
UniProtKB	P37173	TGFBR2		GO:0009897	PMID:18453574	IDA		C	TGF-beta receptor type-2	B4DTV5|IPI00020431|IPI00164934|Q15580|Q6DKT6|Q99474|TGFBR2|TGFR2_HUMAN	protein	taxon:9606	20080827	BHF-UCL
UniProtKB	P38570	ITGAE		GO:0009897	GO_REF:0000019|Ensembl:ENSMUSP00000006101	IEA	Ensembl:ENSMUSP00000006101	C	Integrin alpha-E	IPI00007205|ITAE_HUMAN|ITGAE|Q17RS6|Q9NZU9	protein	taxon:9606	20120107	ENSEMBL
UniProtKB	P42081	CD86		GO:0009897	GO_REF:0000019|Ensembl:ENSMUSP00000087047	IEA	Ensembl:ENSMUSP00000087047	C	T-lymphocyte activation antigen CD86	A0N0P0|CD28LG2|CD86|CD86_HUMAN|IPI00290621|IPI00397658|IPI00473032|IPI00947322|Q13655|Q6FHB1|Q6GTS4|Q7M4L5	protein	taxon:9606	20120107	ENSEMBL
UniProtKB	P42701	IL12RB1		GO:0009897	GO_REF:0000019|Ensembl:ENSMUSP00000000808	IEA	Ensembl:ENSMUSP00000000808	C	Interleukin-12 receptor subunit beta-1	A8K308|B2RPF1|B7ZKK3|I12R1_HUMAN|IL12R|IL12RB|IL12RB1|IPI00001400|IPI00218703|IPI00297449|Q8N6Q7	protein	taxon:9606	20120107	ENSEMBL
UniProtKB	P42892	ECE1		GO:0009897	PMID:9449382	IDA		C	Endothelin-converting enzyme 1	A8K3P1|B4E291|ECE1|ECE1_HUMAN|IPI00002478|IPI00216758|IPI00216760|IPI00216762|Q14217|Q17RN5|Q58GE7|Q5THM5|Q5THM7|Q5THM8|Q9UJQ6|Q9UPF4|Q9UPM4|Q9Y501	protein	taxon:9606	20080903	BHF-UCL
UniProtKB	P42892	ECE1		GO:0009897	PMID:9710124	IDA		C	Endothelin-converting enzyme 1	A8K3P1|B4E291|ECE1|ECE1_HUMAN|IPI00002478|IPI00216758|IPI00216760|IPI00216762|Q14217|Q17RN5|Q58GE7|Q5THM5|Q5THM7|Q5THM8|Q9UJQ6|Q9UPF4|Q9UPM4|Q9Y501	protein	taxon:9606	20080905	BHF-UCL
UniProtKB	P43489	TNFRSF4		GO:0009897	GO_REF:0000019|Ensembl:ENSMUSP00000030952	IEA	Ensembl:ENSMUSP00000030952	C	Tumor necrosis factor receptor superfamily member 4	IPI00018859|Q13663|Q2M312|Q5T7M0|TNFRSF4|TNR4_HUMAN|TXGP1L	protein	taxon:9606	20120107	ENSEMBL
UniProtKB	P43681	CHRNA4		GO:0009897	GO_REF:0000024|UniProtKB:O70174	ISS	UniProtKB:O70174	C	Neuronal acetylcholine receptor subunit alpha-4	ACHA4_HUMAN|CHRNA4|IPI00020036|NACRA4|Q4JGR7|Q4VAQ6	protein	taxon:9606	20080613	UniProtKB
UniProtKB	P45844	ABCG1		GO:0009897	PMID:16556852	IDA		C	ATP-binding cassette sub-family G member 1	ABC8|ABCG1|ABCG1_HUMAN|IPI00024089|IPI00220758|IPI00220759|IPI00220760|IPI00220762|IPI00333761|IPI00335646|IPI00414196|Q86SU8|Q96L76|Q9BXK6|Q9BXK7|Q9BXK8|Q9BXK9|Q9BXL0|Q9BXL1|Q9BXL2|Q9BXL3|Q9BXL4|WHT1	protein	taxon:9606	20090527	BHF-UCL
UniProtKB	P48023	FASLG		GO:0009897	GO_REF:0000019|Ensembl:ENSMUSP00000000834	IEA	Ensembl:ENSMUSP00000000834	C	Tumor necrosis factor ligand superfamily member 6	APT1LG1|CD95L|FASL|FASLG|IPI00007577|IPI00220870|Q9BZP9|TNFL6_HUMAN|TNFSF6	protein	taxon:9606	20120107	ENSEMBL
UniProtKB	P48549	KCNJ3		GO:0009897	GO_REF:0000019|Ensembl:ENSRNOP00000007335	IEA	Ensembl:ENSRNOP00000007335	C	G protein-activated inward rectifier potassium channel 1	GIRK1|IPI00010176|IRK3_HUMAN|KCNJ3|Q8TBI0	protein	taxon:9606	20120107	ENSEMBL
UniProtKB	P50895	BCAM		GO:0009897	PMID:16236823|GO:0005055	IC	GO:0005055	C	Basal cell adhesion molecule	A8MYF9|A9YWT5|A9YWT6|BCAM|BCAM_HUMAN|IPI00002406|LU|MSK19|Q86VC7	protein	taxon:9606	20090408	BHF-UCL
UniProtKB	P51168	SCNN1B		GO:0009897	GO_REF:0000019|Ensembl:ENSMUSP00000033161	IEA	Ensembl:ENSMUSP00000033161	C	Amiloride-sensitive sodium channel subunit beta	C5HTZ2|IPI00178024|IPI00332882|O60891|Q96KG2|Q9UJ32|Q9UMU5|SCNN1B|SCNNB_HUMAN	protein	taxon:9606	20120107	ENSEMBL
UniProtKB	P51170	SCNN1G		GO:0009897	GO_REF:0000019|Ensembl:ENSMUSP00000000221	IEA	Ensembl:ENSMUSP00000000221	C	Amiloride-sensitive sodium channel subunit gamma	IPI00016450|P78437|Q6PCC2|Q93023|Q93024|Q93025|Q93026|Q93027|Q96TD2|SCNN1G|SCNNG_HUMAN	protein	taxon:9606	20120107	ENSEMBL
UniProtKB	P51679	CCR4		GO:0009897	GO_REF:0000019|Ensembl:ENSMUSP00000062677	IEA	Ensembl:ENSMUSP00000062677	C	C-C chemokine receptor type 4	CCR4|CCR4_HUMAN|CMKBR4|IPI00019958|Q9ULY6|Q9ULY7	protein	taxon:9606	20120107	ENSEMBL
UniProtKB	P51681	CCR5		GO:0009897	PMID:11278962	IDA		C	C-C chemokine receptor type 5	CCR5|CCR5_HUMAN|CMKBR5|IPI00743929|O14692|O14693|O14695|O14696|O14697|O14698|O14699|O14700|O14701|O14702|O14703|O14704|O14705|O14706|O14707|O14708|O15538|Q9UPA4	protein	taxon:9606	20070330	MGI
UniProtKB	P51681	CCR5		GO:0009897	PMID:10679098	IDA		C	C-C chemokine receptor type 5	CCR5|CCR5_HUMAN|CMKBR5|IPI00743929|O14692|O14693|O14695|O14696|O14697|O14698|O14699|O14700|O14701|O14702|O14703|O14704|O14705|O14706|O14707|O14708|O15538|Q9UPA4	protein	taxon:9606	20111209	UniProtKB
UniProtKB	P51681	CCR5		GO:0009897	PMID:19523456	IDA		C	C-C chemokine receptor type 5	CCR5|CCR5_HUMAN|CMKBR5|IPI00743929|O14692|O14693|O14695|O14696|O14697|O14698|O14699|O14700|O14701|O14702|O14703|O14704|O14705|O14706|O14707|O14708|O15538|Q9UPA4	protein	taxon:9606	20111214	UniProtKB
UniProtKB	P54756	EPHA5		GO:0009897	PMID:10064801	IDA		C	Ephrin type-A receptor 5	BSK|EHK1|EPHA5|EPHA5_HUMAN|HEK7|IPI00008290|IPI00215945|IPI00964566|Q7Z3F2|TYRO4	protein	taxon:9606	20110110	UniProtKB
UniProtKB	P55087	AQP4		GO:0009897	PMID:17645239	IDA		C	Aquaporin-4	AQP4|AQP4_HUMAN|IPI00022799|IPI00221189|P78564	protein	taxon:9606	20100310	UniProtKB
UniProtKB	P56199	ITGA1		GO:0009897	GO_REF:0000019|Ensembl:ENSMUSP00000077132	IEA	Ensembl:ENSMUSP00000077132	C	Integrin alpha-1	B2RNU0|IPI00743104|ITA1_HUMAN|ITGA1	protein	taxon:9606	20120107	ENSEMBL
UniProtKB	P80370	DLK1		GO:0009897	GO_REF:0000019|Ensembl:ENSMUSP00000063104	IEA	Ensembl:ENSMUSP00000063104	C	Protein delta homolog 1	DLK|DLK1|DLK1_HUMAN|IPI00160384|IPI00218210|P15803|Q96DW5	protein	taxon:9606	20120107	ENSEMBL
UniProtKB	Q01151	CD83		GO:0009897	GO_REF:0000019|Ensembl:ENSMUSP00000015540	IEA	Ensembl:ENSMUSP00000015540	C	CD83 antigen	CD83|CD83_HUMAN|IPI00006003|Q5THX9	protein	taxon:9606	20120107	ENSEMBL
UniProtKB	Q01362	MS4A2		GO:0009897	GO_REF:0000019|Ensembl:ENSMUSP00000127373	IEA	Ensembl:ENSMUSP00000127373	C	High affinity immunoglobulin epsilon receptor subunit beta	APY|FCER1B|FCERB_HUMAN|IGER|IPI00007153|MS4A2|Q54A81	protein	taxon:9606	20120107	ENSEMBL
UniProtKB	Q01638	IL1RL1		GO:0009897	GO_REF:0000019|Ensembl:ENSMUSP00000095379	IEA	Ensembl:ENSMUSP00000095379	C	Interleukin-1 receptor-like 1	A8K6B3|DER4|IL1RL1|ILRL1_HUMAN|IPI00218676|IPI00296161|IPI00296164|Q53TU7|Q8NEJ3|Q9ULV7|Q9UQ44|ST2|T1	protein	taxon:9606	20120107	ENSEMBL
UniProtKB	Q03167	TGFBR3		GO:0009897	PMID:12958365	IDA		C	Transforming growth factor beta receptor type 3	A0AUW8|B9EG88|IPI00304865|IPI00971143|Q5T2T4|Q5U731|Q9UGI2|TGBR3_HUMAN|TGFBR3	protein	taxon:9606	20080820	BHF-UCL
UniProtKB	Q07011	TNFRSF9		GO:0009897	GO_REF:0000019|Ensembl:ENSMUSP00000030808	IEA	Ensembl:ENSMUSP00000030808	C	Tumor necrosis factor receptor superfamily member 9	CD137|ILA|IPI00014211|TNFRSF9|TNR9_HUMAN	protein	taxon:9606	20120107	ENSEMBL
UniProtKB	Q07075	ENPEP		GO:0009897	GO_REF:0000024|UniProtKB:P16406	ISS	UniProtKB:P16406	C	Glutamyl aminopeptidase	AMPE_HUMAN|ENPEP|IPI00014375|Q504U2	protein	taxon:9606	20111216	UniProtKB
UniProtKB	Q07108	CD69		GO:0009897	GO_REF:0000019|Ensembl:ENSMUSP00000032259	IEA	Ensembl:ENSMUSP00000032259	C	Early activation antigen CD69	CD69|CD69_HUMAN|CLEC2C|IPI00014854	protein	taxon:9606	20120107	ENSEMBL
UniProtKB	Q07325	CXCL9		GO:0009897	GO_REF:0000019|Ensembl:ENSMUSP00000031365	IEA	Ensembl:ENSMUSP00000031365	C	C-X-C motif chemokine 9	CMK|CXCL9|CXCL9_HUMAN|IPI00016534|MIG|Q503B4|SCYB9	protein	taxon:9606	20120107	ENSEMBL
UniProtKB	Q08431	MFGE8		GO:0009897	GO_REF:0000019|Ensembl:ENSMUSP00000032825	IEA	Ensembl:ENSMUSP00000032825	C	Lactadherin	B2R6M7|IPI00002236|IPI00334005|IPI00966900|MFGE8|MFGM_HUMAN|Q53FU9|Q7Z3D2|Q9BTL9	protein	taxon:9606	20120107	ENSEMBL
UniProtKB	Q13291	SLAMF1		GO:0009897	GO_REF:0000019|Ensembl:ENSMUSP00000015460	IEA	Ensembl:ENSMUSP00000015460	C	Signaling lymphocytic activation molecule	IPI00012469|IPI00220229|IPI00374060|Q5W172|SLAF1_HUMAN|SLAM|SLAMF1	protein	taxon:9606	20120107	ENSEMBL
UniProtKB	Q13740	ALCAM		GO:0009897	GO_REF:0000019|Ensembl:ENSMUSP00000023312	IEA	Ensembl:ENSMUSP00000023312	C	CD166 antigen	ALCAM|B2RNS3|CD166_HUMAN|IPI00015102|IPI00807403|MEMD|O60892|Q1HGM8|Q1HGM9	protein	taxon:9606	20120107	ENSEMBL
UniProtKB	Q14246	EMR1		GO:0009897	GO_REF:0000019|Ensembl:ENSMUSP00000083971	IEA	Ensembl:ENSMUSP00000083971	C	EGF-like module-containing mucin-like hormone receptor-like 1	A6NHV2|EMR1|EMR1_HUMAN|IPI00409744|IPI01018981|Q2I7G5|Q8NGA7|TM7LN3	protein	taxon:9606	20120107	ENSEMBL
UniProtKB	Q15116	PDCD1		GO:0009897	GO_REF:0000019|Ensembl:ENSMUSP00000027507	IEA	Ensembl:ENSMUSP00000027507	C	Programmed cell death protein 1	IPI00014830|O00517|PD1|PDCD1|PDCD1_HUMAN	protein	taxon:9606	20120107	ENSEMBL
UniProtKB	Q16206	ENOX2		GO:0009897	PMID:11488599	IDA		C	Ecto-NOX disulfide-thiol exchanger 2	A8K197|A8K1C2|COVA1|ENOX2|ENOX2_HUMAN|IPI00181376|IPI00328224|Q5VTJ1|Q5VTJ2|Q8WUX0|Q9NTP6|Q9UH82	protein	taxon:9606	20021028	UniProtKB
UniProtKB	Q16552	IL17A		GO:0009897	GO_REF:0000019|Ensembl:ENSMUSP00000027061	IEA	Ensembl:ENSMUSP00000027061	C	Interleukin-17A	CTLA8|IL17|IL17A|IL17_HUMAN|IPI00002898|Q5T2P0	protein	taxon:9606	20120107	ENSEMBL
UniProtKB	Q4VCS5	AMOT		GO:0009897	PMID:11257124	IDA		C	Angiomotin	AMOT|AMOT_HUMAN|IPI00163085|IPI00644547|KIAA1071|Q504X5|Q9HD27|Q9UPT1	protein	taxon:9606	20091109	MGI
UniProtKB	Q5Y7D6	HLA-DQB1		GO:0009897	GO_REF:0000019|Ensembl:ENSMUSP00000041008	IEA	Ensembl:ENSMUSP00000041008	C	Uncharacterized protein	HLA-DQB1|IPI00930379|Q5Y7D6_HUMAN	protein	taxon:9606	20120107	ENSEMBL
UniProtKB	Q5ZPR3	CD276		GO:0009897	PMID:15188059	NAS		C	CD276 antigen	B7H3|CD276|CD276_HUMAN|IPI00019275|IPI00410488|IPI00441094|IPI00719044|PSEC0249|Q6P5Y4|Q6UXI2|Q8NBI8|Q8NC34|Q8NCB6|Q9BXR1|UNQ309/PRO352	protein	taxon:9606	20061106	HGNC
UniProtKB	Q685J3	MUC17		GO:0009897	PMID:12888891	IDA		C	Mucin-17	IPI00470673|IPI00886884|MUC17|MUC17_HUMAN|MUC3|O14761|Q685J2|Q8TDH7	protein	taxon:9606	20111205	UniProtKB
UniProtKB	Q6DN72	FCRL6		GO:0009897	PMID:17213291	IDA		C	Fc receptor-like protein 6	A1KXW6|A2A4D6|FCRH6|FCRL6|FCRL6_HUMAN|IPI00418616|IPI00455270|IPI00457113|IPI00795167|Q6DN73|Q6XRC3|Q6ZNI1	protein	taxon:9606	20111128	MGI
UniProtKB	Q7Z2D5	LPPR4		GO:0009897	GO_REF:0000019|Ensembl:ENSRNOP00000022625	IEA	Ensembl:ENSRNOP00000022625	C	Lipid phosphate phosphatase-related protein type 4	IPI00337643|IPI00844586|KIAA0455|LPPR4|LPPR4_HUMAN|O75043|PRG1|Q5T9R9|Q86XQ5|Q8N3F1|Q96MP0	protein	taxon:9606	20120107	ENSEMBL
UniProtKB	Q7Z2W7	TRPM8		GO:0009897	GO_REF:0000019|Ensembl:ENSMUSP00000108739	IEA	Ensembl:ENSMUSP00000108739	C	Transient receptor potential cation channel subfamily M member 8	IPI00031662|IPI00152033|IPI00515002|LTRPC6|Q6QNH9|Q8TAC3|Q8TDX8|Q9BVK1|TRPM8|TRPM8_HUMAN|TRPP8	protein	taxon:9606	20120107	ENSEMBL
UniProtKB	Q86UN2	RTN4RL1		GO:0009897	GO_REF:0000019|Ensembl:ENSRNOP00000058866	IEA	Ensembl:ENSRNOP00000058866	C	Reticulon-4 receptor-like 1	A1A5E3|IPI00328745|NGRH2|NGRL2|Q8ND46|R4RL1_HUMAN|RTN4RL1	protein	taxon:9606	20120107	ENSEMBL
UniProtKB	Q86UN3	RTN4RL2		GO:0009897	GO_REF:0000019|Ensembl:ENSRNOP00000032922	IEA	Ensembl:ENSRNOP00000032922	C	Reticulon-4 receptor-like 2	IPI00328746|NGRH1|NGRL3|Q17RL9|Q6X813|R4RL2_HUMAN|RTN4RL2	protein	taxon:9606	20120107	ENSEMBL
UniProtKB	Q8IV16	GPIHBP1		GO:0009897	PMID:20124439	IDA		C	Glycosylphosphatidylinositol-anchored high density lipoprotein-binding protein 1	GPIHBP1|HBP1|HDBP1_HUMAN|IPI00216823|Q6P3T2|Q86W15	protein	taxon:9606	20100421	BHF-UCL
UniProtKB	Q8IWK6	GPR125		GO:0009897	GO_REF:0000019|Ensembl:ENSMUSP00000030971	IEA	Ensembl:ENSMUSP00000030971	C	Probable G-protein coupled receptor 125	GP125_HUMAN|GPR125|IPI00452590|IPI00452591|IPI00452592|IPI00452593|Q6UXK9|Q86SQ5|Q8TC55|UNQ556/PRO1113	protein	taxon:9606	20120107	ENSEMBL
UniProtKB	Q8IWY4	SCUBE1		GO:0009897	PMID:12270931	IDA		C	Signal peptide, CUB and EGF-like domain-containing protein 1	IPI00217435|Q5R336|SCUB1_HUMAN|SCUBE1	protein	taxon:9606	20031216	UniProtKB
UniProtKB	Q8N131	TMEM123		GO:0009897	PMID:9600958	IDA		C	Porimin	IPI00217366|IPI00395888|KCT3|PORIM_HUMAN|PSEC0111|Q8IWS2|Q96QV2|TMEM123|UNQ641/PRO1271	protein	taxon:9606	20090108	UniProtKB
UniProtKB	Q8NHL6	LILRB1		GO:0009897	PMID:15585844	IDA		C	Leukocyte immunoglobulin-like receptor subfamily B member 1	A8MXT0|ILT2|IPI00020967|IPI00643313|IPI00853070|LILRB1|LIR1|LIRB1_HUMAN|MIR7|O75024|O75025|Q8NHJ9|Q8NHK0	protein	taxon:9606	20111104	UniProtKB
UniProtKB	Q8NHL6	LILRB1		GO:0009897	PMID:17869268	IDA		C	Leukocyte immunoglobulin-like receptor subfamily B member 1	A8MXT0|ILT2|IPI00020967|IPI00643313|IPI00853070|LILRB1|LIR1|LIRB1_HUMAN|MIR7|O75024|O75025|Q8NHJ9|Q8NHK0	protein	taxon:9606	20111104	UniProtKB
UniProtKB	Q8NHL6	LILRB1		GO:0009897	PMID:18094328	IDA		C	Leukocyte immunoglobulin-like receptor subfamily B member 1	A8MXT0|ILT2|IPI00020967|IPI00643313|IPI00853070|LILRB1|LIR1|LIRB1_HUMAN|MIR7|O75024|O75025|Q8NHJ9|Q8NHK0	protein	taxon:9606	20111104	UniProtKB
UniProtKB	Q8NHL6	LILRB1		GO:0009897	PMID:18684926	IDA		C	Leukocyte immunoglobulin-like receptor subfamily B member 1	A8MXT0|ILT2|IPI00020967|IPI00643313|IPI00853070|LILRB1|LIR1|LIRB1_HUMAN|MIR7|O75024|O75025|Q8NHJ9|Q8NHK0	protein	taxon:9606	20111104	UniProtKB
UniProtKB	Q8NHL6	LILRB1		GO:0009897	PMID:21233315	IDA		C	Leukocyte immunoglobulin-like receptor subfamily B member 1	A8MXT0|ILT2|IPI00020967|IPI00643313|IPI00853070|LILRB1|LIR1|LIRB1_HUMAN|MIR7|O75024|O75025|Q8NHJ9|Q8NHK0	protein	taxon:9606	20111104	UniProtKB
UniProtKB	Q8NHL6	LILRB1		GO:0009897	PMID:21551166	IDA		C	Leukocyte immunoglobulin-like receptor subfamily B member 1	A8MXT0|ILT2|IPI00020967|IPI00643313|IPI00853070|LILRB1|LIR1|LIRB1_HUMAN|MIR7|O75024|O75025|Q8NHJ9|Q8NHK0	protein	taxon:9606	20111104	UniProtKB
UniProtKB	Q8NHL6	LILRB1		GO:0009897	PMID:9285411	IDA		C	Leukocyte immunoglobulin-like receptor subfamily B member 1	A8MXT0|ILT2|IPI00020967|IPI00643313|IPI00853070|LILRB1|LIR1|LIRB1_HUMAN|MIR7|O75024|O75025|Q8NHJ9|Q8NHK0	protein	taxon:9606	20111104	UniProtKB
UniProtKB	Q8WWQ8	STAB2		GO:0009897	GO_REF:0000024|UniProtKB:Q8CFM6	ISS	UniProtKB:Q8CFM6	C	Stabilin-2	FEEL2|FELL|FEX2|HARE|IPI00292579|Q6ZMK2|Q7Z5N9|Q86UR4|Q8IUG9|Q8TES1|Q9H7H7|Q9NRY3|STAB2|STAB2_HUMAN	protein	taxon:9606	20041006	UniProtKB
UniProtKB	Q8WZ67	KLRK1		GO:0009897	GO_REF:0000019|Ensembl:ENSMUSP00000032252	IEA	Ensembl:ENSMUSP00000032252	C	NKG2-D type II integral membrane protein	A8MWP8|IPI00788649|KLRK1|Q8WZ67_HUMAN	protein	taxon:9606	20120107	ENSEMBL
UniProtKB	Q92823	NRCAM		GO:0009897	PMID:8812479	NAS		C	Neuronal cell adhesion molecule	A4D0S3|IPI00333776|IPI00333777|IPI00333778|IPI00415032|IPI00873446|KIAA0343|NRCAM|NRCAM_HUMAN|O15051|O15179|Q9UHI3|Q9UHI4	protein	taxon:9606	20031118	UniProtKB
UniProtKB	Q92956	TNFRSF14		GO:0009897	GO_REF:0000019|Ensembl:ENSMUSP00000045240	IEA	Ensembl:ENSMUSP00000045240	C	Tumor necrosis factor receptor superfamily member 14	B9DI89|HVEA|HVEM|IPI00024331|Q6IB95|Q8WXR1|Q96J31|Q9UM65|TNFRSF14|TNR14_HUMAN|UNQ329/PRO509	protein	taxon:9606	20120107	ENSEMBL
UniProtKB	Q96RJ3	TNFRSF13C		GO:0009897	GO_REF:0000019|Ensembl:ENSMUSP00000105161	IEA	Ensembl:ENSMUSP00000105161	C	Tumor necrosis factor receptor superfamily member 13C	BAFFR|BR3|IPI00045337|IPI00218927|TNFRSF13C|TR13C_HUMAN	protein	taxon:9606	20120107	ENSEMBL
UniProtKB	Q99665	IL12RB2		GO:0009897	GO_REF:0000019|Ensembl:ENSMUSP00000010605	IEA	Ensembl:ENSMUSP00000010605	C	Interleukin-12 receptor subunit beta-2	B1AN98|I12R2_HUMAN|IL12RB2|IPI00438855|IPI00438856|Q2M3V3	protein	taxon:9606	20120107	ENSEMBL
UniProtKB	Q9BXN2	CLEC7A		GO:0009897	GO_REF:0000019|Ensembl:ENSMUSP00000107707	IEA	Ensembl:ENSMUSP00000107707	C	C-type lectin domain family 7 member A	B2R861|B7Z494|B7Z5A9|B7Z5B9|BGR|CLC7A_HUMAN|CLEC7A|CLECSF12|DECTIN1|IPI00021735|IPI00044331|IPI00044332|IPI00155858|IPI00170475|IPI00186897|IPI00411381|IPI00815987|Q6IPS7|Q96DR9|Q96LD3|Q96PA5|Q96PA6|Q96PA7|Q96PA8|Q9H1K3|UNQ539/PRO1082	protein	taxon:9606	20120107	ENSEMBL
UniProtKB	Q9BZW8	CD244		GO:0009897	PMID:17213291	IDA		C	Natural killer cell receptor 2B4	2B4|CD244|CD244_HUMAN|IPI00015548|IPI00184175|IPI00411526|IPI00411528|Q5VYI2|Q5VYI6|Q5VYI7|Q96T47|Q9NQD2|Q9NQD3|Q9Y288	protein	taxon:9606	20111129	MGI
UniProtKB	Q9H4A4	RNPEP		GO:0009897	GO_REF:0000019|Ensembl:ENSRNOP00000009198	IEA	Ensembl:ENSRNOP00000009198	C	Aminopeptidase B	AMPB_HUMAN|APB|IPI00642211|Q9BVM9|Q9H1D4|Q9NPT7|RNPEP	protein	taxon:9606	20120107	ENSEMBL
UniProtKB	Q9NSA0	SLC22A11		GO:0009897	PMID:15102942	IDA		C	Solute carrier family 22 member 11	A8K426|IPI00020542|IPI00418660|OAT4|Q53GR2|Q6ZP72|Q8NBU4|S22AB_HUMAN|SLC22A11	protein	taxon:9606	20080723	UniProtKB
UniProtKB	Q9NYV7	TAS2R16		GO:0009897	PMID:16720576	IDA		C	Taste receptor type 2 member 16	A4D0X2|IPI00027216|Q502V3|Q549U8|Q645W1|T2R16_HUMAN|TAS2R16	protein	taxon:9606	20070321	HGNC
UniProtKB	Q9NZQ7	CD274		GO:0009897	GO_REF:0000019|Ensembl:ENSMUSP00000016640	IEA	Ensembl:ENSMUSP00000016640	C	Programmed cell death 1 ligand 1	B2RBA2|B4DU27|B7H1|CD274|IPI00023021|IPI00446867|IPI00556058|PD1L1_HUMAN|PDCD1L1|PDCD1LG1|PDL1|Q14CJ2|Q66RK1|Q6WEX4|Q9NUZ5	protein	taxon:9606	20120107	ENSEMBL
UniProtKB	Q9ULI3	HEG1		GO:0009897	GO_REF:0000019|Ensembl:ENSMUSP00000123686	IEA	Ensembl:ENSMUSP00000123686	C	Protein HEG homolog 1	HEG1|HEG1_HUMAN|IPI00297263|IPI00795307|KIAA1237|Q6NX66|Q8NC40|Q9BSV0	protein	taxon:9606	20120107	ENSEMBL
UniProtKB	Q9Y6Q6	TNFRSF11A		GO:0009897	PMID:9367155	IDA		C	Tumor necrosis factor receptor superfamily member 11A	IPI00021968|RANK|TNFRSF11A|TNR11_HUMAN	protein	taxon:9606	20100721	BHF-UCL
UniProtKB	Q9Y6W8	ICOS		GO:0009897	GO_REF:0000019|Ensembl:ENSMUSP00000099891	IEA	Ensembl:ENSMUSP00000099891	C	Inducible T-cell costimulator	AILIM|ICOS|ICOS_HUMAN|IPI00424030|IPI00424031|Q8N6W8	protein	taxon:9606	20120107	ENSEMBL
UniProtKB	E7ERP7	APOE		GO:0031232	GO_REF:0000019|Ensembl:ENSRNOP00000050968	IEA	Ensembl:ENSRNOP00000050968	C	Uncharacterized protein	APOE|E7ERP7_HUMAN|IPI00879456	protein	taxon:9606	20120107	ENSEMBL
UniProtKB	E9PEV4	APOE		GO:0031232	GO_REF:0000019|Ensembl:ENSRNOP00000050968	IEA	Ensembl:ENSRNOP00000050968	C	Uncharacterized protein	APOE|E9PEV4_HUMAN|IPI00879368	protein	taxon:9606	20120107	ENSEMBL
UniProtKB	O60494	CUBN		GO:0031232	PMID:11994745	NAS		C	Cubilin	B0YIZ4|CUBN|CUBN_HUMAN|IFCR|IPI00160130|Q5VTA6|Q96RU9	protein	taxon:9606	20060203	UniProtKB
UniProtKB	P00747	PLG		GO:0031232	PMID:14699093	IDA		C	Plasminogen	IPI00019580|PLG|PLMN_HUMAN|Q15146|Q5TEH4|Q6PA00	protein	taxon:9606	20100426	BHF-UCL
UniProtKB	P02649	APOE		GO:0031232	GO_REF:0000019|Ensembl:ENSRNOP00000050968	IEA	Ensembl:ENSRNOP00000050968	C	Apolipoprotein E	APOE|APOE_HUMAN|B2RC15|C0JYY5|IPI00021842|Q9P2S4	protein	taxon:9606	20120107	ENSEMBL
UniProtKB	P07093	SERPINE2		GO:0031232	PMID:19855083	IDA		C	Glia-derived nexin	B2R6A4|GDN_HUMAN|IPI00009890|IPI00914848|PI7|PN1|Q53S15|Q5D0C4|SERPINE2	protein	taxon:9606	20100423	BHF-UCL
UniProtKB	Q8NBP7	PCSK9		GO:0031232	PMID:17328821|GO:0002092	IC	GO:0002092	C	Proprotein convertase subtilisin/kexin type 9	A8T640|C0JYY9|IPI00387168|IPI00387169|NARC1|PCSK9|PCSK9_HUMAN|PSEC0052|Q5PSM5|Q5SZQ2	protein	taxon:9606	20090731	BHF-UCL
UniProtKB	P00742	F10		GO:0031233	PMID:17469850|GO:0005543	IC	GO:0005543	C	Coagulation factor X	F10|FA10_HUMAN|IPI00019576|Q14340	protein	taxon:9606	20090416	BHF-UCL
UniProtKB	P13726	F3		GO:0031233	PMID:17469850|GO:0005543	IC	GO:0005543	C	Tissue factor	D3DT47|F3|IPI00010338|Q6FHG2|Q86WH4|TF_HUMAN	protein	taxon:9606	20090416	BHF-UCL
UniProtKB	P22888	LHCGR		GO:0031233	GO_REF:0000019|Ensembl:ENSRNOP00000022481	IEA	Ensembl:ENSRNOP00000022481	C	Lutropin-choriogonadotropic hormone receptor	IPI00299615|IPI00414187|LCGR|LGR2|LHCGR|LHRHR|LSHR_HUMAN|Q14751|Q15996|Q9UEW9	protein	taxon:9606	20120107	ENSEMBL
UniProtKB	P49771	FLT3LG		GO:0031233	GO_REF:0000019|Ensembl:ENSMUSP00000123506	IEA	Ensembl:ENSMUSP00000123506	C	Fms-related tyrosine kinase 3 ligand	A0AVC2|B9EGH2|FLT3LG|FLT3L_HUMAN|IPI00216372|IPI00291404	protein	taxon:9606	20120107	ENSEMBL
UniProtKB	Q13443	ADAM9		GO:0031233	PMID:8647900|UniProtKB:Q61072	ISS	UniProtKB:Q61072	C	Disintegrin and metalloproteinase domain-containing protein 9	ADAM9|ADAM9_HUMAN|B7ZLN7|IPI00440932|IPI00440933|KIAA0021|MCMP|MDC9|MLTNG|Q10718|Q8NFM6	protein	taxon:9606	20081118	BHF-UCL
