UniProtKB	E7ESW0	GHRL		GO:0016608	GO_REF:0000019|Ensembl:ENSRNOP00000014103	IEA	Ensembl:ENSRNOP00000014103	F	Uncharacterized protein	E7ESW0_HUMAN|GHRL|IPI00925962	protein	taxon:9606	20120107	ENSEMBL
UniProtKB	P01286	GHRH		GO:0016608	PMID:18329818	IDA		F	Somatoliberin	GHRF|GHRH|IPI00000961|IPI00783260|Q4KN10|Q5JYR1|SLIB_HUMAN	protein	taxon:9606	20081219	BHF-UCL
UniProtKB	P01286	GHRH		GO:0016608	PMID:8421089	IDA		F	Somatoliberin	GHRF|GHRH|IPI00000961|IPI00783260|Q4KN10|Q5JYR1|SLIB_HUMAN	protein	taxon:9606	20081219	BHF-UCL
UniProtKB	Q86YP8	GHRL		GO:0016608	GO_REF:0000002|InterPro:IPR005441	IEA	InterPro:IPR005441	F	Exon 3-deleted preproghrelin variant	GHRL|IPI00384741|Q86YP8_HUMAN	protein	taxon:9606	20120107	InterPro
UniProtKB	Q9UBU3	GHRL		GO:0016608	PMID:10604470|UniProtKB:Q9QYH7	ISS	UniProtKB:Q9QYH7	F	Appetite-regulating hormone	A8CF34|A8CF38|A8CF42|A8DN29|A8DN30|GHRL|GHRL_HUMAN|IPI00008925|IPI00219213|IPI00872396|IPI00872504|IPI00924498|MTLRP|Q8TAT9|Q9H3R3|UNQ524/PRO1066	protein	taxon:9606	20050519	UniProtKB
UniProtKB	Q9UBU3	GHRL		GO:0016608	PMID:16511605	TAS		F	Appetite-regulating hormone	A8CF34|A8CF38|A8CF42|A8DN29|A8DN30|GHRL|GHRL_HUMAN|IPI00008925|IPI00219213|IPI00872396|IPI00872504|IPI00924498|MTLRP|Q8TAT9|Q9H3R3|UNQ524/PRO1066	protein	taxon:9606	20060310	HGNC
UniProtKB	P01178	OXT		GO:0005185	GO_REF:0000002|InterPro:IPR000981	IEA	InterPro:IPR000981	F	Oxytocin-neurophysin 1	IPI00000144|NEU1_HUMAN|OT|OXT|Q3MIG0	protein	taxon:9606	20120107	InterPro
UniProtKB	P01185	AVP		GO:0005185	GO_REF:0000002|InterPro:IPR000981	IEA	InterPro:IPR000981	F	Vasopressin-neurophysin 2-copeptin	A0AV35|ARVP|AVP|IPI00873080|NEU2_HUMAN|O14935|VP	protein	taxon:9606	20120107	InterPro
UniProtKB	P16860	NPPB		GO:0008613	PMID:14960748	TAS		F	Natriuretic peptides B	ANFB_HUMAN|B0ZBE9|IPI00031101|NPPB|Q6FGY0	protein	taxon:9606	20040308	UniProtKB
UniProtKB	D6RFM1	TRH		GO:0005184	GO_REF:0000002|InterPro:IPR008857	IEA	InterPro:IPR008857	F	Uncharacterized protein	D6RFM1_HUMAN|IPI00967846|TRH	protein	taxon:9606	20120107	InterPro
UniProtKB	F8VZY1	NTS		GO:0005184	GO_REF:0000002|InterPro:IPR008055	IEA	InterPro:IPR008055	F	Uncharacterized protein	F8VZY1_HUMAN|NTS	protein	taxon:9606	20120107	InterPro
UniProtKB	G3V1X6	NTS		GO:0005184	GO_REF:0000002|InterPro:IPR008055	IEA	InterPro:IPR008055	F	Uncharacterized protein	G3V1X6_HUMAN|hCG_21128|NTS	protein	taxon:9606	20120107	InterPro
UniProtKB	O00230	CORT		GO:0005184	PMID:9125122	TAS		F	Cortistatin	CORT|CORT_HUMAN|IPI00010859|Q5T6G0|Q6UX11|UNQ307/PRO350	protein	taxon:9606	20030904	PINC
UniProtKB	O00253	AGRP		GO:0005184	PMID:15927146	IDA		F	Agouti-related protein	AGRP|AGRP_HUMAN|AGRT|ART|IPI00010869|O15459|Q2TBD9	protein	taxon:9606	20100705	UniProtKB
UniProtKB	O15130	NPFF		GO:0005184	GO_REF:0000002|InterPro:IPR008065	IEA	InterPro:IPR008065	F	FMRFamide-related peptides	IPI00005140|NPFF|NPFF_HUMAN	protein	taxon:9606	20120107	InterPro
UniProtKB	O15240	VGF		GO:0005184	GO_REF:0000019|Ensembl:ENSMUSP00000048273	IEA	Ensembl:ENSMUSP00000048273	F	Neurosecretory protein VGF	IPI00289501|Q9UDW8|VGF|VGF_HUMAN	protein	taxon:9606	20120107	ENSEMBL
UniProtKB	O43612	HCRT		GO:0005184	GO_REF:0000019|Ensembl:ENSRNOP00000025547	IEA	Ensembl:ENSRNOP00000025547	F	Orexin	HCRT|IPI00013373|OREX_HUMAN|OX|PPORX|PPOX	protein	taxon:9606	20120107	ENSEMBL
UniProtKB	P01185	AVP		GO:0005184	PMID:1740104	TAS		F	Vasopressin-neurophysin 2-copeptin	A0AV35|ARVP|AVP|IPI00873080|NEU2_HUMAN|O14935|VP	protein	taxon:9606	20030904	PINC
UniProtKB	P01210	PENK		GO:0005184	PMID:7057924	TAS		F	Proenkephalin-A	B2RC23|IPI00000828|PENK|PENK_HUMAN|Q6FHC6|Q6FHE6	protein	taxon:9606	20030904	PINC
UniProtKB	P01282	VIP		GO:0005184	PMID:10096039	TAS		F	VIP peptides	IPI00000959|IPI00375701|Q5TCY8|Q5TCY9|Q96QK3|VIP|VIP_HUMAN	protein	taxon:9606	20030904	PINC
UniProtKB	P01303	NPY		GO:0005184	PMID:2427515	TAS		F	Pro-neuropeptide Y	IPI00001506|NPY|NPY_HUMAN	protein	taxon:9606	20030904	PINC
UniProtKB	P06307	CCK		GO:0005184	PMID:15374756|UniProtKB:P09240	ISS	UniProtKB:P09240	F	Cholecystokinin	CCK|CCKN_HUMAN|IPI00026174	protein	taxon:9606	20091117	UniProtKB
UniProtKB	P06850	CRH		GO:0005184	PMID:7867564	TAS		F	Corticoliberin	B3KQS4|CRF_HUMAN|CRH|IPI00027839	protein	taxon:9606	20030904	PINC
UniProtKB	P07492	GRP		GO:0005184	PMID:8756537	IDA		F	Gastrin-releasing peptide	GRP|GRP_HUMAN|IPI00011722|IPI00218671|IPI00218672|P07491|P81553|Q14454|Q53YA0|Q9BSY7	protein	taxon:9606	20060111	MGI
UniProtKB	P10082	PYY		GO:0005184	GO_REF:0000019|Ensembl:ENSMUSP00000017455	IEA	Ensembl:ENSMUSP00000017455	F	Peptide YY	IPI00219199|IPI00298252|PYY|PYY_HUMAN|Q5U5Q6|Q6FGH8	protein	taxon:9606	20120107	ENSEMBL
UniProtKB	P10092	CALCB		GO:0005184	PMID:2985435	TAS		F	Calcitonin gene-related peptide 2	A8K573|CALC2|CALCB|CALCB_HUMAN|D3DQX4|IPI00018941|Q569I0|Q9UCN9	protein	taxon:9606	20030904	PINC
UniProtKB	P18509	ADCYAP1		GO:0005184	PMID:2302217	TAS		F	Pituitary adenylate cyclase-activating polypeptide	ADCYAP1|B2R7N4|IPI01010404|PACA_HUMAN|Q52LQ0	protein	taxon:9606	20030904	PINC
UniProtKB	P20396	TRH		GO:0005184	GO_REF:0000002|InterPro:IPR008857	IEA	InterPro:IPR008857	F	Prothyroliberin	B2R8R1|IPI00023604|Q2TB83|TRH|TRH_HUMAN	protein	taxon:9606	20120107	InterPro
UniProtKB	P22466	GAL		GO:0005184	PMID:1722333	NAS		F	Galanin peptides	GAL|GAL1|GALA_HUMAN|GALN|GLNN|IPI00026637|Q14413	protein	taxon:9606	20010831	UniProtKB
UniProtKB	P30990	NTS		GO:0005184	GO_REF:0000002|InterPro:IPR008055	IEA	InterPro:IPR008055	F	Neurotensin/neuromedin N	IPI00028158|NEUT_HUMAN|NTS	protein	taxon:9606	20120107	InterPro
UniProtKB	P55089	UCN		GO:0005184	PMID:8612563	TAS		F	Urocortin	IPI00022801|Q6FG64|UCN|UCN1_HUMAN	protein	taxon:9606	20030904	PINC
UniProtKB	P81277	PRLH		GO:0005184	GO_REF:0000019|Ensembl:ENSRNOP00000026912	IEA	Ensembl:ENSRNOP00000026912	F	Prolactin-releasing peptide	IPI00026444|PRH|PRLH|PRRP_HUMAN	protein	taxon:9606	20120107	ENSEMBL
UniProtKB	P83859	QRFP		GO:0005184	PMID:14657341	IDA		F	Orexigenic neuropeptide QRFP	A3KFJ6|IPI00377074|OX26_HUMAN|Q495K6|QRFP	protein	taxon:9606	20040420	UniProtKB
UniProtKB	Q13519	PNOC		GO:0005184	PMID:10419552	TAS		F	Prepronociceptin	IPI00013701|OFQ|PNOC|PNOC_HUMAN	protein	taxon:9606	20030904	PINC
UniProtKB	P20382	PMCH		GO:0030354	GO_REF:0000002|InterPro:IPR005456	IEA	InterPro:IPR005456	F	Pro-MCH	IPI00300623|MCH|MCH_HUMAN|PMCH|Q16044|Q8WVG0	protein	taxon:9606	20120107	InterPro
UniProtKB	Q16048	PMCHL1		GO:0030354	GO_REF:0000002|InterPro:IPR005456	IEA	InterPro:IPR005456	F	Putative pro-MCH-like protein 1	IPI00010830|MCHL1_HUMAN|PMCHL1|Q9BQ10	protein	taxon:9606	20120107	InterPro
UniProtKB	Q9BQD1	PMCHL2		GO:0030354	GO_REF:0000002|InterPro:IPR005456	IEA	InterPro:IPR005456	F	Putative pro-MCH-like protein 2	IPI00028321|MCHL2_HUMAN|PMCHL2	protein	taxon:9606	20120107	InterPro
UniProtKB	A6NEF6	GH1		GO:0005179	GO_REF:0000004|SP_KW:KW-0372	IEA	SP_KW:KW-0372	F	HCG1749481, isoform CRA_a	A6NEF6_HUMAN|GH1|hCG_1749481|IPI00374406	protein	taxon:9606	20120109	UniProtKB
UniProtKB	A6NFB4	CSH1		GO:0005179	GO_REF:0000004|SP_KW:KW-0372	IEA	SP_KW:KW-0372	F	Chorionic somatomammotropin hormone 1 isoform 2	A6NFB4_HUMAN|CSH1|hCG_1749481|IPI00332583	protein	taxon:9606	20120109	UniProtKB
UniProtKB	A6NIT4	CSH2		GO:0005179	GO_REF:0000004|SP_KW:KW-0372	IEA	SP_KW:KW-0372	F	Chorionic somatomammotropin hormone 2 isoform 2	A6NIT4_HUMAN|CSH2|IPI00374578	protein	taxon:9606	20120109	UniProtKB
UniProtKB	A6NKQ9	CGB1		GO:0005179	GO_REF:0000004|SP_KW:KW-0372	IEA	SP_KW:KW-0372	F	Choriogonadotropin subunit beta variant 1	A4FVC8|A8MUK6|CGB1|CGB1_HUMAN|IPI00844271|IPI00896513	protein	taxon:9606	20120109	UniProtKB
UniProtKB	A6XGL2	INS		GO:0005179	GO_REF:0000004|SP_KW:KW-0372	IEA	SP_KW:KW-0372	F	Uncharacterized protein	A6XGL2_HUMAN|INS|IPI00853225	protein	taxon:9606	20120109	UniProtKB
UniProtKB	A8MRR8	GCG		GO:0005179	GO_REF:0000019|Ensembl:ENSRNOP00000007356	IEA	Ensembl:ENSRNOP00000007356	F	Uncharacterized protein	A8MRR8_HUMAN|GCG|IPI00744153	protein	taxon:9606	20120107	ENSEMBL
UniProtKB	B0ZBE8	NPPA		GO:0005179	GO_REF:0000019|Ensembl:ENSRNOP00000011005	IEA	Ensembl:ENSRNOP00000011005	F	Natriuretic peptide A variant 1	B0ZBE8_HUMAN|IPI00644997|NPPA	protein	taxon:9606	20120107	ENSEMBL
UniProtKB	B4DN22	STC1		GO:0005179	GO_REF:0000002|InterPro:IPR004978	IEA	InterPro:IPR004978	F	Uncharacterized protein	B4DN22_HUMAN|IPI00984145|STC1	protein	taxon:9606	20120107	InterPro
UniProtKB	C9JAF2	IGF2		GO:0005179	GO_REF:0000002|InterPro:IPR016179	IEA	InterPro:IPR016179	F	Uncharacterized protein	C9JAF2_HUMAN|IGF2|IPI00215977	protein	taxon:9606	20120107	InterPro
UniProtKB	C9JNR5	INS		GO:0005179	GO_REF:0000002|InterPro:IPR004825	IEA	InterPro:IPR004825	F	Uncharacterized protein	C9JNR5_HUMAN|INS|IPI00853573	protein	taxon:9606	20120107	InterPro
UniProtKB	C9JRP3	GH2		GO:0005179	GO_REF:0000004|SP_KW:KW-0372	IEA	SP_KW:KW-0372	F	Uncharacterized protein	C9JRP3_HUMAN|GH2|IPI00021672	protein	taxon:9606	20120109	UniProtKB
UniProtKB	C9JYZ1	GH1		GO:0005179	GO_REF:0000004|SP_KW:KW-0372	IEA	SP_KW:KW-0372	F	Uncharacterized protein	C9JYZ1_HUMAN|GH1|IPI00942145	protein	taxon:9606	20120109	UniProtKB
UniProtKB	C9JZZ2	LHB		GO:0005179	GO_REF:0000004|SP_KW:KW-0372	IEA	SP_KW:KW-0372	F	Uncharacterized protein	C9JZZ2_HUMAN|IPI00937264|LHB	protein	taxon:9606	20120109	UniProtKB
UniProtKB	E5RG57	STC2		GO:0005179	GO_REF:0000002|InterPro:IPR004978	IEA	InterPro:IPR004978	F	Uncharacterized protein	E5RG57_HUMAN|IPI00976408|STC2	protein	taxon:9606	20120107	InterPro
UniProtKB	E7ESF5	CALCB		GO:0005179	GO_REF:0000002|InterPro:IPR001693	IEA	InterPro:IPR001693	F	Uncharacterized protein	CALCB|E7ESF5_HUMAN|IPI00978028	protein	taxon:9606	20120107	InterPro
UniProtKB	E9PCD4	NPPB		GO:0005179	GO_REF:0000002|InterPro:IPR002408	IEA	InterPro:IPR002408	F	Uncharacterized protein	E9PCD4_HUMAN|IPI00844052|NPPB	protein	taxon:9606	20120107	InterPro
UniProtKB	E9PD02	IGF1		GO:0005179	GO_REF:0000002|InterPro:IPR016179	IEA	InterPro:IPR016179	F	Uncharacterized protein	E9PD02_HUMAN|IGF1|IPI00853336	protein	taxon:9606	20120107	InterPro
UniProtKB	E9PDN2	MLN		GO:0005179	GO_REF:0000002|InterPro:IPR006737	IEA	InterPro:IPR006737	F	Uncharacterized protein	E9PDN2_HUMAN|IPI00965489|MLN	protein	taxon:9606	20120107	InterPro
UniProtKB	E9PHK5	POMC		GO:0005179	GO_REF:0000019|Ensembl:ENSMUSP00000020990	IEA	Ensembl:ENSMUSP00000020990	F	Uncharacterized protein	E9PHK5_HUMAN|IPI00892848|POMC	protein	taxon:9606	20120107	ENSEMBL
UniProtKB	E9PL83	ADM		GO:0005179	GO_REF:0000002|InterPro:IPR001710	IEA	InterPro:IPR001710	F	Uncharacterized protein	ADM|E9PL83_HUMAN|IPI00979956	protein	taxon:9606	20120107	InterPro
UniProtKB	E9PML4	ADM		GO:0005179	GO_REF:0000002|InterPro:IPR001710	IEA	InterPro:IPR001710	F	Uncharacterized protein	ADM|E9PML4_HUMAN|IPI00980931	protein	taxon:9606	20120107	InterPro
UniProtKB	E9PQE6	ADM		GO:0005179	GO_REF:0000002|InterPro:IPR001710	IEA	InterPro:IPR001710	F	Uncharacterized protein	ADM|E9PQE6_HUMAN|IPI00977835	protein	taxon:9606	20120107	InterPro
UniProtKB	E9PQT2	ADM		GO:0005179	GO_REF:0000002|InterPro:IPR001710	IEA	InterPro:IPR001710	F	Uncharacterized protein	ADM|E9PQT2_HUMAN|IPI00985487	protein	taxon:9606	20120107	InterPro
UniProtKB	F5GZD9	PTHLH		GO:0005179	GO_REF:0000019|Ensembl:ENSRNOP00000052327	IEA	Ensembl:ENSRNOP00000052327	F	Uncharacterized protein	F5GZD9_HUMAN|IPI01013283|PTHLH	protein	taxon:9606	20120107	ENSEMBL
UniProtKB	F5H0S1	IAPP		GO:0005179	GO_REF:0000002|InterPro:IPR000443	IEA	InterPro:IPR000443	F	Uncharacterized protein	F5H0S1_HUMAN|IAPP|IPI01012213	protein	taxon:9606	20120107	InterPro
UniProtKB	F5H162	CGB2		GO:0005179	GO_REF:0000004|SP_KW:KW-0372	IEA	SP_KW:KW-0372	F	Uncharacterized protein	CGB2|F5H162_HUMAN|IPI01010290	protein	taxon:9606	20120109	UniProtKB
UniProtKB	F5H485	PTHLH		GO:0005179	GO_REF:0000002|InterPro:IPR001415	IEA	InterPro:IPR001415	F	Uncharacterized protein	F5H485_HUMAN|IPI01011945|PTHLH	protein	taxon:9606	20120107	InterPro
UniProtKB	F8VVQ8	INHBC		GO:0005179	GO_REF:0000002|InterPro:IPR001318	IEA	InterPro:IPR001318	F	Uncharacterized protein	F8VVQ8_HUMAN|INHBC	protein	taxon:9606	20120107	InterPro
UniProtKB	F8W6L1	THPO		GO:0005179	GO_REF:0000002|InterPro:IPR001323	IEA	InterPro:IPR001323	F	Uncharacterized protein	F8W6L1_HUMAN|THPO	protein	taxon:9606	20120107	InterPro
UniProtKB	F8WCM5	F8WCM5		GO:0005179	GO_REF:0000002|InterPro:IPR004825	IEA	InterPro:IPR004825	F	Uncharacterized protein	F8WCM5_HUMAN	protein	taxon:9606	20120107	InterPro
UniProtKB	G3XAG0	INSL3		GO:0005179	GO_REF:0000002|InterPro:IPR016179	IEA	InterPro:IPR016179	F	Insulin-like 3 (Leydig cell), isoform CRA_c	G3XAG0_HUMAN|hCG_36871|INSL3	protein	taxon:9606	20120107	InterPro
UniProtKB	O14643	hGH-V		GO:0005179	GO_REF:0000004|SP_KW:KW-0372	IEA	SP_KW:KW-0372	F	Placental growth hormone 20kDa isoform	GH2|hCG_1749481|hGH-V|IPI00021672|O14643_HUMAN	protein	taxon:9606	20120109	UniProtKB
UniProtKB	O14644	hGH-V		GO:0005179	GO_REF:0000004|SP_KW:KW-0372	IEA	SP_KW:KW-0372	F	Growth hormone 2 isoform 3	GH2|hCG_1749481|hGH-V|IPI00021673|O14644_HUMAN	protein	taxon:9606	20120109	UniProtKB
UniProtKB	O15444	CCL25		GO:0005179	PMID:9285413	TAS		F	C-C motif chemokine 25	A1L4J4|B5MCA5|CCL25|CCL25_HUMAN|IPI00292032|IPI00292033|Q96KJ7|SCYA25|TECK	protein	taxon:9606	20031119	PINC
UniProtKB	O43555	GNRH2		GO:0005179	GO_REF:0000004|SP_KW:KW-0372	IEA	SP_KW:KW-0372	F	Progonadoliberin-2	GNRH2|GON2_HUMAN|IPI00012880|IPI00221119|IPI00221120|Q14C68|Q14C69|Q9BYN9|Q9BYP0	protein	taxon:9606	20120109	UniProtKB
UniProtKB	O76061	STC2		GO:0005179	GO_REF:0000004|SP_KW:KW-0372	IEA	SP_KW:KW-0372	F	Stanniocalcin-2	IPI00008780|STC2|STC2_HUMAN	protein	taxon:9606	20120109	UniProtKB
UniProtKB	O95399	UTS2		GO:0005179	GO_REF:0000004|SP_KW:KW-0372	IEA	SP_KW:KW-0372	F	Urotensin-2	IPI00030122|IPI00419728|Q5H8X7|Q6UXF6|Q9UKP7|UNQ525/PRO1068|UTS2|UTS2_HUMAN	protein	taxon:9606	20120109	UniProtKB
UniProtKB	P01019	AGT		GO:0005179	PMID:1378723|GO:0031702	IC	GO:0031702	F	Angiotensinogen	AGT|ANGT_HUMAN|IPI00032220|Q16358|Q16359|Q96F91|SERPINA8	protein	taxon:9606	20080521	BHF-UCL
UniProtKB	P01019	AGT		GO:0005179	GO_REF:0000024|UniProtKB:P01015	ISS	UniProtKB:P01015	F	Angiotensinogen	AGT|ANGT_HUMAN|IPI00032220|Q16358|Q16359|Q96F91|SERPINA8	protein	taxon:9606	20080808	BHF-UCL
UniProtKB	P01148	GNRH1		GO:0005179	PMID:2863757	TAS		F	Progonadoliberin-1	A0AVP0|GNRH|GNRH1|GON1_HUMAN|GRH|IPI00000102|LHRH	protein	taxon:9606	20030904	PINC
UniProtKB	P01160	NPPA		GO:0005179	GO_REF:0000029	NAS		F	Natriuretic peptides A	ANF_HUMAN|ANP|IPI00221279|NPPA|PND|Q13766|Q5JZE1	protein	taxon:9606	20030404	UniProtKB
UniProtKB	P01189	POMC		GO:0005179	PMID:9620771	IMP		F	Pro-opiomelanocortin	COLI_HUMAN|IPI00000160|P78442|POMC|Q9UD39|Q9UD40	protein	taxon:9606	20101004	UniProtKB
UniProtKB	P01189	POMC		GO:0005179	GO_REF:0000024|UniProtKB:P01193	ISS	UniProtKB:P01193	F	Pro-opiomelanocortin	COLI_HUMAN|IPI00000160|P78442|POMC|Q9UD39|Q9UD40	protein	taxon:9606	20101004	UniProtKB
UniProtKB	P01215	CGA		GO:0005179	GO_REF:0000004|SP_KW:KW-0372	IEA	SP_KW:KW-0372	F	Glycoprotein hormones alpha chain	CGA|GLHA_HUMAN|IPI00000833	protein	taxon:9606	20120109	UniProtKB
UniProtKB	P01222	TSHB		GO:0005179	GO_REF:0000004|SP_KW:KW-0372	IEA	SP_KW:KW-0372	F	Thyrotropin subunit beta	B1AKP0|IPI00000851|Q16163|TSHB|TSHB_HUMAN	protein	taxon:9606	20120109	UniProtKB
UniProtKB	P01225	FSHB		GO:0005179	PMID:8220432	TAS		F	Follitropin subunit beta	A2TF08|A5JVV3|FSHB|FSHB_HUMAN|IPI00000853|Q14D61	protein	taxon:9606	20030904	PINC
UniProtKB	P01229	LHB		GO:0005179	GO_REF:0000004|SP_KW:KW-0372	IEA	SP_KW:KW-0372	F	Lutropin subunit beta	IPI00000854|LHB|LSHB_HUMAN|Q9UDI0	protein	taxon:9606	20120109	UniProtKB
UniProtKB	P01233	CGB7		GO:0005179	GO_REF:0000004|SP_KW:KW-0372	IEA	SP_KW:KW-0372	F	Choriogonadotropin subunit beta	A1A5E0|B9ZVP5|CGB|CGB3|CGB5|CGB7|CGB8|CGHB_HUMAN|IPI00000870|IPI00954109|Q13991|Q14000|Q3KPI3|Q3SY41|Q8WTT5|Q8WXL1|Q8WXL2|Q8WXL3|Q8WXL4	protein	taxon:9606	20120109	UniProtKB
UniProtKB	P01236	PRL		GO:0005179	GO_REF:0000004|SP_KW:KW-0372	IEA	SP_KW:KW-0372	F	Prolactin	IPI00000871|PRL|PRL_HUMAN|Q15199|Q92996	protein	taxon:9606	20120109	UniProtKB
UniProtKB	P01241	GH1		GO:0005179	GO_REF:0000004|SP_KW:KW-0372	IEA	SP_KW:KW-0372	F	Somatotropin	GH1|IPI00000889|IPI00218282|IPI00218283|IPI00218284|Q14405|Q16631|Q5EB53|Q9HBZ1|Q9UMJ7|Q9UNL5|SOMA_HUMAN	protein	taxon:9606	20120109	UniProtKB
UniProtKB	P01242	GH2		GO:0005179	GO_REF:0000004|SP_KW:KW-0372	IEA	SP_KW:KW-0372	F	Growth hormone variant	GH2|IPI00000890|IPI00218361|P09587|SOM2_HUMAN	protein	taxon:9606	20120109	UniProtKB
UniProtKB	P01243	CSH1		GO:0005179	GO_REF:0000004|SP_KW:KW-0372	IEA	SP_KW:KW-0372	F	Chorionic somatomammotropin hormone	CSH1|CSH2|CSH_HUMAN|IPI00000891|Q0VDB1|Q14407	protein	taxon:9606	20120109	UniProtKB
UniProtKB	P01258	CALCA		GO:0005179	GO_REF:0000004|SP_KW:KW-0372	IEA	SP_KW:KW-0372	F	Calcitonin	B7ZL39|CALC1|CALCA|CALC_HUMAN|IPI00000914|IPI00215863|Q13935|Q13937|Q52LX7	protein	taxon:9606	20120109	UniProtKB
UniProtKB	P01266	TG		GO:0005179	GO_REF:0000004|SP_KW:KW-0372	IEA	SP_KW:KW-0372	F	Thyroglobulin	IPI00306129|IPI00549199|O15274|O43899|Q15593|Q15948|Q9NYR1|Q9NYR2|Q9UMZ0|Q9UNY3|TG|THYG_HUMAN	protein	taxon:9606	20120109	UniProtKB
UniProtKB	P01270	PTH		GO:0005179	GO_REF:0000019|Ensembl:ENSMUSP00000078723	IEA	Ensembl:ENSMUSP00000078723	F	Parathyroid hormone	IPI00000940|PTH|PTHY_HUMAN|Q4VB48|Q9UD38	protein	taxon:9606	20120107	ENSEMBL
UniProtKB	P01275	GCG		GO:0005179	GO_REF:0000019|Ensembl:ENSRNOP00000007356	IEA	Ensembl:ENSRNOP00000007356	F	Glucagon	A6NN65|GCG|GLUC_HUMAN|IPI00744153|Q53TP6	protein	taxon:9606	20120107	ENSEMBL
UniProtKB	P01298	PPY		GO:0005179	GO_REF:0000004|SP_KW:KW-0372	IEA	SP_KW:KW-0372	F	Pancreatic prohormone	IPI00000982|PAHO_HUMAN|PNP|PPY	protein	taxon:9606	20120109	UniProtKB
UniProtKB	P01308	INS		GO:0005179	PMID:9667398|GO:0005158	IC	GO:0005158	F	Insulin	INS|INS_HUMAN|IPI00001508|Q5EEX2	protein	taxon:9606	20080602	BHF-UCL
UniProtKB	P01308	INS		GO:0005179	PMID:381941	IMP		F	Insulin	INS|INS_HUMAN|IPI00001508|Q5EEX2	protein	taxon:9606	20080602	BHF-UCL
UniProtKB	P01308	INS		GO:0005179	PMID:14986111	NAS		F	Insulin	INS|INS_HUMAN|IPI00001508|Q5EEX2	protein	taxon:9606	20050722	UniProtKB
UniProtKB	P01344	IGF2		GO:0005179	GO_REF:0000004|SP_KW:KW-0372	IEA	SP_KW:KW-0372	F	Insulin-like growth factor II	B3KX48|B7WP08|IGF2|IGF2_HUMAN|IPI00001611|IPI00940065|P78449|PP1446|Q14299|Q1WM26|Q9UC68|Q9UC69	protein	taxon:9606	20120109	UniProtKB
UniProtKB	P01350	GAST		GO:0005179	GO_REF:0000019|Ensembl:ENSRNOP00000019863	IEA	Ensembl:ENSRNOP00000019863	F	Gastrin	GAS|GAST|GAST_HUMAN|IPI00001624|P78463|P78464	protein	taxon:9606	20120107	ENSEMBL
UniProtKB	P01588	EPO		GO:0005179	GO_REF:0000004|SP_KW:KW-0372	IEA	SP_KW:KW-0372	F	Erythropoietin	EPO|EPO_HUMAN|IPI00307226|Q2M2L6|Q549U2|Q9UDZ0|Q9UEZ5|Q9UHA0	protein	taxon:9606	20120109	UniProtKB
UniProtKB	P02766	TTR		GO:0005179	GO_REF:0000004|SP_KW:KW-0372	IEA	SP_KW:KW-0372	F	Transthyretin	IPI00022432|PALB|Q549C7|Q6IB96|Q9UBZ6|Q9UCM9|TTHY_HUMAN|TTR	protein	taxon:9606	20120109	UniProtKB
UniProtKB	P03971	AMH		GO:0005179	PMID:3754790	TAS		F	Muellerian-inhibiting factor	AMH|IPI00008577|MIF|MIS_HUMAN|O75246|Q6GTN3	protein	taxon:9606	20031119	PINC
UniProtKB	P04090	RLN2		GO:0005179	GO_REF:0000004|SP_KW:KW-0372	IEA	SP_KW:KW-0372	F	Prorelaxin H2	A0AVM0|IPI00021836|IPI00218018|Q99936|Q9UCX3|Q9UQJ2|REL2_HUMAN|RLN2	protein	taxon:9606	20120109	UniProtKB
UniProtKB	P04808	RLN1		GO:0005179	GO_REF:0000004|SP_KW:KW-0372	IEA	SP_KW:KW-0372	F	Prorelaxin H1	IPI00025853|IPI00219641|Q99936|Q9UQJ1|REL1_HUMAN|RLN1	protein	taxon:9606	20120109	UniProtKB
UniProtKB	P05019	IGF1		GO:0005179	PMID:7188854	IDA		F	Insulin-like growth factor I	B2RWM7|IBP1|IGF1|IGF1_HUMAN|IPI00001610|IPI00433029|P01343	protein	taxon:9606	20080528	BHF-UCL
UniProtKB	P05060	CHGB		GO:0005179	PMID:3608978	TAS		F	Secretogranin-1	A8K021|CHGB|IPI00006601|Q59EU9|Q6IBS6|Q9BQV6|Q9UC25|Q9UJA6|SCG1|SCG1_HUMAN	protein	taxon:9606	20031119	PINC
UniProtKB	P05111	INHA		GO:0005179	PMID:12456957	TAS		F	Inhibin alpha chain	A8K8H5|INHA|INHA_HUMAN|IPI00007080	protein	taxon:9606	20030703	UniProtKB
UniProtKB	P05305	EDN1		GO:0005179	PMID:10770212	IDA		F	Endothelin-1	EDN1|EDN1_HUMAN|IPI00008327|Q96DA1	protein	taxon:9606	20080215	BHF-UCL
UniProtKB	P05305	EDN1		GO:0005179	PMID:2649896	IDA		F	Endothelin-1	EDN1|EDN1_HUMAN|IPI00008327|Q96DA1	protein	taxon:9606	20080902	BHF-UCL
UniProtKB	P06307	CCK		GO:0005179	PMID:10320330	TAS		F	Cholecystokinin	CCK|CCKN_HUMAN|IPI00026174	protein	taxon:9606	20030904	PINC
UniProtKB	P06850	CRH		GO:0005179	PMID:7585095	TAS		F	Corticoliberin	B3KQS4|CRF_HUMAN|CRH|IPI00027839	protein	taxon:9606	20030904	PINC
UniProtKB	P06881	CALCA		GO:0005179	GO_REF:0000004|SP_KW:KW-0372	IEA	SP_KW:KW-0372	F	Calcitonin gene-related peptide 1	CALC1|CALCA|CALCA_HUMAN|IPI00027855|Q93048|Q9UCP0	protein	taxon:9606	20120109	UniProtKB
UniProtKB	P08476	INHBA		GO:0005179	PMID:12456957	TAS		F	Inhibin beta A chain	INHBA|INHBA_HUMAN|IPI00028670|Q14599	protein	taxon:9606	20030702	UniProtKB
UniProtKB	P08949	NMB		GO:0005179	PMID:2458345	TAS		F	Neuromedin-B	IPI00031753|IPI00220630|NMB|NMB_HUMAN|Q96A06|Q96HH5	protein	taxon:9606	20031120	PINC
UniProtKB	P09529	INHBB		GO:0005179	PMID:3122219	TAS		F	Inhibin beta B chain	INHBB|INHBB_HUMAN|IPI00297026|Q53T31|Q8N1D3	protein	taxon:9606	20030729	UniProtKB
UniProtKB	P09681	GIP		GO:0005179	GO_REF:0000004|SP_KW:KW-0372	IEA	SP_KW:KW-0372	F	Gastric inhibitory polypeptide	GIP|GIP_HUMAN|IPI00015998|Q4VB42|Q6NTD3	protein	taxon:9606	20120109	UniProtKB
UniProtKB	P09683	SCT		GO:0005179	PMID:11060443	NAS		F	Secretin	IPI00016001|SCT|SECR_HUMAN	protein	taxon:9606	20030404	UniProtKB
UniProtKB	P0C862	C1QTNF9		GO:0005179	GO_REF:0000004|SP_KW:KW-0372	IEA	SP_KW:KW-0372	F	Complement C1q and tumor necrosis factor-related protein 9A	A2A3T6|C1QTNF9|C1QTNF9A|C1T9A_HUMAN|IPI00552240|Q0VGC5|Q5VX65|Q5VX66|Q8IUU4|UNQ6503/PRO21380	protein	taxon:9606	20120109	UniProtKB
UniProtKB	P10082	PYY		GO:0005179	PMID:10698177	TAS		F	Peptide YY	IPI00219199|IPI00298252|PYY|PYY_HUMAN|Q5U5Q6|Q6FGH8	protein	taxon:9606	20031119	PINC
UniProtKB	P10997	IAPP		GO:0005179	GO_REF:0000004|SP_KW:KW-0372	IEA	SP_KW:KW-0372	F	Islet amyloid polypeptide	IAPP|IAPP_HUMAN|IPI00023679|Q0ZD87|Q14598	protein	taxon:9606	20120109	UniProtKB
UniProtKB	P12272	PTHLH		GO:0005179	GO_REF:0000019|Ensembl:ENSRNOP00000052327	IEA	Ensembl:ENSRNOP00000052327	F	Parathyroid hormone-related protein	IPI00221080|IPI00221081|IPI00414875|PTHLH|PTHRP|PTHR_HUMAN|Q15251|Q6FH74	protein	taxon:9606	20120107	ENSEMBL
UniProtKB	P12872	MLN		GO:0005179	GO_REF:0000004|SP_KW:KW-0372	IEA	SP_KW:KW-0372	F	Promotilin	IPI00025878|MLN|MOTI_HUMAN|Q2M1L2|Q5T975|Q6NSY7	protein	taxon:9606	20120109	UniProtKB
UniProtKB	P14138	EDN3		GO:0005179	PMID:10770212	IDA		F	Endothelin-3	E1P5I5|EDN3|EDN3_HUMAN|IPI00025365|IPI00220210|Q03229	protein	taxon:9606	20080215	BHF-UCL
UniProtKB	P14138	EDN3		GO:0005179	PMID:2649896	IDA		F	Endothelin-3	E1P5I5|EDN3|EDN3_HUMAN|IPI00025365|IPI00220210|Q03229	protein	taxon:9606	20080902	BHF-UCL
UniProtKB	P16860	NPPB		GO:0005179	PMID:7601467	NAS		F	Natriuretic peptides B	ANFB_HUMAN|B0ZBE9|IPI00031101|NPPB|Q6FGY0	protein	taxon:9606	20040308	UniProtKB
UniProtKB	P20800	EDN2		GO:0005179	PMID:2649896	IDA		F	Endothelin-2	EDN2|EDN2_HUMAN|IPI00025816|Q5T1R3	protein	taxon:9606	20080902	BHF-UCL
UniProtKB	P23582	NPPC		GO:0005179	GO_REF:0000019|Ensembl:ENSRNOP00000025582	IEA	Ensembl:ENSRNOP00000025582	F	C-type natriuretic peptide	ANFC_HUMAN|CNP2|IPI00012075|NPPC|Q4ZG41	protein	taxon:9606	20120107	ENSEMBL
UniProtKB	P35318	ADM		GO:0005179	GO_REF:0000004|SP_KW:KW-0372	IEA	SP_KW:KW-0372	F	ADM	ADM|ADML_HUMAN|AM|B2R793|D3DQV3|IPI00017968|Q6FGW2	protein	taxon:9606	20120109	UniProtKB
UniProtKB	P40225	THPO		GO:0005179	GO_REF:0000004|SP_KW:KW-0372	IEA	SP_KW:KW-0372	F	Thrombopoietin	A1L3Y0|B7ZLR8|B9EGA8|IPI00218254|IPI00219943|IPI00411545|MGDF|Q13020|Q15790|Q15791|Q15792|THPO|TPO_HUMAN	protein	taxon:9606	20120109	UniProtKB
UniProtKB	P41159	LEP		GO:0005179	GO_REF:0000019|Ensembl:ENSRNOP00000008020	IEA	Ensembl:ENSRNOP00000008020	F	Leptin	IPI00012760|LEP|LEP_HUMAN|O15158|OB|OBS|Q56A88	protein	taxon:9606	20120107	ENSEMBL
UniProtKB	P51460	INSL3		GO:0005179	GO_REF:0000004|SP_KW:KW-0372	IEA	SP_KW:KW-0372	F	Insulin-like 3	B4DZ72|INSL3|INSL3_HUMAN|IPI00018695|Q3KPI5|Q3KPI6|Q9UEA2|Q9UPH6|RLF|RLNL	protein	taxon:9606	20120109	UniProtKB
UniProtKB	P52823	STC1		GO:0005179	GO_REF:0000004|SP_KW:KW-0372	IEA	SP_KW:KW-0372	F	Stanniocalcin-1	IPI00005564|STC|STC1|STC1_HUMAN	protein	taxon:9606	20120109	UniProtKB
UniProtKB	P53621	COPA		GO:0005179	GO_REF:0000004|SP_KW:KW-0372	IEA	SP_KW:KW-0372	F	Coatomer subunit alpha	COPA|COPA_HUMAN|IPI00295857|IPI00646493|Q5T201|Q8IXZ9	protein	taxon:9606	20120109	UniProtKB
UniProtKB	P55103	INHBC		GO:0005179	GO_REF:0000004|SP_KW:KW-0372	IEA	SP_KW:KW-0372	F	Inhibin beta C chain	A1L3Y2|INHBC|INHBC_HUMAN|IPI00023314	protein	taxon:9606	20120109	UniProtKB
UniProtKB	P58166	INHBE		GO:0005179	GO_REF:0000004|SP_KW:KW-0372	IEA	SP_KW:KW-0372	F	Inhibin beta E chain	INHBE|INHBE_HUMAN|IPI00011036	protein	taxon:9606	20120109	UniProtKB
UniProtKB	P61278	SST		GO:0005179	PMID:9886848	TAS		F	Somatostatin	B2R5G3|IPI00000130|P01166|SMS_HUMAN|SST	protein	taxon:9606	20061107	UniProtKB
UniProtKB	P61366	OSTN		GO:0005179	GO_REF:0000004|SP_KW:KW-0372	IEA	SP_KW:KW-0372	F	Osteocrin	A1A4U3|IPI00256974|OSTN|OSTN_HUMAN	protein	taxon:9606	20120109	UniProtKB
UniProtKB	P81172	HAMP		GO:0005179	GO_REF:0000004|SP_KW:KW-0372	IEA	SP_KW:KW-0372	F	Hepcidin	HAMP|HEPC|HEPC_HUMAN|IPI00025992|LEAP1|Q1HE14|Q9BY68|UNQ487/PRO1003	protein	taxon:9606	20120109	UniProtKB
UniProtKB	P81277	PRLH		GO:0005179	PMID:9607765	TAS		F	Prolactin-releasing peptide	IPI00026444|PRH|PRLH|PRRP_HUMAN	protein	taxon:9606	20031119	PINC
UniProtKB	Q02747	GUCA2A		GO:0005179	PMID:7947768	NAS		F	Guanylin	GUC2A_HUMAN|GUCA2|GUCA2A|IPI00026926	protein	taxon:9606	20030404	UniProtKB
UniProtKB	Q14406	CSHL1		GO:0005179	PMID:2744760	NAS		F	Chorionic somatomammotropin hormone-like 1	CSHL1|CSHL_HUMAN|CSHP1|CSL|D3DU26|D3DU27|IPI00022108|IPI00022110|IPI00374571|IPI00386440|Q0VDB2	protein	taxon:9606	20010924	UniProtKB
UniProtKB	Q14620	IGF1		GO:0005179	GO_REF:0000002|InterPro:IPR016179	IEA	InterPro:IPR016179	F	Insulin-like growth factor 1 (Somatomedin C), isoform CRA_c	hCG_21873|IGF1|IPI00793994|Q14620_HUMAN	protein	taxon:9606	20120107	InterPro
UniProtKB	Q14641	INSL4		GO:0005179	GO_REF:0000004|SP_KW:KW-0372	IEA	SP_KW:KW-0372	F	Early placenta insulin-like peptide	A8K678|INSL4|INSL4_HUMAN|IPI00032261|Q5W127	protein	taxon:9606	20120109	UniProtKB
UniProtKB	Q15848	ADIPOQ		GO:0005179	PMID:11222466	IDA		F	Adiponectin	ACDC|ACRP30|ADIPOQ|ADIPO_HUMAN|APM1|GBP28|IPI00020019|Q58EX9	protein	taxon:9606	20080926	BHF-UCL
UniProtKB	Q53XY9	PTHLH		GO:0005179	GO_REF:0000019|Ensembl:ENSRNOP00000052327	IEA	Ensembl:ENSRNOP00000052327	F	cDNA, FLJ94023, Homo sapiens parathyroid hormone-like hormone (PTHLH), mRNA	hCG_37265|IPI00221080|PTHLH|Q53XY9_HUMAN	protein	taxon:9606	20120107	ENSEMBL
UniProtKB	Q5JQD4	PYY3		GO:0005179	GO_REF:0000002|InterPro:IPR001955	IEA	InterPro:IPR001955	F	Putative peptide YY-3	IPI00552727|PYY3|PYY3_HUMAN	protein	taxon:9606	20120107	InterPro
UniProtKB	Q6NT52	CGB2		GO:0005179	GO_REF:0000004|SP_KW:KW-0372	IEA	SP_KW:KW-0372	F	Choriogonadotropin subunit beta variant 2	B9ZVM5|CGB2|CGB2_HUMAN|IPI00555688|IPI00746788	protein	taxon:9606	20120109	UniProtKB
UniProtKB	Q6UWE0	LRSAM1		GO:0005179	GO_REF:0000002|InterPro:IPR016179	IEA	InterPro:IPR016179	F	E3 ubiquitin-protein ligase LRSAM1	IPI00289113|IPI00300805|IPI00550437|LRSAM1|LRSM1_HUMAN|Q5VVV0|Q8NB40|Q96GT5|Q96MX5|Q96MZ7|TAL|UNQ6496/PRO21356	protein	taxon:9606	20120107	InterPro
UniProtKB	Q765I0	UTS2D		GO:0005179	GO_REF:0000004|SP_KW:KW-0372	IEA	SP_KW:KW-0372	F	Urotensin-2B	B3KQY8|D3DNW1|IPI00377048|Q2M1Z2|URP|UTS2B|UTS2B_HUMAN|UTS2D	protein	taxon:9606	20120109	UniProtKB
UniProtKB	Q7Z4H4	ADM2		GO:0005179	GO_REF:0000004|SP_KW:KW-0372	IEA	SP_KW:KW-0372	F	ADM2	ADM2|ADM2_HUMAN|AM2|IPI00385109|Q3LFQ0	protein	taxon:9606	20120109	UniProtKB
UniProtKB	Q86YW7	GPHB5		GO:0005179	GO_REF:0000004|SP_KW:KW-0372	IEA	SP_KW:KW-0372	F	Glycoprotein hormone beta-5	GPB5|GPHB5|GPHB5_HUMAN|IPI00168925|Q6NTD0|Q8NFW2|ZLUT1	protein	taxon:9606	20120109	UniProtKB
UniProtKB	Q8N2E6	TOR2A		GO:0005179	GO_REF:0000004|SP_KW:KW-0372	IEA	SP_KW:KW-0372	F	Prosalusin	HEMBA1005096|IPI00395845|PSEC0218|TOR2A|TOR2X_HUMAN	protein	taxon:9606	20120109	UniProtKB
UniProtKB	Q8WXF3	RLN3		GO:0005179	GO_REF:0000004|SP_KW:KW-0372	IEA	SP_KW:KW-0372	F	Relaxin-3	INSL7|IPI00103527|Q6UXW5|REL3_HUMAN|RLN3|RXN3|UNQ6188/PRO20213|ZINS4	protein	taxon:9606	20120109	UniProtKB
UniProtKB	Q969E3	UCN3		GO:0005179	GO_REF:0000004|SP_KW:KW-0372	IEA	SP_KW:KW-0372	F	Urocortin-3	IPI00056311|Q496H2|Q5SR91|SPC|UCN3|UCN3_HUMAN	protein	taxon:9606	20120109	UniProtKB
UniProtKB	Q96RP3	UCN2		GO:0005179	GO_REF:0000004|SP_KW:KW-0372	IEA	SP_KW:KW-0372	F	Urocortin-2	IPI00030945|Q9BUG0|SRP|UCN2|UCN2_HUMAN|URP	protein	taxon:9606	20120109	UniProtKB
UniProtKB	Q96T91	GPHA2		GO:0005179	GO_REF:0000004|SP_KW:KW-0372	IEA	SP_KW:KW-0372	F	Glycoprotein hormone alpha-2	GPA2|GPHA2|GPHA2_HUMAN|IPI00045935|Q52LE2|ZSIG51	protein	taxon:9606	20120109	UniProtKB
UniProtKB	Q9BQ08	RETNLB		GO:0005179	GO_REF:0000004|SP_KW:KW-0372	IEA	SP_KW:KW-0372	F	Resistin-like beta	CCRG|FIZZ2|HXCP2|IPI00000282|Q14D27|RETNB_HUMAN|RETNL2|RETNLB|UNQ408/PRO770	protein	taxon:9606	20120109	UniProtKB
UniProtKB	Q9HD89	RETN		GO:0005179	GO_REF:0000029	NAS		F	Resistin	D6W649|FIZZ3|HXCP1|IPI00006988|Q540D9|RETN|RETN_HUMAN|RSTN|UNQ407/PRO1199	protein	taxon:9606	20021104	UniProtKB
UniProtKB	Q9NRI6	PYY2		GO:0005179	GO_REF:0000002|InterPro:IPR001955	IEA	InterPro:IPR001955	F	Putative peptide YY-2	IPI00026910|PYY2|PYY2_HUMAN	protein	taxon:9606	20120107	InterPro
UniProtKB	Q9UBC7	GALP		GO:0005179	GO_REF:0000004|SP_KW:KW-0372	IEA	SP_KW:KW-0372	F	Galanin-like peptide	A1KXL3|GALP|GALP_HUMAN|IPI00011579|IPI00827730	protein	taxon:9606	20120109	UniProtKB
UniProtKB	Q9UEF7	KL		GO:0005179	GO_REF:0000004|SP_KW:KW-0372	IEA	SP_KW:KW-0372	F	Klotho	IPI00170818|IPI00295265|KL|KLOT_HUMAN|Q5VZ95|Q96KV5|Q96KW5|Q9UEI9|Q9Y4F0	protein	taxon:9606	20120109	UniProtKB
UniProtKB	Q9ULZ1	APLN		GO:0005179	GO_REF:0000004|SP_KW:KW-0372	IEA	SP_KW:KW-0372	F	Apelin	APEL|APEL_HUMAN|APLN|IPI00010087|Q4VY08|Q8WU89	protein	taxon:9606	20120109	UniProtKB
UniProtKB	Q9Y581	INSL6		GO:0005179	PMID:10598589	NAS		F	Insulin-like peptide INSL6	A0AVS0|INSL6|INSL6_HUMAN|IPI00294949|Q9NS16|RIF1	protein	taxon:9606	20030423	UniProtKB
UniProtKB	Q9Y5Q6	INSL5		GO:0005179	GO_REF:0000029	NAS		F	Insulin-like peptide INSL5	INSL5|INSL5_HUMAN|IPI00001717|Q3MIY4|Q5VYD8|UNQ156/PRO182	protein	taxon:9606	20030404	UniProtKB
UniProtKB	Q76B53	RETN		GO:0005179	GO_REF:0000002|InterPro:IPR009714	IEA	InterPro:IPR009714	F	Resistin delta2	IPI00444544|Q76B53_HUMAN|RETN	protein	taxon:9606	20120107	InterPro
UniProtKB	A6XMH3	PRL		GO:0005179	GO_REF:0000004|SP_KW:KW-0372	IEA	SP_KW:KW-0372	F	Prolactin	A6XMH3_HUMAN|E9PF72|IPI00855965|PRL	protein	taxon:9606	20120109	UniProtKB
UniProtKB	B1A4G9	GH1		GO:0005179	GO_REF:0000004|SP_KW:KW-0372	IEA	SP_KW:KW-0372	F	Uncharacterized protein	A6NP12|B1A4G9_HUMAN|GH1|hCG_1749481|IPI00374407	protein	taxon:9606	20120109	UniProtKB
UniProtKB	B1A4H2	CSH1		GO:0005179	GO_REF:0000004|SP_KW:KW-0372	IEA	SP_KW:KW-0372	F	Uncharacterized protein	B1A4H2_HUMAN|CSH1|hCG_1749481|IPI00374576	protein	taxon:9606	20120109	UniProtKB
UniProtKB	B1A4H9	CSH2		GO:0005179	GO_REF:0000004|SP_KW:KW-0372	IEA	SP_KW:KW-0372	F	Chorionic somatomammotropin hormone 2 isoform 3	B1A4H9_HUMAN|CSH2|IPI00374579	protein	taxon:9606	20120109	UniProtKB
UniProtKB	P01225	FSHB		GO:0016913	GO_REF:0000029	NAS		F	Follitropin subunit beta	A2TF08|A5JVV3|FSHB|FSHB_HUMAN|IPI00000853|Q14D61	protein	taxon:9606	20040415	UniProtKB
UniProtKB	P20396	TRH		GO:0008437	GO_REF:0000019|Ensembl:ENSRNOP00000015944	IEA	Ensembl:ENSRNOP00000015944	F	Prothyroliberin	B2R8R1|IPI00023604|Q2TB83|TRH|TRH_HUMAN	protein	taxon:9606	20120107	ENSEMBL
UniProtKB	P01148	GNRH1		GO:0005183	GO_REF:0000002|InterPro:IPR004079	IEA	InterPro:IPR004079	F	Progonadoliberin-1	A0AVP0|GNRH|GNRH1|GON1_HUMAN|GRH|IPI00000102|LHRH	protein	taxon:9606	20120107	InterPro
UniProtKB	P06850	CRH		GO:0017045	GO_REF:0000019|Ensembl:ENSRNOP00000016953	IEA	Ensembl:ENSRNOP00000016953	F	Corticoliberin	B3KQS4|CRF_HUMAN|CRH|IPI00027839	protein	taxon:9606	20120107	ENSEMBL
