UniProtKB	A8MTJ3	GNAT3		GO:0004435	Reactome:REACT_15353	TAS		F	Guanine nucleotide-binding protein G(t) subunit alpha-3	A4D1B2|A4D1B3|B9EJG5|GNAT3|GNAT3_HUMAN|IPI00248911	protein	taxon:9606	20040406	Reactome
UniProtKB	B3KR14	PLCD1		GO:0004435	GO_REF:0000002|InterPro:IPR001192	IEA	InterPro:IPR001192	F	cDNA FLJ33455 fis, clone BRAMY2000354, highly similar to 1-phosphatidylinositol-4,5-bisphosphatephosphodiesterase delta 1 (EC 3.1.4.11)	B3KR14_HUMAN|IPI00016461|PLCD1	protein	taxon:9606	20120107	InterPro
UniProtKB	B9DI81	PLCH2		GO:0004435	GO_REF:0000002|InterPro:IPR001192	IEA	InterPro:IPR001192	F	Uncharacterized protein	B9DI81_HUMAN|IPI00873071|PLCH2|RP3-395M20.1-001	protein	taxon:9606	20120107	InterPro
UniProtKB	B9DI82	PLCH2		GO:0004435	GO_REF:0000002|InterPro:IPR001192	IEA	InterPro:IPR001192	F	Phospholipase C, eta 2, isoform CRA_d	B9DI82_HUMAN|hCG_2033655|IPI00744887|PLCH2|RP3-395M20.1-002	protein	taxon:9606	20120107	InterPro
UniProtKB	B9EGH5	PLCB2		GO:0004435	GO_REF:0000002|InterPro:IPR001192	IEA	InterPro:IPR001192	F	Uncharacterized protein	B9EGH5_HUMAN|IPI00914935|PLCB2	protein	taxon:9606	20120107	InterPro
UniProtKB	C9IZ68	PLCZ1		GO:0004435	GO_REF:0000002|InterPro:IPR001192	IEA	InterPro:IPR001192	F	Uncharacterized protein	C9IZ68_HUMAN|IPI00792324|PLCZ1	protein	taxon:9606	20120107	InterPro
UniProtKB	C9J228	PLCH1		GO:0004435	GO_REF:0000002|InterPro:IPR001192	IEA	InterPro:IPR001192	F	Uncharacterized protein	C9J228_HUMAN|IPI00889624|PLCH1	protein	taxon:9606	20120107	InterPro
UniProtKB	C9JEA7	PLCD4		GO:0004435	GO_REF:0000002|InterPro:IPR001192	IEA	InterPro:IPR001192	F	Uncharacterized protein	C9JEA7_HUMAN|IPI00927498|PLCD4	protein	taxon:9606	20120107	InterPro
UniProtKB	C9JI17	PLCD4		GO:0004435	GO_REF:0000002|InterPro:IPR001192	IEA	InterPro:IPR001192	F	Uncharacterized protein	C9JI17_HUMAN|IPI01015054|PLCD4	protein	taxon:9606	20120107	InterPro
UniProtKB	E2QRH8	PLCB4		GO:0004435	GO_REF:0000002|InterPro:IPR001192	IEA	InterPro:IPR001192	F	Uncharacterized protein	E2QRH8_HUMAN|IPI00827781|PLCB4	protein	taxon:9606	20120107	InterPro
UniProtKB	F5H2Y6	PLCZ1		GO:0004435	GO_REF:0000002|InterPro:IPR001192	IEA	InterPro:IPR001192	F	Uncharacterized protein	F5H2Y6_HUMAN|IPI00384651|PLCZ1	protein	taxon:9606	20120107	InterPro
UniProtKB	F5H828	PLCZ1		GO:0004435	GO_REF:0000002|InterPro:IPR001711	IEA	InterPro:IPR001711	F	Uncharacterized protein	F5H828_HUMAN|IPI00384651|PLCZ1	protein	taxon:9606	20120107	InterPro
UniProtKB	G5E960	PLCB3		GO:0004435	GO_REF:0000002|InterPro:IPR001192	IEA	InterPro:IPR001192	F	Uncharacterized protein	G5E960_HUMAN|hCG_21376|PLCB3	protein	taxon:9606	20120107	InterPro
UniProtKB	O00254	F2RL2		GO:0004435	PMID:9087410	TAS		F	Proteinase-activated receptor 3	B2R754|F2RL2|IPI00010870|PAR3|PAR3_HUMAN|Q52M68|Q7Z3W3	protein	taxon:9606	20031119	PINC
UniProtKB	O75038	PLCH2		GO:0004435	GO_REF:0000003|EC:3.1.4.11	IEA	EC:3.1.4.11	F	1-phosphatidylinositol-4,5-bisphosphate phosphodiesterase eta-2	A2VCM3|B9DI80|IPI00384764|IPI00409676|IPI00654552|IPI00744887|IPI00873071|KIAA0450|PLCH2|PLCH2_HUMAN|PLCL4|Q3LUA8|Q86XJ2|Q86XU1|Q86YU7|Q8TEH5|Q8WUS6	protein	taxon:9606	20120107	UniProtKB
UniProtKB	P04899	GNAI2		GO:0004435	Reactome:REACT_15353	TAS		F	Guanine nucleotide-binding protein G(i) subunit alpha-2	GNAI2|GNAI2B|GNAI2_HUMAN|IPI00217906|IPI00748145|Q8IZ71	protein	taxon:9606	20040406	Reactome
UniProtKB	P08754	GNAI3		GO:0004435	Reactome:REACT_15353	TAS		F	Guanine nucleotide-binding protein G(k) subunit alpha	GNAI3|GNAI3_HUMAN|IPI00220578|P17539	protein	taxon:9606	20040406	Reactome
UniProtKB	P08912	CHRM5		GO:0004435	PMID:1905013	TAS		F	Muscarinic acetylcholine receptor M5	ACM5_HUMAN|CHRM5|IPI00031710|Q96RG7	protein	taxon:9606	20031119	PINC
UniProtKB	P09471	GNAO1		GO:0004435	Reactome:REACT_15353	TAS		F	Guanine nucleotide-binding protein G(o) subunit alpha	GNAO1|GNAO_HUMAN|IPI00220281|IPI00398700|P29777|Q8TD72|Q9UMV4	protein	taxon:9606	20040406	Reactome
UniProtKB	P11229	CHRM1		GO:0004435	PMID:9614217	TAS		F	Muscarinic acetylcholine receptor M1	ACM1_HUMAN|CHRM1|IPI00298980	protein	taxon:9606	20031119	PINC
UniProtKB	P11488	GNAT1		GO:0004435	Reactome:REACT_15353	TAS		F	Guanine nucleotide-binding protein G(t) subunit alpha-1	GNAT1|GNAT1_HUMAN|GNATR|IPI00218488|Q4VBN2	protein	taxon:9606	20040406	Reactome
UniProtKB	P13501	CCL5		GO:0004435	PMID:10734056	IDA		F	C-C motif chemokine 5	CCL5|CCL5_HUMAN|D17S136E|IPI00009309|O43646|Q0QVW8|Q4ZGJ1|Q9NYA2|Q9UBG2|Q9UC99|SCYA5	protein	taxon:9606	20111208	UniProtKB
UniProtKB	P16885	PLCG2		GO:0004435	PMID:11606584	IDA		F	1-phosphatidylinositol-4,5-bisphosphate phosphodiesterase gamma-2	D3DUL3|IPI00329185|PLCG2|PLCG2_HUMAN|Q3ZTS2|Q59H45|Q969T5	protein	taxon:9606	20111220	UniProtKB
UniProtKB	P16885	PLCG2		GO:0004435	PMID:12181444	IDA		F	1-phosphatidylinositol-4,5-bisphosphate phosphodiesterase gamma-2	D3DUL3|IPI00329185|PLCG2|PLCG2_HUMAN|Q3ZTS2|Q59H45|Q969T5	protein	taxon:9606	20111220	UniProtKB
UniProtKB	P19086	GNAZ		GO:0004435	Reactome:REACT_15353	TAS		F	Guanine nucleotide-binding protein G(z) subunit alpha	B2R6C1|GNAZ|GNAZ_HUMAN|IPI00328128|Q4QRJ6	protein	taxon:9606	20040406	Reactome
UniProtKB	P19087	GNAT2		GO:0004435	Reactome:REACT_15353	TAS		F	Guanine nucleotide-binding protein G(t) subunit alpha-2	GNAT2|GNAT2_HUMAN|GNATC|IPI00217269	protein	taxon:9606	20040406	Reactome
UniProtKB	P19174	PLCG1		GO:0004435	PMID:2550068	IDA		F	1-phosphatidylinositol-4,5-bisphosphate phosphodiesterase gamma-1	B7ZLY7|B9EGH4|E1P5W4|IPI00016736|IPI00383849|PLC1|PLCG1|PLCG1_HUMAN|Q2V575	protein	taxon:9606	20100514	UniProtKB
UniProtKB	P19174	PLCG1		GO:0004435	Reactome:REACT_12585	TAS		F	1-phosphatidylinositol-4,5-bisphosphate phosphodiesterase gamma-1	B7ZLY7|B9EGH4|E1P5W4|IPI00016736|IPI00383849|PLC1|PLCG1|PLCG1_HUMAN|Q2V575	protein	taxon:9606	20071108	Reactome
UniProtKB	P20309	CHRM3		GO:0004435	PMID:1905013	TAS		F	Muscarinic acetylcholine receptor M3	ACM3_HUMAN|CHRM3|IPI00023456|Q0VAJ8|Q4QRI3|Q5VXY2|Q9HB60	protein	taxon:9606	20031119	PINC
UniProtKB	P25101	EDNRA		GO:0004435	PMID:8702836	TAS		F	Endothelin-1 receptor	B2R723|D3DP03|EDNRA|EDNRA_HUMAN|ETA|ETRA|IPI00434353|IPI00434354|IPI00434355|IPI00434356|O43441|Q16432|Q16433|Q8TBH2	protein	taxon:9606	20031119	PINC
UniProtKB	P28223	HTR2A		GO:0004435	PMID:16517693	IMP		F	5-hydroxytryptamine receptor 2A	5HT2A_HUMAN|B2RAC5|HTR2|HTR2A|IPI00002185|Q5T8C0	protein	taxon:9606	20100614	UniProtKB
UniProtKB	P28335	HTR2C		GO:0004435	PMID:12970106	IDA		F	5-hydroxytryptamine receptor 2C	5HT2C_HUMAN|HTR1C|HTR2C|IPI00002876|Q5VUF8|Q9NP28	protein	taxon:9606	20100614	UniProtKB
UniProtKB	P30411	BDKRB2		GO:0004435	PMID:8302267	TAS		F	B2 bradykinin receptor	BDKRB2|BKR2|BKRB2_HUMAN|IPI00026534|IPI00218209	protein	taxon:9606	20031119	PINC
UniProtKB	P32239	CCKBR		GO:0004435	PMID:7681836	TAS		F	Gastrin/cholecystokinin type B receptor	A8K7P9|CCKBR|CCKRB|GASR_HUMAN|IPI00027667|IPI00893039|IPI00893152|O75824|Q16144|Q92492|Q96LC6|Q9NYK7|Q9UBV1	protein	taxon:9606	20031119	PINC
UniProtKB	P32246	CCR1		GO:0004435	PMID:10734056	IDA		F	C-C chemokine receptor type 1	CCR1|CCR1_HUMAN|CMKBR1|CMKR1|IPI00027685|Q86VA9|SCYAR1	protein	taxon:9606	20111208	UniProtKB
UniProtKB	P41180	CASR		GO:0004435	PMID:7874174	TAS		F	Extracellular calcium-sensing receptor	CASR|CASR_HUMAN|GPRC2A|IPI00012817|IPI00216479|PCAR1|Q13912|Q16108|Q16109|Q16110|Q16379|Q2M1T0|Q4PJ19	protein	taxon:9606	20031119	PINC
UniProtKB	P41595	HTR2B		GO:0004435	PMID:12970106	IDA		F	5-hydroxytryptamine receptor 2B	5HT2B_HUMAN|B2R9D5|HTR2B|IPI00015134|Q53TI1|Q62221|Q6P523	protein	taxon:9606	20100614	UniProtKB
UniProtKB	P41595	HTR2B		GO:0004435	PMID:19057895	IDA		F	5-hydroxytryptamine receptor 2B	5HT2B_HUMAN|B2R9D5|HTR2B|IPI00015134|Q53TI1|Q62221|Q6P523	protein	taxon:9606	20100614	UniProtKB
UniProtKB	P41595	HTR2B		GO:0004435	PMID:8143856	IDA		F	5-hydroxytryptamine receptor 2B	5HT2B_HUMAN|B2R9D5|HTR2B|IPI00015134|Q53TI1|Q62221|Q6P523	protein	taxon:9606	20100513	UniProtKB
UniProtKB	P41595	HTR2B		GO:0004435	PMID:16517693	IMP		F	5-hydroxytryptamine receptor 2B	5HT2B_HUMAN|B2R9D5|HTR2B|IPI00015134|Q53TI1|Q62221|Q6P523	protein	taxon:9606	20100614	UniProtKB
UniProtKB	P51178	PLCD1		GO:0004435	GO_REF:0000003|EC:3.1.4.11	IEA	EC:3.1.4.11	F	1-phosphatidylinositol-4,5-bisphosphate phosphodiesterase delta-1	IPI00746030|PLCD1|PLCD1_HUMAN|Q86VN8	protein	taxon:9606	20120107	UniProtKB
UniProtKB	P51681	CCR5		GO:0004435	PMID:8663314	TAS		F	C-C chemokine receptor type 5	CCR5|CCR5_HUMAN|CMKBR5|IPI00743929|O14692|O14693|O14695|O14696|O14697|O14698|O14699|O14700|O14701|O14702|O14703|O14704|O14705|O14706|O14707|O14708|O15538|Q9UPA4	protein	taxon:9606	20031119	PINC
UniProtKB	P63096	GNAI1		GO:0004435	Reactome:REACT_15353	TAS		F	Guanine nucleotide-binding protein G(i) subunit alpha-1	A8KA88|GNAI1|GNAI1_HUMAN|IPI00337415|P04898|P11015|P31871|Q5U074|Q8TAN5|Q9UGA4	protein	taxon:9606	20040406	Reactome
UniProtKB	Q00722	PLCB2		GO:0004435	Reactome:REACT_15353	TAS		F	1-phosphatidylinositol-4,5-bisphosphate phosphodiesterase beta-2	A8K6J2|IPI00784327|IPI00914935|PLCB2|PLCB2_HUMAN	protein	taxon:9606	20040406	Reactome
UniProtKB	Q01970	PLCB3		GO:0004435	Reactome:REACT_15353	TAS		F	1-phosphatidylinositol-4,5-bisphosphate phosphodiesterase beta-3	A5PKZ6|IPI00010400|PLCB3|PLCB3_HUMAN	protein	taxon:9606	20040406	Reactome
UniProtKB	Q15111	PLCL1		GO:0004435	GO_REF:0000002|InterPro:IPR001192	IEA	InterPro:IPR001192	F	Inactive phospholipase C-like protein 1	IPI00006660|IPI00789181|PLCL1|PLCL1_HUMAN|Q3MJ90|Q53SD3|Q7Z3S3	protein	taxon:9606	20120107	InterPro
UniProtKB	Q15147	PLCB4		GO:0004435	Reactome:REACT_15353	TAS		F	1-phosphatidylinositol-4,5-bisphosphate phosphodiesterase beta-4	B7ZLK6|IPI00014897|IPI00783004|IPI00883983|PLCB4|PLCB4_HUMAN|Q17R56|Q5JYS8|Q5JYT0|Q5JYT3|Q5JYT4|Q9BQW5|Q9BQW6|Q9BQW8|Q9UJQ2	protein	taxon:9606	20040406	Reactome
UniProtKB	Q16581	C3AR1		GO:0004435	PMID:8765043	TAS		F	C3a anaphylatoxin chemotactic receptor	AZ3B|C3AR1|C3AR_HUMAN|C3R1|HNFAG09|IPI00293530|O43771|Q92868	protein	taxon:9606	20031119	PINC
UniProtKB	Q86YW0	PLCZ1		GO:0004435	GO_REF:0000003|EC:3.1.4.11	IEA	EC:3.1.4.11	F	1-phosphatidylinositol-4,5-bisphosphate phosphodiesterase zeta-1	IPI00172666|IPI00384651|IPI00792324|PLCZ1|PLCZ1_HUMAN|Q08AQ7|Q96J70	protein	taxon:9606	20120107	UniProtKB
UniProtKB	Q8N3E9	PLCD3		GO:0004435	GO_REF:0000003|EC:3.1.4.11	IEA	EC:3.1.4.11	F	1-phosphatidylinositol-4,5-bisphosphate phosphodiesterase delta-3	IPI00152701|KIAA1964|PLCD3|PLCD3_HUMAN|Q8TEC1|Q8TF37|Q96FL6	protein	taxon:9606	20120107	UniProtKB
UniProtKB	Q8N7S5	PLCZ1		GO:0004435	GO_REF:0000002|InterPro:IPR001192	IEA	InterPro:IPR001192	F	Uncharacterized protein	IPI01010242|PLCZ1|Q8N7S5_HUMAN	protein	taxon:9606	20120107	InterPro
UniProtKB	Q8N7X7	PLCZ1		GO:0004435	GO_REF:0000002|InterPro:IPR001192	IEA	InterPro:IPR001192	F	Uncharacterized protein	IPI00182449|PLCZ1|Q8N7X7_HUMAN	protein	taxon:9606	20120107	InterPro
UniProtKB	Q9BRC7	PLCD4		GO:0004435	GO_REF:0000003|EC:3.1.4.11	IEA	EC:3.1.4.11	F	1-phosphatidylinositol-4,5-bisphosphate phosphodiesterase delta-4	IPI00013745|IPI00867639|PLCD4|PLCD4_HUMAN|Q53FS8	protein	taxon:9606	20120107	UniProtKB
UniProtKB	Q9NQ66	PLCB1		GO:0004435	GO_REF:0000024|UniProtKB:Q9Z1B3	ISS	UniProtKB:Q9Z1B3	F	1-phosphatidylinositol-4,5-bisphosphate phosphodiesterase beta-1	D3DW12|D3DW13|IPI00219563|IPI00395561|KIAA0581|O60325|PLCB1|PLCB1_HUMAN|Q17RQ6|Q5TFF7|Q5TGC9|Q8IV93|Q9BQW2|Q9H4H2|Q9H8H5|Q9NQ65|Q9NQH9|Q9NTH4|Q9UJP6|Q9UM26	protein	taxon:9606	20110304	BHF-UCL
UniProtKB	Q9NQ66	PLCB1		GO:0004435	PMID:11118617	NAS		F	1-phosphatidylinositol-4,5-bisphosphate phosphodiesterase beta-1	D3DW12|D3DW13|IPI00219563|IPI00395561|KIAA0581|O60325|PLCB1|PLCB1_HUMAN|Q17RQ6|Q5TFF7|Q5TGC9|Q8IV93|Q9BQW2|Q9H4H2|Q9H8H5|Q9NQ65|Q9NQH9|Q9NTH4|Q9UJP6|Q9UM26	protein	taxon:9606	20010918	UniProtKB
UniProtKB	Q9NQ66	PLCB1		GO:0004435	Reactome:REACT_15353	TAS		F	1-phosphatidylinositol-4,5-bisphosphate phosphodiesterase beta-1	D3DW12|D3DW13|IPI00219563|IPI00395561|KIAA0581|O60325|PLCB1|PLCB1_HUMAN|Q17RQ6|Q5TFF7|Q5TGC9|Q8IV93|Q9BQW2|Q9H4H2|Q9H8H5|Q9NQ65|Q9NQH9|Q9NTH4|Q9UJP6|Q9UM26	protein	taxon:9606	20040406	Reactome
UniProtKB	Q9P212	PLCE1		GO:0004435	PMID:11022047	IDA		F	1-phosphatidylinositol-4,5-bisphosphate phosphodiesterase epsilon-1	A6NGW0|A6NLA1|A7MBN7|A8K1D7|B9EIJ6|IPI00010604|IPI00791109|KIAA1516|PLCE|PLCE1|PLCE1_HUMAN|PPLC|Q1X6H8|Q5VWL4|Q5VWL5|Q9H9X8|Q9HBX6|Q9HC53|Q9UHV3	protein	taxon:9606	20061108	UniProtKB
UniProtKB	Q9P212	PLCE1		GO:0004435	PMID:11022048	IDA		F	1-phosphatidylinositol-4,5-bisphosphate phosphodiesterase epsilon-1	A6NGW0|A6NLA1|A7MBN7|A8K1D7|B9EIJ6|IPI00010604|IPI00791109|KIAA1516|PLCE|PLCE1|PLCE1_HUMAN|PPLC|Q1X6H8|Q5VWL4|Q5VWL5|Q9H9X8|Q9HBX6|Q9HC53|Q9UHV3	protein	taxon:9606	20061108	UniProtKB
UniProtKB	Q9UPR0	PLCL2		GO:0004435	GO_REF:0000002|InterPro:IPR001192	IEA	InterPro:IPR001192	F	Inactive phospholipase C-like protein 2	A8K5V4|IPI00010334|IPI00789859|IPI00847504|KIAA1092|PLCE2|PLCL2|PLCL2_HUMAN|Q8N498|Q9H8L0|Q9UFP9	protein	taxon:9606	20120107	InterPro
UniProtKB	Q4KWH8	PLCH1		GO:0004435	GO_REF:0000003|EC:3.1.4.11	IEA	EC:3.1.4.11	F	1-phosphatidylinositol-4,5-bisphosphate phosphodiesterase eta-1	IPI00175416|IPI00783616|IPI00848061|IPI00889624|KIAA1069|PLCH1|PLCH1_HUMAN|PLCL3|Q29RV9|Q4KWH9|Q68CN0|Q86XK4|Q9H9U2|Q9UPT3	protein	taxon:9606	20120107	UniProtKB
UniProtKB	F8W062	PLA2G1B		GO:0047498	GO_REF:0000019|Ensembl:ENSRNOP00000001525	IEA	Ensembl:ENSRNOP00000001525	F	Uncharacterized protein	F8W062_HUMAN|PLA2G1B	protein	taxon:9606	20120107	ENSEMBL
UniProtKB	P04054	PLA2G1B		GO:0047498	PMID:7060561	IDA		F	Phospholipase A2	B2R4H5|IPI00021792|PA21B_HUMAN|PLA2|PLA2A|PLA2G1B|PPLA2|Q3KPI1	protein	taxon:9606	20080430	BHF-UCL
UniProtKB	P0C869	PLA2G4B		GO:0047498	PMID:10085124	IDA		F	Cytosolic phospholipase A2 beta	B4DRT9|IPI00413939|IPI00783406|IPI00783975|IPI00925427|IPI00969053|O95712|PA24B_HUMAN|PLA2G4B|Q19KD5|Q19KD6|Q59GF9|Q8TB10|Q9UKV7	protein	taxon:9606	20090115	UniProtKB
UniProtKB	P14555	PLA2G2A		GO:0047498	PMID:9272153	TAS		F	Phospholipase A2, membrane associated	A8K5I7|IPI00026962|PA2GA_HUMAN|PLA2B|PLA2G2A|PLA2L|Q6DN24|Q6IBD9|Q9UCD2|RASF-A	protein	taxon:9606	20031119	UniProtKB
UniProtKB	P39877	PLA2G5		GO:0047498	GO_REF:0000019|Ensembl:ENSRNOP00000022715	IEA	Ensembl:ENSRNOP00000022715	F	Calcium-dependent phospholipase A2	IPI00026664|PA2G5_HUMAN|PLA2G5|Q8N435	protein	taxon:9606	20120107	ENSEMBL
UniProtKB	P47712	PLA2G4A		GO:0047498	GO_REF:0000019|Ensembl:ENSRNOP00000003630	IEA	Ensembl:ENSRNOP00000003630	F	Cytosolic phospholipase A2	B1AKG4|CPLA2|IPI00026108|PA24A_HUMAN|PLA2G4|PLA2G4A|Q29R80	protein	taxon:9606	20120107	ENSEMBL
UniProtKB	Q68DD2	PLA2G4F		GO:0047498	GO_REF:0000019|Ensembl:ENSMUSP00000062607	IEA	Ensembl:ENSMUSP00000062607	F	Cytosolic phospholipase A2 zeta	IPI00743154|IPI00783797|IPI00940945|PA24F_HUMAN|PLA2G4F|Q6ZMC8	protein	taxon:9606	20120107	ENSEMBL
UniProtKB	Q9BZM1	PLA2G12A		GO:0047498	PMID:11031251	NAS		F	Group XIIA secretory phospholipase A2	FKSG38|IPI00017095|PG12A_HUMAN|PLA2G12|PLA2G12A|Q9BZ89|UNQ2519/PRO6012	protein	taxon:9606	20030901	UniProtKB
UniProtKB	Q9NZ20	PLA2G3		GO:0047498	PMID:10713052	TAS		F	Group 3 secretory phospholipase A2	IPI00024578|O95768|PA2G3_HUMAN|PLA2G3	protein	taxon:9606	20031119	PINC
UniProtKB	Q53H76	PLA1A		GO:0008970	PMID:10196188	TAS		F	Phospholipase A1 member A	B2R8V2|IPI00642790|IPI00794633|IPI00827534|NMD|O95991|PLA1A|PLA1A_HUMAN|PSPLA1|Q86WX6|Q9UPD2	protein	taxon:9606	20070906	PINC
UniProtKB	Q9Y5X9	LIPG		GO:0008970	PMID:10318835	IDA		F	Endothelial lipase	B0LPG6|IPI00005686|IPI00554544|LIPE_HUMAN|LIPG|Q6P9C8|Q6UW82|UNQ387/PRO719	protein	taxon:9606	20090324	MGI
UniProtKB	Q8N2A8	PLD6		GO:0035755	PMID:17028579	IDA		F	Mitochondrial cardiolipin hydrolase	IPI00251454|PLD6|PLD6_HUMAN|Q8N5Y1	protein	taxon:9606	20110325	UniProtKB
UniProtKB	Q8N2A8	PLD6		GO:0035755	PMID:21397848	IDA		F	Mitochondrial cardiolipin hydrolase	IPI00251454|PLD6|PLD6_HUMAN|Q8N5Y1	protein	taxon:9606	20110325	UniProtKB
UniProtKB	C9JP92	PLCXD1		GO:0004629	GO_REF:0000002|InterPro:IPR000909	IEA	InterPro:IPR000909	F	Uncharacterized protein	C9JP92_HUMAN|IPI00853253|PLCXD1	protein	taxon:9606	20120107	InterPro
UniProtKB	E5RHZ2	TMEM68		GO:0004629	GO_REF:0000002|InterPro:IPR000909	IEA	InterPro:IPR000909	F	Uncharacterized protein	E5RHZ2_HUMAN|IPI00974427|TMEM68	protein	taxon:9606	20120107	InterPro
UniProtKB	F5GZK3	PLCZ1		GO:0004629	GO_REF:0000019|Ensembl:ENSMUSP00000032356	IEA	Ensembl:ENSMUSP00000032356	F	Uncharacterized protein	F5GZK3_HUMAN|IPI00791906|PLCZ1	protein	taxon:9606	20120107	ENSEMBL
UniProtKB	F5H2D7	PLCZ1		GO:0004629	GO_REF:0000002|InterPro:IPR000909	IEA	InterPro:IPR000909	F	Uncharacterized protein	F5H2D7_HUMAN|IPI01014311|PLCZ1	protein	taxon:9606	20120107	InterPro
UniProtKB	F5H3L4	PLCZ1		GO:0004629	GO_REF:0000019|Ensembl:ENSMUSP00000032356	IEA	Ensembl:ENSMUSP00000032356	F	Uncharacterized protein	F5H3L4_HUMAN|IPI01013467|PLCZ1	protein	taxon:9606	20120107	ENSEMBL
UniProtKB	F5H474	PLCZ1		GO:0004629	GO_REF:0000019|Ensembl:ENSMUSP00000032356	IEA	Ensembl:ENSMUSP00000032356	F	Uncharacterized protein	F5H474_HUMAN|IPI01014467|PLCZ1	protein	taxon:9606	20120107	ENSEMBL
UniProtKB	O95837	GNA14		GO:0004629	Reactome:REACT_960	TAS		F	Guanine nucleotide-binding protein subunit alpha-14	GNA14|GNA14_HUMAN|IPI00000695	protein	taxon:9606	20100518	Reactome
UniProtKB	P29992	GNA11		GO:0004629	Reactome:REACT_960	TAS		F	Guanine nucleotide-binding protein subunit alpha-11	GA11|GNA11|GNA11_HUMAN|IPI00305551|O15109|Q14350|Q6IB00	protein	taxon:9606	20100518	Reactome
UniProtKB	P30101	PDIA3		GO:0004629	PMID:3398923	TAS		F	Protein disulfide-isomerase A3	ERP57|ERP60|GRP58|IPI00025252|PDIA3|PDIA3_HUMAN|Q13453|Q14255|Q8IYF8|Q9UMU7	protein	taxon:9606	20030904	PINC
UniProtKB	P30542	ADORA1		GO:0004629	GO_REF:0000019|Ensembl:ENSRNOP00000004602	IEA	Ensembl:ENSRNOP00000004602	F	Adenosine receptor A1	A6NFY5|A6NGP4|A8K1L3|AA1R_HUMAN|ADORA1|B3KXQ4|IPI00026872|IPI00645335|Q6FHK3|Q8TAM8	protein	taxon:9606	20120107	ENSEMBL
UniProtKB	P30679	GNA15		GO:0004629	Reactome:REACT_960	TAS		F	Guanine nucleotide-binding protein subunit alpha-15	GNA15|GNA15_HUMAN|GNA16|IPI00027243|O75247|Q53XK2	protein	taxon:9606	20100518	Reactome
UniProtKB	P50148	GNAQ		GO:0004629	Reactome:REACT_960	TAS		F	Guanine nucleotide-binding protein G(q) subunit alpha	GAQ|GNAQ|GNAQ_HUMAN|IPI00288947|O15108|Q13462|Q6NT27|Q92471|Q9BZB9	protein	taxon:9606	20100518	Reactome
UniProtKB	P80108	GPLD1		GO:0004629	GO_REF:0000002|InterPro:IPR001531	IEA	InterPro:IPR001531	F	Phosphatidylinositol-glycan-specific phospholipase D	GPLD1|IPI00299503|IPI00376358|PHLD_HUMAN|PIGPLD1|Q15127|Q15128|Q2M2F2|Q5T3Y0|Q7Z6T8|Q8TCV0|Q8WW82|Q96ID6|Q9H167|Q9H4M1|Q9UJC9	protein	taxon:9606	20120107	InterPro
UniProtKB	Q00722	PLCB2		GO:0004629	Reactome:REACT_960	TAS		F	1-phosphatidylinositol-4,5-bisphosphate phosphodiesterase beta-2	A8K6J2|IPI00784327|IPI00914935|PLCB2|PLCB2_HUMAN	protein	taxon:9606	20100518	Reactome
UniProtKB	Q01970	PLCB3		GO:0004629	Reactome:REACT_960	TAS		F	1-phosphatidylinositol-4,5-bisphosphate phosphodiesterase beta-3	A5PKZ6|IPI00010400|PLCB3|PLCB3_HUMAN	protein	taxon:9606	20100518	Reactome
UniProtKB	Q0VAA5	PLCXD2		GO:0004629	GO_REF:0000002|InterPro:IPR000909	IEA	InterPro:IPR000909	F	PI-PLC X domain-containing protein 2	IPI00867633|IPI00910529|PLCX2_HUMAN|PLCXD2|Q96N12	protein	taxon:9606	20120107	InterPro
UniProtKB	Q15027	ACAP1		GO:0004629	GO_REF:0000002|InterPro:IPR000909	IEA	InterPro:IPR000909	F	Arf-GAP with coiled-coil, ANK repeat and PH domain-containing protein 1	ACAP1|ACAP1_HUMAN|CENTB1|IPI00014199|KIAA0050|Q53XN9	protein	taxon:9606	20120107	InterPro
UniProtKB	Q15111	PLCL1		GO:0004629	PMID:7633416	TAS		F	Inactive phospholipase C-like protein 1	IPI00006660|IPI00789181|PLCL1|PLCL1_HUMAN|Q3MJ90|Q53SD3|Q7Z3S3	protein	taxon:9606	20030904	PINC
UniProtKB	Q15147	PLCB4		GO:0004629	Reactome:REACT_960	TAS		F	1-phosphatidylinositol-4,5-bisphosphate phosphodiesterase beta-4	B7ZLK6|IPI00014897|IPI00783004|IPI00883983|PLCB4|PLCB4_HUMAN|Q17R56|Q5JYS8|Q5JYT0|Q5JYT3|Q5JYT4|Q9BQW5|Q9BQW6|Q9BQW8|Q9UJQ2	protein	taxon:9606	20100518	Reactome
UniProtKB	Q63HM9	PLCXD3		GO:0004629	GO_REF:0000002|InterPro:IPR000909	IEA	InterPro:IPR000909	F	PI-PLC X domain-containing protein 3	A6NL04|IPI00470475|PLCX3_HUMAN|PLCXD3	protein	taxon:9606	20120107	InterPro
UniProtKB	Q9NQ66	PLCB1		GO:0004629	Reactome:REACT_960	TAS		F	1-phosphatidylinositol-4,5-bisphosphate phosphodiesterase beta-1	D3DW12|D3DW13|IPI00219563|IPI00395561|KIAA0581|O60325|PLCB1|PLCB1_HUMAN|Q17RQ6|Q5TFF7|Q5TGC9|Q8IV93|Q9BQW2|Q9H4H2|Q9H8H5|Q9NQ65|Q9NQH9|Q9NTH4|Q9UJP6|Q9UM26	protein	taxon:9606	20100518	Reactome
UniProtKB	Q9NUJ7	PLCXD1		GO:0004629	GO_REF:0000002|InterPro:IPR000909	IEA	InterPro:IPR000909	F	PI-PLC X domain-containing protein 1	A2BH51|A2BH52|IPI00020072|PLCX1_HUMAN|PLCXD1	protein	taxon:9606	20120107	InterPro
UniProtKB	Q9P212	PLCE1		GO:0004629	PMID:11022047	IDA		F	1-phosphatidylinositol-4,5-bisphosphate phosphodiesterase epsilon-1	A6NGW0|A6NLA1|A7MBN7|A8K1D7|B9EIJ6|IPI00010604|IPI00791109|KIAA1516|PLCE|PLCE1|PLCE1_HUMAN|PPLC|Q1X6H8|Q5VWL4|Q5VWL5|Q9H9X8|Q9HBX6|Q9HC53|Q9UHV3	protein	taxon:9606	20061108	UniProtKB
UniProtKB	C9JGB1	NAPEPLD		GO:0070290	GO_REF:0000002|InterPro:IPR024884	IEA	InterPro:IPR024884	F	Uncharacterized protein	C9JGB1_HUMAN|IPI00926774|NAPEPLD	protein	taxon:9606	20120107	InterPro
UniProtKB	O14939	PLD2		GO:0070290	GO_REF:0000003|EC:3.1.4.4	IEA	EC:3.1.4.4	F	Phospholipase D2	IPI00024727|IPI00216566|IPI00216567|O43540|O43579|O43580|PLD2|PLD2_HUMAN|Q6PGR0|Q96BY3	protein	taxon:9606	20120107	UniProtKB
UniProtKB	Q13393	PLD1		GO:0070290	GO_REF:0000003|EC:3.1.4.4	IEA	EC:3.1.4.4	F	Phospholipase D1	IPI00012865|IPI00218797|IPI00218798|IPI00218799|PLD1|PLD1_HUMAN	protein	taxon:9606	20120107	UniProtKB
UniProtKB	Q6IQ20	NAPEPLD		GO:0070290	GO_REF:0000002|InterPro:IPR024884	IEA	InterPro:IPR024884	F	N-acyl-phosphatidylethanolamine-hydrolyzing phospholipase D	C7orf18|IPI00939660|NAPEPLD|NAPEP_HUMAN|Q5CZ87|Q769K1	protein	taxon:9606	20120107	InterPro
UniProtKB	Q8IV08	PLD3		GO:0070290	GO_REF:0000003|EC:3.1.4.4	IEA	EC:3.1.4.4	F	Phospholipase D3	IPI00328243|PLD3|PLD3_HUMAN|Q92853|Q9BW87	protein	taxon:9606	20120107	UniProtKB
UniProtKB	Q96BZ4	PLD4		GO:0070290	GO_REF:0000003|EC:3.1.4.4	IEA	EC:3.1.4.4	F	Phospholipase D4	C14orf175|IPI01010014|PLD4|PLD4_HUMAN|Q6UWD2|UNQ2488/PRO5775	protein	taxon:9606	20120107	UniProtKB
UniProtKB	B7WPN2	PLA2G4E		GO:0004623	GO_REF:0000019|Ensembl:ENSMUSP00000087525	IEA	Ensembl:ENSMUSP00000087525	F	Uncharacterized protein	B7WPN2_HUMAN|IPI00936735|PLA2G4E	protein	taxon:9606	20120107	ENSEMBL
UniProtKB	C9J4Y5	PLA2G4D		GO:0004623	GO_REF:0000019|Ensembl:ENSMUSP00000092252	IEA	Ensembl:ENSMUSP00000092252	F	Uncharacterized protein	C9J4Y5_HUMAN|IPI00784249|PLA2G4D	protein	taxon:9606	20120107	ENSEMBL
UniProtKB	C9JIS6	PROCA1		GO:0004623	GO_REF:0000002|InterPro:IPR001211	IEA	InterPro:IPR001211	F	Uncharacterized protein	C9JIS6_HUMAN|IPI01014643|PROCA1	protein	taxon:9606	20120107	InterPro
UniProtKB	D6RBP5	PLA2G12A		GO:0004623	GO_REF:0000002|InterPro:IPR010711	IEA	InterPro:IPR010711	F	Uncharacterized protein	D6RBP5_HUMAN|hCG_21046|IPI00964611|PLA2G12A	protein	taxon:9606	20120107	InterPro
UniProtKB	G5E9R8	PROCA1		GO:0004623	GO_REF:0000002|InterPro:IPR001211	IEA	InterPro:IPR001211	F	Uncharacterized protein	G5E9R8_HUMAN|hCG_2042792|PROCA1	protein	taxon:9606	20120107	InterPro
UniProtKB	O15496	PLA2G10		GO:0004623	GO_REF:0000003|EC:3.1.1.4	IEA	EC:3.1.1.4	F	Group 10 secretory phospholipase A2	IPI00216471|PA2GX_HUMAN|PLA2G10|Q14DU3|Q6NT23	protein	taxon:9606	20120107	UniProtKB
UniProtKB	O60733	PLA2G6		GO:0004623	PMID:9417066	TAS		F	85 kDa calcium-independent phospholipase A2	A8K597|B0QYE8|IPI00031476|IPI00220207|IPI00220209|IPI00375455|IPLA2|O75645|PA2G6_HUMAN|PLA2G6|Q8N452|Q9UG29|Q9UIT0|Q9Y671	protein	taxon:9606	20030904	PINC
UniProtKB	P04054	PLA2G1B		GO:0004623	PMID:1918029	IDA		F	Phospholipase A2	B2R4H5|IPI00021792|PA21B_HUMAN|PLA2|PLA2A|PLA2G1B|PPLA2|Q3KPI1	protein	taxon:9606	20080501	BHF-UCL
UniProtKB	P04180	LCAT		GO:0004623	GO_REF:0000019|Ensembl:ENSRNOP00000026583	IEA	Ensembl:ENSRNOP00000026583	F	Phosphatidylcholine-sterol acyltransferase	IPI00022331|LCAT|LCAT_HUMAN|Q53XQ3	protein	taxon:9606	20120107	ENSEMBL
UniProtKB	P14555	PLA2G2A		GO:0004623	PMID:17069818	IDA		F	Phospholipase A2, membrane associated	A8K5I7|IPI00026962|PA2GA_HUMAN|PLA2B|PLA2G2A|PLA2L|Q6DN24|Q6IBD9|Q9UCD2|RASF-A	protein	taxon:9606	20090115	BHF-UCL
UniProtKB	P30041	PRDX6		GO:0004623	PMID:10893423	IDA		F	Peroxiredoxin-6	A8JZY7|AOP2|IPI00220301|KIAA0106|P32077|PRDX6|PRDX6_HUMAN|Q5TAH4|Q5ZEZ8	protein	taxon:9606	20010820	UniProtKB
UniProtKB	P47712	PLA2G4A		GO:0004623	PMID:8702602	IDA		F	Cytosolic phospholipase A2	B1AKG4|CPLA2|IPI00026108|PA24A_HUMAN|PLA2G4|PLA2G4A|Q29R80	protein	taxon:9606	20101001	UniProtKB
UniProtKB	P47712	PLA2G4A		GO:0004623	PMID:8381049	NAS		F	Cytosolic phospholipase A2	B1AKG4|CPLA2|IPI00026108|PA24A_HUMAN|PLA2G4|PLA2G4A|Q29R80	protein	taxon:9606	20030901	UniProtKB
UniProtKB	P53816	PLA2G16		GO:0004623	PMID:20100577	IDA		F	Group XVI phospholipase A2	B2R7Q4|B7XAK5|HRASLS3|HREV107|IPI00296480|PAG16_HUMAN|PLA2G16|Q3SYI3|Q9HDD1	protein	taxon:9606	20111205	UniProtKB
UniProtKB	Q02509	OC90		GO:0004623	GO_REF:0000002|InterPro:IPR001211	IEA	InterPro:IPR001211	F	Otoconin-90	B4DNG8|IPI00788284|IPI00938069|OC90|OC90_HUMAN|PLA2L	protein	taxon:9606	20120107	InterPro
UniProtKB	Q3MJ16	PLA2G4E		GO:0004623	GO_REF:0000003|EC:3.1.1.4	IEA	EC:3.1.1.4	F	Cytosolic phospholipase A2 epsilon	IPI00936735|IPI00942942|PA24E_HUMAN|PLA2G4E|Q6ZSC0	protein	taxon:9606	20120107	UniProtKB
UniProtKB	Q5R387	PLA2G2C		GO:0004623	GO_REF:0000002|InterPro:IPR001211	IEA	InterPro:IPR001211	F	Putative inactive group IIC secretory phospholipase A2	IPI00868677|PA2GC_HUMAN|PLA2G2C|Q7M4M6	protein	taxon:9606	20120107	InterPro
UniProtKB	Q6P1J6	PLB1		GO:0004623	GO_REF:0000003|EC:3.1.1.4	IEA	EC:3.1.1.4	F	Phospholipase B1, membrane-associated	A8KAX2|IPI00397878|IPI00478604|IPI00886740|IPI00888210|IPI00888960|PLB|PLB1|PLB1_HUMAN|Q53S03|Q8IUP7|Q96DP9	protein	taxon:9606	20120107	UniProtKB
UniProtKB	Q86XP0	PLA2G4D		GO:0004623	GO_REF:0000003|EC:3.1.1.4	IEA	EC:3.1.1.4	F	Cytosolic phospholipase A2 delta	IPI00384577|IPI00784249|PA24D_HUMAN|PLA2G4D|Q8N176	protein	taxon:9606	20120107	UniProtKB
UniProtKB	Q8NCQ7	PROCA1		GO:0004623	GO_REF:0000002|InterPro:IPR001211	IEA	InterPro:IPR001211	F	Protein PROCA1	IPI00168423|IPI00893455|PRCA1_HUMAN|PROCA1	protein	taxon:9606	20120107	InterPro
UniProtKB	Q9BS22	PLA2G1B		GO:0004623	GO_REF:0000002|InterPro:IPR001211	IEA	InterPro:IPR001211	F	Uncharacterized protein	IPI00029251|PLA2G1B|Q9BS22_HUMAN	protein	taxon:9606	20120107	InterPro
UniProtKB	Q9BX93	PLA2G12B		GO:0004623	GO_REF:0000002|InterPro:IPR010711	IEA	InterPro:IPR010711	F	Group XIIB secretory phospholipase A2-like protein	FKSG71|IPI00000240|PG12B_HUMAN|PLA2G12B|PLA2G13|Q52LB2|Q96Q99	protein	taxon:9606	20120107	InterPro
UniProtKB	Q9BZM2	PLA2G2F		GO:0004623	PMID:11112443	NAS		F	Group IIF secretory phospholipase A2	IPI00010184|IPI00930096|PA2GF_HUMAN|PLA2G2F|Q5R385|Q8N217|Q9H506	protein	taxon:9606	20030901	UniProtKB
UniProtKB	Q9NST1	PNPLA3		GO:0004623	PMID:15364929	IDA		F	Patatin-like phospholipase domain-containing protein 3	ADPN|B0QYI0|B2RCL3|B3KW00|C22orf20|IPI00019245|IPI00878819|PLPL3_HUMAN|PNPLA3|Q6P1A1|Q96CB4	protein	taxon:9606	20041014	UniProtKB
UniProtKB	Q9NZK7	PLA2G2E		GO:0004623	GO_REF:0000003|EC:3.1.1.4	IEA	EC:3.1.1.4	F	Group IIE secretory phospholipase A2	IPI00005553|PA2GE_HUMAN|PLA2G2E|Q5VXJ8	protein	taxon:9606	20120107	UniProtKB
UniProtKB	Q9UL19	RARRES3		GO:0004623	PMID:20100577	IDA		F	Retinoic acid receptor responder protein 3	B2R599|B4DDW2|E7ENZ7|IPI00296991|IPI00909431|O95200|RARRES3|RIG1|TIG3|TIG3_HUMAN	protein	taxon:9606	20111205	UniProtKB
UniProtKB	Q9UNK4	PLA2G2D		GO:0004623	GO_REF:0000003|EC:3.1.1.4	IEA	EC:3.1.1.4	F	Group IID secretory phospholipase A2	A8K2Z1|B1AEL9|IPI00018259|PA2GD_HUMAN|PLA2G2D|Q9UK01|SPLASH	protein	taxon:9606	20120107	UniProtKB
UniProtKB	F5H5K9	PNPLA6		GO:0004622	GO_REF:0000002|InterPro:IPR001423	IEA	InterPro:IPR001423	F	Uncharacterized protein	F5H5K9_HUMAN|IPI00921822|PNPLA6	protein	taxon:9606	20120107	InterPro
UniProtKB	O75608	LYPLA1		GO:0004622	PMID:10064899	TAS		F	Acyl-protein thioesterase 1	APT1|IPI00007321|IPI00398727|LPL1|LYPA1_HUMAN|LYPLA1|O43202|Q9UQF9	protein	taxon:9606	20100528	PINC
UniProtKB	P0C869	PLA2G4B		GO:0004622	PMID:10358058	NAS		F	Cytosolic phospholipase A2 beta	B4DRT9|IPI00413939|IPI00783406|IPI00783975|IPI00925427|IPI00969053|O95712|PA24B_HUMAN|PLA2G4B|Q19KD5|Q19KD6|Q59GF9|Q8TB10|Q9UKV7	protein	taxon:9606	20090115	UniProtKB
UniProtKB	P47712	PLA2G4A		GO:0004622	GO_REF:0000003|EC:3.1.1.5	IEA	EC:3.1.1.5	F	Cytosolic phospholipase A2	B1AKG4|CPLA2|IPI00026108|PA24A_HUMAN|PLA2G4|PLA2G4A|Q29R80	protein	taxon:9606	20120107	UniProtKB
UniProtKB	Q05315	CLC		GO:0004622	GO_REF:0000003|EC:3.1.1.5	IEA	EC:3.1.1.5	F	Eosinophil lysophospholipase	CLC|IPI00216071|LPPL_HUMAN|Q0VDE3	protein	taxon:9606	20120107	UniProtKB
UniProtKB	Q13822	ENPP2		GO:0004622	PMID:21240271	IDA		F	Ectonucleotide pyrophosphatase/phosphodiesterase family member 2	A8UHA1|ATX|ENPP2|ENPP2_HUMAN|IPI00156171|IPI00303210|IPI00878576|PDNP2|Q13827|Q14555|Q15117|Q9UCQ8|Q9UCR0|Q9UCR1|Q9UCR2|Q9UCR3|Q9UCR4	protein	taxon:9606	20110318	UniProtKB
UniProtKB	Q5VWZ2	LYPLAL1		GO:0004622	PMID:12706107	NAS		F	Lysophospholipase-like protein 1	IPI00059762|IPI00642838|LYPL1_HUMAN|LYPLAL1|Q5VWZ3|Q7Z4A3|Q96AV0	protein	taxon:9606	20080924	UniProtKB
UniProtKB	Q68DD2	PLA2G4F		GO:0004622	GO_REF:0000019|Ensembl:ENSMUSP00000062607	IEA	Ensembl:ENSMUSP00000062607	F	Cytosolic phospholipase A2 zeta	IPI00743154|IPI00783797|IPI00940945|PA24F_HUMAN|PLA2G4F|Q6ZMC8	protein	taxon:9606	20120107	ENSEMBL
UniProtKB	Q6P1J6	PLB1		GO:0004622	GO_REF:0000003|EC:3.1.1.5	IEA	EC:3.1.1.5	F	Phospholipase B1, membrane-associated	A8KAX2|IPI00397878|IPI00478604|IPI00886740|IPI00888210|IPI00888960|PLB|PLB1|PLB1_HUMAN|Q53S03|Q8IUP7|Q96DP9	protein	taxon:9606	20120107	UniProtKB
UniProtKB	Q86U10	ASPG		GO:0004622	GO_REF:0000003|EC:3.1.1.5	IEA	EC:3.1.1.5	F	60 kDa lysophospholipase	ASPG|B9EGQ2|C14orf76|IPI00735641|IPI00985438|LPP60_HUMAN|Q8IV80	protein	taxon:9606	20120107	UniProtKB
UniProtKB	Q8IY17	PNPLA6		GO:0004622	GO_REF:0000003|EC:3.1.1.5	IEA	EC:3.1.1.5	F	Neuropathy target esterase	A6NGQ0|IPI00217600|IPI00640818|IPI00940388|NTE|O60859|PLPL6_HUMAN|PNPLA6|Q86W58|Q9UG58	protein	taxon:9606	20120107	UniProtKB
UniProtKB	Q8NCC3	PLA2G15		GO:0004622	PMID:10092508	TAS		F	Group XV phospholipase A2	B3KMF3|IPI00301459|LYPLA3|PAG15_HUMAN|PLA2G15|Q53GZ1|Q9NPQ6|Q9UG04|Q9Y2B3|UNQ341/PRO540	protein	taxon:9606	20050308	PINC
UniProtKB	Q99685	MGLL		GO:0004622	PMID:9495531	TAS		F	Monoglyceride lipase	IPI00455206|MGLL|MGLL_HUMAN|Q6IBG9|Q96AA5	protein	taxon:9606	20030904	PINC
UniProtKB	Q9NP80	PNPLA8		GO:0004622	GO_REF:0000003|EC:3.1.1.5	IEA	EC:3.1.1.5	F	Calcium-independent phospholipase A2-gamma	A4D0S1|BM-043|IPI00181047|IPI00784076|IPLA22|IPLA2G|O95035|PLPL8_HUMAN|PNPLA8|Q8N3I3|Q9H7T5|Q9NR17|Q9NUN2|Q9NZ79	protein	taxon:9606	20120107	UniProtKB
UniProtKB	Q9UHV8	LGALS13		GO:0004622	GO_REF:0000003|EC:3.1.1.5	IEA	EC:3.1.1.5	F	Galactoside-binding soluble lectin 13	IPI00002276|LGALS13|PLAC8|PP13_HUMAN	protein	taxon:9606	20120107	UniProtKB
UniProtKB	C9J281	PLA2G4F		GO:0004620	GO_REF:0000002|InterPro:IPR002642	IEA	InterPro:IPR002642	F	Uncharacterized protein	C9J281_HUMAN|IPI00952966|PLA2G4F	protein	taxon:9606	20120107	InterPro
UniProtKB	C9J2U1	PLA2G4F		GO:0004620	GO_REF:0000002|InterPro:IPR002642	IEA	InterPro:IPR002642	F	Uncharacterized protein	C9J2U1_HUMAN|IPI00477968|PLA2G4F	protein	taxon:9606	20120107	InterPro
UniProtKB	C9JK77	PLA2G4E		GO:0004620	GO_REF:0000002|InterPro:IPR002642	IEA	InterPro:IPR002642	F	Uncharacterized protein	C9JK77_HUMAN|IPI00936735|PLA2G4E	protein	taxon:9606	20120107	InterPro
UniProtKB	E7EU42	PLA2G4A		GO:0004620	GO_REF:0000002|InterPro:IPR002642	IEA	InterPro:IPR002642	F	Uncharacterized protein	E7EU42_HUMAN|IPI00909648|PLA2G4A	protein	taxon:9606	20120107	InterPro
UniProtKB	E7EWV5	PLA2G4F		GO:0004620	GO_REF:0000002|InterPro:IPR002642	IEA	InterPro:IPR002642	F	Uncharacterized protein	E7EWV5_HUMAN|IPI00743154|PLA2G4F	protein	taxon:9606	20120107	InterPro
UniProtKB	O15496	PLA2G10		GO:0004620	PMID:20844270|UniProtKB:Q9QXX3	ISS	UniProtKB:Q9QXX3	F	Group 10 secretory phospholipase A2	IPI00216471|PA2GX_HUMAN|PLA2G10|Q14DU3|Q6NT23	protein	taxon:9606	20110504	BHF-UCL
UniProtKB	P06858	LPL		GO:0004620	PMID:10727238|UniProtKB:P11151	ISS	UniProtKB:P11151	F	Lipoprotein lipase	B2R5T9|IPI00027847|LIPD|LIPL_HUMAN|LPL|Q16282|Q16283|Q96FC4	protein	taxon:9606	20080110	BHF-UCL
UniProtKB	P11150	LIPC		GO:0004620	PMID:3244012	TAS		F	Hepatic triacylglycerol lipase	A2RUB4|A8K9B6|HTGL|IPI00003882|LIPC|LIPC_HUMAN|O43571|P78529|Q99465	protein	taxon:9606	20090508	BHF-UCL
UniProtKB	P54317	PNLIPRP2		GO:0004620	PMID:18702514	IDA		F	Pancreatic lipase-related protein 2	A8K627|IPI00005924|LIPR2_HUMAN|PLRP2|PNLIPRP2|Q6IB55	protein	taxon:9606	20100917	UniProtKB
UniProtKB	Q6XZB0	LIPI		GO:0004620	PMID:12963729	IDA		F	Lipase member I	IPI00395604|IPI00654722|LIPI|LIPI_HUMAN|LPDL|PRED5	protein	taxon:9606	20110405	UniProtKB
UniProtKB	Q8WWY8	LIPH		GO:0004620	PMID:12963729	IDA		F	Lipase member H	A2IBA7|IPI00103480|LIPH|LIPH_HUMAN|LPDLR|MPAPLA1|PLA1B|Q8TEC7	protein	taxon:9606	20110405	UniProtKB
UniProtKB	Q9Y5X9	LIPG		GO:0004620	PMID:10192396	IDA		F	Endothelial lipase	B0LPG6|IPI00005686|IPI00554544|LIPE_HUMAN|LIPG|Q6P9C8|Q6UW82|UNQ387/PRO719	protein	taxon:9606	20090508	BHF-UCL
UniProtKB	Q4KWH8	PLCH1		GO:0050429	PMID:15702972	IDA		F	1-phosphatidylinositol-4,5-bisphosphate phosphodiesterase eta-1	IPI00175416|IPI00783616|IPI00848061|IPI00889624|KIAA1069|PLCH1|PLCH1_HUMAN|PLCL3|Q29RV9|Q4KWH9|Q68CN0|Q86XK4|Q9H9U2|Q9UPT3	protein	taxon:9606	20091109	MGI
UniProtKB	B1AHA8	HMOX1		GO:0004630	GO_REF:0000019|Ensembl:ENSRNOP00000019192	IEA	Ensembl:ENSRNOP00000019192	F	Heme oxygenase (Decycling) 1	B1AHA8_HUMAN|CTA-286B10.6-002|HMOX1|IPI00877645	protein	taxon:9606	20120107	ENSEMBL
UniProtKB	C9IY79	PLD1		GO:0004630	GO_REF:0000019|Ensembl:ENSRNOP00000034466	IEA	Ensembl:ENSRNOP00000034466	F	Uncharacterized protein	C9IY79_HUMAN|IPI00218798|PLD1	protein	taxon:9606	20120107	ENSEMBL
UniProtKB	O14939	PLD2		GO:0004630	GO_REF:0000003|EC:3.1.4.4	IEA	EC:3.1.4.4	F	Phospholipase D2	IPI00024727|IPI00216566|IPI00216567|O43540|O43579|O43580|PLD2|PLD2_HUMAN|Q6PGR0|Q96BY3	protein	taxon:9606	20120107	UniProtKB
UniProtKB	P09601	HMOX1		GO:0004630	GO_REF:0000019|Ensembl:ENSRNOP00000019192	IEA	Ensembl:ENSRNOP00000019192	F	Heme oxygenase 1	HMOX1|HMOX1_HUMAN|HO|HO1|IPI00215893	protein	taxon:9606	20120107	ENSEMBL
UniProtKB	P80108	GPLD1		GO:0004630	PMID:2017684	TAS		F	Phosphatidylinositol-glycan-specific phospholipase D	GPLD1|IPI00299503|IPI00376358|PHLD_HUMAN|PIGPLD1|Q15127|Q15128|Q2M2F2|Q5T3Y0|Q7Z6T8|Q8TCV0|Q8WW82|Q96ID6|Q9H167|Q9H4M1|Q9UJC9	protein	taxon:9606	20030904	PINC
UniProtKB	Q13393	PLD1		GO:0004630	GO_REF:0000003|EC:3.1.4.4	IEA	EC:3.1.4.4	F	Phospholipase D1	IPI00012865|IPI00218797|IPI00218798|IPI00218799|PLD1|PLD1_HUMAN	protein	taxon:9606	20120107	UniProtKB
UniProtKB	Q8IV08	PLD3		GO:0004630	GO_REF:0000003|EC:3.1.4.4	IEA	EC:3.1.4.4	F	Phospholipase D3	IPI00328243|PLD3|PLD3_HUMAN|Q92853|Q9BW87	protein	taxon:9606	20120107	UniProtKB
UniProtKB	Q96BZ4	PLD4		GO:0004630	GO_REF:0000003|EC:3.1.4.4	IEA	EC:3.1.4.4	F	Phospholipase D4	C14orf175|IPI01010014|PLD4|PLD4_HUMAN|Q6UWD2|UNQ2488/PRO5775	protein	taxon:9606	20120107	UniProtKB
UniProtKB	B4DM23	SMPD4		GO:0050290	GO_REF:0000002|InterPro:IPR024129	IEA	InterPro:IPR024129	F	Uncharacterized protein	B4DM23_HUMAN|IPI00909249|SMPD4	protein	taxon:9606	20120107	InterPro
UniProtKB	B4DQ31	SMPD4		GO:0050290	GO_REF:0000002|InterPro:IPR024129	IEA	InterPro:IPR024129	F	cDNA FLJ53156, highly similar to Homo sapiens sphingomyelin phosphodiesterase 4, neutral membrane, transcript variant 2, mRNA	B4DQ31_HUMAN|IPI00910965|SMPD4	protein	taxon:9606	20120107	InterPro
UniProtKB	B4DWK7	SMPD4		GO:0050290	GO_REF:0000002|InterPro:IPR024129	IEA	InterPro:IPR024129	F	Uncharacterized protein	B4DWK7_HUMAN|E9PCE6|FLJ20297|hCG_1992407|IPI01016049|SMPD4	protein	taxon:9606	20120107	InterPro
UniProtKB	B4E0L6	SMPD4		GO:0050290	GO_REF:0000002|InterPro:IPR024129	IEA	InterPro:IPR024129	F	Uncharacterized protein	B4E0L6_HUMAN|IPI00828125|SMPD4	protein	taxon:9606	20120107	InterPro
UniProtKB	C9J647	SMPD4		GO:0050290	GO_REF:0000002|InterPro:IPR024129	IEA	InterPro:IPR024129	F	Uncharacterized protein	C9J647_HUMAN|IPI01018199|SMPD4	protein	taxon:9606	20120107	InterPro
UniProtKB	E7ESA2	SMPD4		GO:0050290	GO_REF:0000002|InterPro:IPR024129	IEA	InterPro:IPR024129	F	Uncharacterized protein	E7ESA2_HUMAN|IPI00910464|SMPD4	protein	taxon:9606	20120107	InterPro
UniProtKB	F2Z2I0	SMPD4		GO:0050290	GO_REF:0000002|InterPro:IPR024129	IEA	InterPro:IPR024129	F	Uncharacterized protein	F2Z2I0_HUMAN|IPI00917957|SMPD4	protein	taxon:9606	20120107	InterPro
UniProtKB	F2Z2W5	SMPD4		GO:0050290	GO_REF:0000002|InterPro:IPR024129	IEA	InterPro:IPR024129	F	Uncharacterized protein	F2Z2W5_HUMAN|IPI00917450|SMPD4	protein	taxon:9606	20120107	InterPro
UniProtKB	F8WEQ5	SMPD4		GO:0050290	GO_REF:0000002|InterPro:IPR024129	IEA	InterPro:IPR024129	F	Uncharacterized protein	F8WEQ5_HUMAN|SMPD4	protein	taxon:9606	20120107	InterPro
UniProtKB	F8WF03	SMPD4		GO:0050290	GO_REF:0000002|InterPro:IPR024129	IEA	InterPro:IPR024129	F	Uncharacterized protein	F8WF03_HUMAN|SMPD4	protein	taxon:9606	20120107	InterPro
UniProtKB	Q9NXE4	SMPD4		GO:0050290	PMID:16517606	IDA		F	Sphingomyelin phosphodiesterase 4	IPI00793691|IPI00827746|IPI00828125|IPI00828176|IPI00903175|KIAA1418|NSMA3_HUMAN|Q6FI76|Q6P1P7|Q6ZT43|Q9H0M2|Q9NW20|Q9NWL2|Q9P2C9|SMPD4	protein	taxon:9606	20071001	HGNC
UniProtKB	P80108	GPLD1		GO:0004621	GO_REF:0000003|EC:3.1.4.50	IEA	EC:3.1.4.50	F	Phosphatidylinositol-glycan-specific phospholipase D	GPLD1|IPI00299503|IPI00376358|PHLD_HUMAN|PIGPLD1|Q15127|Q15128|Q2M2F2|Q5T3Y0|Q7Z6T8|Q8TCV0|Q8WW82|Q96ID6|Q9H167|Q9H4M1|Q9UJC9	protein	taxon:9606	20120107	UniProtKB
UniProtKB	E7EWE2	SMPD1		GO:0004767	GO_REF:0000002|InterPro:IPR011160	IEA	InterPro:IPR011160	F	Uncharacterized protein	E7EWE2_HUMAN|IPI00980058|SMPD1	protein	taxon:9606	20120107	InterPro
UniProtKB	E9PKS3	SMPD1		GO:0004767	GO_REF:0000002|InterPro:IPR011160	IEA	InterPro:IPR011160	F	Uncharacterized protein	E9PKS3_HUMAN|IPI00218784|SMPD1	protein	taxon:9606	20120107	InterPro
UniProtKB	F8VWW8	SMPDL3B		GO:0004767	GO_REF:0000002|InterPro:IPR017064	IEA	InterPro:IPR017064	F	Uncharacterized protein	F8VWW8_HUMAN|SMPDL3B	protein	taxon:9606	20120107	InterPro
UniProtKB	G3XAB5	SMPD1		GO:0004767	GO_REF:0000002|InterPro:IPR011160	IEA	InterPro:IPR011160	F	Sphingomyelin phosphodiesterase 1, acid lysosomal (Acid sphingomyelinase), isoform CRA_b	G3XAB5_HUMAN|hCG_24080|SMPD1	protein	taxon:9606	20120107	InterPro
UniProtKB	O60906	SMPD2		GO:0004767	Reactome:REACT_115857	TAS		F	Sphingomyelin phosphodiesterase 2	IPI00017670|NSMA_HUMAN|Q5TED1|Q9BWR3|SMPD2	protein	taxon:9606	20110921	Reactome
UniProtKB	P17405	SMPD1		GO:0004767	GO_REF:0000003|EC:3.1.4.12	IEA	EC:3.1.4.12	F	Sphingomyelin phosphodiesterase	ASM|ASM_HUMAN|IPI00218785|IPI00296461|IPI00971183|P17406|Q13811|Q16837|Q16841|SMPD1	protein	taxon:9606	20120107	UniProtKB
UniProtKB	Q6UWV6	ENPP7		GO:0004767	PMID:12671034	IDA		F	Ectonucleotide pyrophosphatase/phosphodiesterase family member 7	ENPP7|ENPP7_HUMAN|IPI00419668|Q6ZTS5|Q8IUS8|UNQ3077/PRO9912	protein	taxon:9606	20050412	UniProtKB
UniProtKB	Q6UWV6	ENPP7		GO:0004767	PMID:12885774	IDA		F	Ectonucleotide pyrophosphatase/phosphodiesterase family member 7	ENPP7|ENPP7_HUMAN|IPI00419668|Q6ZTS5|Q8IUS8|UNQ3077/PRO9912	protein	taxon:9606	20050412	UniProtKB
UniProtKB	Q92484	SMPDL3A		GO:0004767	GO_REF:0000002|InterPro:IPR017064	IEA	InterPro:IPR017064	F	Acid sphingomyelinase-like phosphodiesterase 3a	ASM3A_HUMAN|ASML3A|IPI00178767|Q8WV13|SMPDL3A	protein	taxon:9606	20120107	InterPro
UniProtKB	Q92485	SMPDL3B		GO:0004767	GO_REF:0000002|InterPro:IPR017064	IEA	InterPro:IPR017064	F	Acid sphingomyelinase-like phosphodiesterase 3b	ASM3B_HUMAN|ASML3B|B7ZB35|IPI00386427|IPI00550115|Q5T0Z0|Q96CB7|SMPDL3B	protein	taxon:9606	20120107	InterPro
UniProtKB	Q9NXE4	SMPD4		GO:0004767	Reactome:REACT_116064	TAS		F	Sphingomyelin phosphodiesterase 4	IPI00793691|IPI00827746|IPI00828125|IPI00828176|IPI00903175|KIAA1418|NSMA3_HUMAN|Q6FI76|Q6P1P7|Q6ZT43|Q9H0M2|Q9NW20|Q9NWL2|Q9P2C9|SMPD4	protein	taxon:9606	20110921	Reactome
UniProtKB	Q9NY59	SMPD3		GO:0004767	Reactome:REACT_115857	TAS		F	Sphingomyelin phosphodiesterase 3	IPI00032902|NSMA2_HUMAN|Q2M1S8|SMPD3	protein	taxon:9606	20110921	Reactome
UniProtKB	F8WEQ9	PLA2G6		GO:0047499	GO_REF:0000019|Ensembl:ENSRNOP00000017104	IEA	Ensembl:ENSRNOP00000017104	F	Uncharacterized protein	F8WEQ9_HUMAN|PLA2G6	protein	taxon:9606	20120107	ENSEMBL
UniProtKB	O60733	PLA2G6		GO:0047499	GO_REF:0000019|Ensembl:ENSRNOP00000017104	IEA	Ensembl:ENSRNOP00000017104	F	85 kDa calcium-independent phospholipase A2	A8K597|B0QYE8|IPI00031476|IPI00220207|IPI00220209|IPI00375455|IPLA2|O75645|PA2G6_HUMAN|PLA2G6|Q8N452|Q9UG29|Q9UIT0|Q9Y671	protein	taxon:9606	20120107	ENSEMBL
UniProtKB	Q13093	PLA2G7		GO:0047499	PMID:8624782	IDA		F	Platelet-activating factor acetylhydrolase	A5HTT5|IPI00011588|PAFAH|PAFA_HUMAN|PLA2G7|Q15692|Q5VTT1|Q8IVA2	protein	taxon:9606	20110708	BHF-UCL
UniProtKB	Q8NCC3	PLA2G15		GO:0047499	GO_REF:0000024|UniProtKB:Q8WMP9	ISS	UniProtKB:Q8WMP9	F	Group XV phospholipase A2	B3KMF3|IPI00301459|LYPLA3|PAG15_HUMAN|PLA2G15|Q53GZ1|Q9NPQ6|Q9UG04|Q9Y2B3|UNQ341/PRO540	protein	taxon:9606	20111206	UniProtKB
UniProtKB	Q9NP80	PNPLA8		GO:0047499	PMID:10744668	IDA		F	Calcium-independent phospholipase A2-gamma	A4D0S1|BM-043|IPI00181047|IPI00784076|IPLA22|IPLA2G|O95035|PLPL8_HUMAN|PNPLA8|Q8N3I3|Q9H7T5|Q9NR17|Q9NUN2|Q9NZ79	protein	taxon:9606	20031216	UniProtKB
UniProtKB	Q9UP65	PLA2G4C		GO:0047499	PMID:10085124	IDA		F	Cytosolic phospholipase A2 gamma	B2RB71|IPI00910091|O75457|PA24C_HUMAN|PLA2G4C|Q9UG68	protein	taxon:9606	20031216	UniProtKB
