UniProtKB	B7Z468	CAST		GO:0010859	GO_REF:0000002|InterPro:IPR001259	IEA	InterPro:IPR001259	F	cDNA FLJ56102, highly similar to Homo sapiens calpastatin (CAST), transcript variant 8, mRNA	B7Z468_HUMAN|CAST|IPI00968085	protein	taxon:9606	20120107	InterPro
UniProtKB	B7Z574	CAST		GO:0010859	GO_REF:0000002|InterPro:IPR001259	IEA	InterPro:IPR001259	F	Uncharacterized protein	B7Z574_HUMAN|CAST|IPI00964032	protein	taxon:9606	20120107	InterPro
UniProtKB	D6RAA8	CAST		GO:0010859	GO_REF:0000002|InterPro:IPR001259	IEA	InterPro:IPR001259	F	Uncharacterized protein	CAST|D6RAA8_HUMAN|IPI00965190	protein	taxon:9606	20120107	InterPro
UniProtKB	D6RC54	CAST		GO:0010859	GO_REF:0000002|InterPro:IPR001259	IEA	InterPro:IPR001259	F	Uncharacterized protein	CAST|D6RC54_HUMAN|IPI00965486	protein	taxon:9606	20120107	InterPro
UniProtKB	E7EPY6	CAST		GO:0010859	GO_REF:0000002|InterPro:IPR001259	IEA	InterPro:IPR001259	F	Uncharacterized protein	CAST|E7EPY6_HUMAN|IPI00939354	protein	taxon:9606	20120107	InterPro
UniProtKB	E7EQ12	CAST		GO:0010859	GO_REF:0000002|InterPro:IPR001259	IEA	InterPro:IPR001259	F	Uncharacterized protein	CAST|E7EQ12_HUMAN|IPI00760909	protein	taxon:9606	20120107	InterPro
UniProtKB	E7EQA0	CAST		GO:0010859	GO_REF:0000002|InterPro:IPR001259	IEA	InterPro:IPR001259	F	Uncharacterized protein	CAST|E7EQA0_HUMAN|IPI00939354	protein	taxon:9606	20120107	InterPro
UniProtKB	E7EQK6	CAST		GO:0010859	GO_REF:0000002|InterPro:IPR001259	IEA	InterPro:IPR001259	F	Uncharacterized protein	CAST|E7EQK6_HUMAN|IPI00922832	protein	taxon:9606	20120107	InterPro
UniProtKB	E7ES10	CAST		GO:0010859	GO_REF:0000002|InterPro:IPR001259	IEA	InterPro:IPR001259	F	Uncharacterized protein	CAST|E7ES10_HUMAN|IPI00966074	protein	taxon:9606	20120107	InterPro
UniProtKB	E7ESM9	CAST		GO:0010859	GO_REF:0000002|InterPro:IPR001259	IEA	InterPro:IPR001259	F	Uncharacterized protein	CAST|E7ESM9_HUMAN|IPI00761035	protein	taxon:9606	20120107	InterPro
UniProtKB	E7EVY3	CAST		GO:0010859	GO_REF:0000002|InterPro:IPR001259	IEA	InterPro:IPR001259	F	Uncharacterized protein	CAST|E7EVY3_HUMAN|IPI00964761	protein	taxon:9606	20120107	InterPro
UniProtKB	E9PCH5	CAST		GO:0010859	GO_REF:0000002|InterPro:IPR001259	IEA	InterPro:IPR001259	F	Uncharacterized protein	CAST|E9PCH5_HUMAN|IPI00760715	protein	taxon:9606	20120107	InterPro
UniProtKB	E9PDE4	CAST		GO:0010859	GO_REF:0000002|InterPro:IPR001259	IEA	InterPro:IPR001259	F	Uncharacterized protein	CAST|E9PDE4_HUMAN|IPI00967304	protein	taxon:9606	20120107	InterPro
UniProtKB	E9PSG1	CAST		GO:0010859	GO_REF:0000002|InterPro:IPR001259	IEA	InterPro:IPR001259	F	Uncharacterized protein	CAST|E9PSG1_HUMAN|IPI00973910	protein	taxon:9606	20120107	InterPro
UniProtKB	F8W7E0	CAST		GO:0010859	GO_REF:0000002|InterPro:IPR001259	IEA	InterPro:IPR001259	F	Uncharacterized protein	CAST|F8W7E0_HUMAN	protein	taxon:9606	20120107	InterPro
UniProtKB	G5E946	CAST		GO:0010859	GO_REF:0000002|InterPro:IPR001259	IEA	InterPro:IPR001259	F	Calpastatin, isoform CRA_k	CAST|G5E946_HUMAN|hCG_2016526	protein	taxon:9606	20120107	InterPro
UniProtKB	G5E9D3	CAST		GO:0010859	GO_REF:0000002|InterPro:IPR001259	IEA	InterPro:IPR001259	F	Calpastatin, isoform CRA_g	CAST|G5E9D3_HUMAN|hCG_2016526	protein	taxon:9606	20120107	InterPro
UniProtKB	P20810	CAST		GO:0010859	GO_REF:0000002|InterPro:IPR001259	IEA	InterPro:IPR001259	F	Calpastatin	CAST|ICAL_HUMAN|IPI00220857|IPI00305750|IPI00413492|IPI00760715|IPI00761035|IPI00761160|IPI00979393|O95360|Q05DE8|Q7Z4K0|Q96D08|Q9H1Z5	protein	taxon:9606	20120107	InterPro
UniProtKB	P51654	GPC3		GO:0060422	PMID:17549790	IDA		F	Glypican-3	GPC3|GPC3_HUMAN|IPI00019907|OCI5	protein	taxon:9606	20091210	UniProtKB
UniProtKB	B1AJV7	TIMP3		GO:0008191	GO_REF:0000002|InterPro:IPR001820	IEA	InterPro:IPR001820	F	Uncharacterized protein	B1AJV7_HUMAN|IPI00640293|RP1-309I22.1-002|TIMP3	protein	taxon:9606	20120107	InterPro
UniProtKB	B4DFW2	TIMP2		GO:0008191	GO_REF:0000019|Ensembl:ENSMUSP00000017610	IEA	Ensembl:ENSMUSP00000017610	F	TIMP metallopeptidase inhibitor 2, isoform CRA_c	B4DFW2_HUMAN|hCG_95573|IPI00917285|TIMP2	protein	taxon:9606	20120107	ENSEMBL
UniProtKB	B4DJK3	TIMP1		GO:0008191	GO_REF:0000002|InterPro:IPR001820	IEA	InterPro:IPR001820	F	cDNA FLJ60276, weakly similar to Metalloproteinase inhibitor 1	B4DJK3_HUMAN|IPI00910845|TIMP1	protein	taxon:9606	20120107	InterPro
UniProtKB	F5H8D8	TIMP3		GO:0008191	GO_REF:0000002|InterPro:IPR001820	IEA	InterPro:IPR001820	F	Uncharacterized protein	F5H8D8_HUMAN|IPI01010140|TIMP3	protein	taxon:9606	20120107	InterPro
UniProtKB	O95980	RECK		GO:0008191	PMID:9789069	TAS		F	Reversion-inducing cysteine-rich protein with Kazal motifs	B2RNS1|IPI00028082|Q5W0K6|Q8WX37|RECK|RECK_HUMAN|ST15	protein	taxon:9606	20030904	PINC
UniProtKB	P01033	TIMP1		GO:0008191	PMID:12714508	IDA		F	Metalloproteinase inhibitor 1	CLGI|IPI00032292|Q14252|Q9UCU1|TIMP|TIMP1|TIMP1_HUMAN	protein	taxon:9606	20040521	UniProtKB
UniProtKB	P16035	TIMP2		GO:0008191	GO_REF:0000019|Ensembl:ENSMUSP00000017610	IEA	Ensembl:ENSMUSP00000017610	F	Metalloproteinase inhibitor 2	IPI00027166|Q16121|Q93006|Q9UDF7|TIMP2|TIMP2_HUMAN	protein	taxon:9606	20120107	ENSEMBL
UniProtKB	P35625	TIMP3		GO:0008191	PMID:18638486	TAS		F	Metalloproteinase inhibitor 3	B2RBY9|IPI00218247|Q5THV4|Q9UC74|Q9UGS2|TIMP3|TIMP3_HUMAN	protein	taxon:9606	20081119	BHF-UCL
UniProtKB	Q01955	COL4A3		GO:0008191	PMID:10766752	NAS		F	Collagen alpha-3(IV) chain	CO4A3_HUMAN|COL4A3|IPI00010360|IPI00332623|IPI00396322|IPI00413923|IPI00829991|Q53QQ1|Q53R14|Q53RW8|Q9BQT2|Q9NYC4|Q9UDJ9|Q9UDK9|Q9UDL0|Q9UDL1	protein	taxon:9606	20031216	UniProtKB
UniProtKB	Q08629	SPOCK1		GO:0008191	PMID:11751414	IDA		F	Testican-1	B3KSW3|IPI00005292|Q59EW0|Q8N630|Q9UCL8|SPOCK|SPOCK1|TIC1|TICN1|TICN1_HUMAN	protein	taxon:9606	20111104	UniProtKB
UniProtKB	Q5H9A7	TIMP1		GO:0008191	GO_REF:0000002|InterPro:IPR001820	IEA	InterPro:IPR001820	F	Uncharacterized protein	IPI00642739|Q5H9A7_HUMAN|RP1-230G1.3-003|TIMP1	protein	taxon:9606	20120107	InterPro
UniProtKB	Q5H9B4	TIMP1		GO:0008191	GO_REF:0000002|InterPro:IPR001820	IEA	InterPro:IPR001820	F	TIMP metallopeptidase inhibitor 1	IPI00639839|Q5H9B4_HUMAN|RP1-230G1.3-004|TIMP1	protein	taxon:9606	20120107	InterPro
UniProtKB	Q5H9B5	TIMP1		GO:0008191	GO_REF:0000002|InterPro:IPR001820	IEA	InterPro:IPR001820	F	Uncharacterized protein	IPI00552089|Q5H9B5_HUMAN|RP1-230G1.3-002|TIMP1	protein	taxon:9606	20120107	InterPro
UniProtKB	Q8TEU8	WFIKKN2		GO:0008191	GO_REF:0000004|SP_KW:KW-0483	IEA	SP_KW:KW-0483	F	WAP, kazal, immunoglobulin, kunitz and NTR domain-containing protein 2	GASP1|IPI00152847|Q6UXZ9|UNQ9235/PRO31996|WFIKKN2|WFIKKNRP|WFKN2_HUMAN	protein	taxon:9606	20120109	UniProtKB
UniProtKB	Q96NZ8	WFIKKN1		GO:0008191	GO_REF:0000004|SP_KW:KW-0483	IEA	SP_KW:KW-0483	F	WAP, kazal, immunoglobulin, kunitz and NTR domain-containing protein 1	C16orf12|GASP2|IPI00044004|PSEC0040|Q7LDW0|Q8NBQ1|Q96S20|WFIKKN|WFIKKN1|WFKN1_HUMAN	protein	taxon:9606	20120109	UniProtKB
UniProtKB	Q99727	TIMP4		GO:0008191	PMID:8939999	NAS		F	Metalloproteinase inhibitor 4	B2R7K6|IPI00017745|TIMP4|TIMP4_HUMAN	protein	taxon:9606	20010925	UniProtKB
UniProtKB	Q9BQ16	SPOCK3		GO:0008191	GO_REF:0000004|SP_KW:KW-0483	IEA	SP_KW:KW-0483	F	Testican-3	B2R7M7|B3KR67|IPI00419590|IPI00478890|IPI00555693|O75705|Q6UW53|Q96Q26|SPOCK3|TICN3|TICN3_HUMAN|UNQ409/PRO771	protein	taxon:9606	20120109	UniProtKB
UniProtKB	Q9BQ16	SPOCK3		GO:0008191	PMID:11751414	IDA		F	Testican-3	B2R7M7|B3KR67|IPI00419590|IPI00478890|IPI00555693|O75705|Q6UW53|Q96Q26|SPOCK3|TICN3|TICN3_HUMAN|UNQ409/PRO771	protein	taxon:9606	20111104	UniProtKB
UniProtKB	Q9BS40	LXN		GO:0008191	GO_REF:0000019|Ensembl:ENSMUSP00000060732	IEA	Ensembl:ENSMUSP00000060732	F	Latexin	IPI00106687|LXN|LXN_HUMAN|Q96PN2|Q9NQS6	protein	taxon:9606	20120107	ENSEMBL
UniProtKB	A6PVD6	SPINLW1		GO:0004867	GO_REF:0000002|InterPro:IPR002223	IEA	InterPro:IPR002223	F	Serine peptidase inhibitor-like, with Kunitz and WAP domains 1 (Eppin)	A6PVD6_HUMAN|IPI00793266|RP3-461P17.1-003|SPINLW1|SPINLW1-WFDC6	protein	taxon:9606	20120107	InterPro
UniProtKB	A8MTL9	HMSD		GO:0004867	GO_REF:0000004|SP_KW:KW-0722	IEA	SP_KW:KW-0722	F	Serpin-like protein HMSD	HMSD|HMSD_HUMAN|IPI00174867	protein	taxon:9606	20120109	UniProtKB
UniProtKB	A8MV23	SERPINE3		GO:0004867	GO_REF:0000033|PANTHER:PTHR11461_AN0	IBA	PANTHER:PTHR11461_AN0	F	Serpin E3	B1V8P3|IPI00867685|IPI00937326|SERP3_HUMAN|SERPINE3	protein	taxon:9606	20110204	RefGenome
UniProtKB	B4DIF2	SERPINE2		GO:0004867	GO_REF:0000019|Ensembl:ENSMUSP00000027467	IEA	Ensembl:ENSMUSP00000027467	F	Uncharacterized protein	B4DIF2_HUMAN|IPI00917938|SERPINE2	protein	taxon:9606	20120107	ENSEMBL
UniProtKB	B4DII8	APP		GO:0004867	GO_REF:0000002|InterPro:IPR002223	IEA	InterPro:IPR002223	F	Uncharacterized protein	APP|B4DII8_HUMAN|IPI00982225	protein	taxon:9606	20120107	InterPro
UniProtKB	B4DLU1	SPINT2		GO:0004867	GO_REF:0000002|InterPro:IPR002223	IEA	InterPro:IPR002223	F	cDNA FLJ52992, highly similar to Kunitz-type protease inhibitor 2	B4DLU1_HUMAN|hCG_42856|IPI00909783|SPINT2	protein	taxon:9606	20120107	InterPro
UniProtKB	B4DN87	SERPINH1		GO:0004867	GO_REF:0000002|InterPro:IPR000215	IEA	InterPro:IPR000215	F	Uncharacterized protein	B4DN87_HUMAN|IPI00910487|SERPINH1	protein	taxon:9606	20120107	InterPro
UniProtKB	B4DNT0	SERPINB1		GO:0004867	GO_REF:0000002|InterPro:IPR000215	IEA	InterPro:IPR000215	F	Uncharacterized protein	B4DNT0_HUMAN|IPI01013899|SERPINB1	protein	taxon:9606	20120107	InterPro
UniProtKB	B4DTW2	SERPINB8		GO:0004867	GO_REF:0000002|InterPro:IPR000215	IEA	InterPro:IPR000215	F	cDNA FLJ57144, highly similar to Serpin B8	B4DTW2_HUMAN|IPI01013972|SERPINB8	protein	taxon:9606	20120107	InterPro
UniProtKB	B4E1B7	SERPINF2		GO:0004867	GO_REF:0000002|InterPro:IPR000215	IEA	InterPro:IPR000215	F	cDNA FLJ50942, highly similar to Alpha-2-antiplasmin	B4E1B7_HUMAN|IPI00879608|SERPINF2	protein	taxon:9606	20120107	InterPro
UniProtKB	B4E1F0	SERPING1		GO:0004867	GO_REF:0000002|InterPro:IPR000215	IEA	InterPro:IPR000215	F	cDNA FLJ58826, highly similar to Plasma protease C1 inhibitor	B4E1F0_HUMAN|IPI00877698|SERPING1	protein	taxon:9606	20120107	InterPro
UniProtKB	B4E1H2	SERPING1		GO:0004867	GO_REF:0000019|Ensembl:ENSMUSP00000023994	IEA	Ensembl:ENSMUSP00000023994	F	Uncharacterized protein	B4E1H2_HUMAN|IPI00556459|SERPING1	protein	taxon:9606	20120107	ENSEMBL
UniProtKB	B4E3A8	SERPINB1		GO:0004867	GO_REF:0000002|InterPro:IPR000215	IEA	InterPro:IPR000215	F	Uncharacterized protein	B4E3A8_HUMAN|IPI01014238|SERPINB1	protein	taxon:9606	20120107	InterPro
UniProtKB	B5MCB9	SERPING1		GO:0004867	GO_REF:0000019|Ensembl:ENSMUSP00000023994	IEA	Ensembl:ENSMUSP00000023994	F	Uncharacterized protein	B5MCB9_HUMAN|IPI00877850|SERPING1	protein	taxon:9606	20120107	ENSEMBL
UniProtKB	B5MCP1	ITIH1		GO:0004867	GO_REF:0000002|InterPro:IPR010600	IEA	InterPro:IPR010600	F	Uncharacterized protein	B5MCP1_HUMAN|IPI00878397|ITIH1	protein	taxon:9606	20120107	InterPro
UniProtKB	B7Z1D9	SERPINE1		GO:0004867	GO_REF:0000002|InterPro:IPR000215	IEA	InterPro:IPR000215	F	cDNA FLJ61097, highly similar to Plasminogen activator inhibitor 1	B7Z1D9_HUMAN|IPI01014079|SERPINE1	protein	taxon:9606	20120107	InterPro
UniProtKB	B7Z8R6	AMBP		GO:0004867	GO_REF:0000002|InterPro:IPR002223	IEA	InterPro:IPR002223	F	cDNA FLJ51445, highly similar to AMBP protein	AMBP|B7Z8R6_HUMAN|IPI00922298	protein	taxon:9606	20120107	InterPro
UniProtKB	B7ZKJ8	ITIH4		GO:0004867	GO_REF:0000002|InterPro:IPR010600	IEA	InterPro:IPR010600	F	ITIH4 protein	B7ZKJ8_HUMAN|IPI00944960|ITIH4	protein	taxon:9606	20120107	InterPro
UniProtKB	C9J103	TFPI		GO:0004867	GO_REF:0000002|InterPro:IPR002223	IEA	InterPro:IPR002223	F	Uncharacterized protein	C9J103_HUMAN|IPI00917029|TFPI	protein	taxon:9606	20120107	InterPro
UniProtKB	C9J272	SERPINE1		GO:0004867	GO_REF:0000002|InterPro:IPR000215	IEA	InterPro:IPR000215	F	Uncharacterized protein	C9J272_HUMAN|IPI00926949|SERPINE1	protein	taxon:9606	20120107	InterPro
UniProtKB	C9J6F7	SERPINI1		GO:0004867	GO_REF:0000019|Ensembl:ENSRNOP00000013905	IEA	Ensembl:ENSRNOP00000013905	F	Uncharacterized protein	C9J6F7_HUMAN|IPI00947198|SERPINI1	protein	taxon:9606	20120107	ENSEMBL
UniProtKB	C9J6G4	WFIKKN2		GO:0004867	GO_REF:0000002|InterPro:IPR002223	IEA	InterPro:IPR002223	F	Uncharacterized protein	C9J6G4_HUMAN|IPI00939739|WFIKKN2	protein	taxon:9606	20120107	InterPro
UniProtKB	C9J7N5	SERPINI2		GO:0004867	GO_REF:0000002|InterPro:IPR000215	IEA	InterPro:IPR000215	F	Uncharacterized protein	C9J7N5_HUMAN|IPI00944915|SERPINI2	protein	taxon:9606	20120107	InterPro
UniProtKB	C9JA68	SERPINB7		GO:0004867	GO_REF:0000002|InterPro:IPR000215	IEA	InterPro:IPR000215	F	Uncharacterized protein	C9JA68_HUMAN|IPI00657987|SERPINB7	protein	taxon:9606	20120107	InterPro
UniProtKB	C9JBB3	TFPI		GO:0004867	GO_REF:0000002|InterPro:IPR002223	IEA	InterPro:IPR002223	F	Uncharacterized protein	C9JBB3_HUMAN|IPI00917946|TFPI	protein	taxon:9606	20120107	InterPro
UniProtKB	C9JDY5	SERPINI1		GO:0004867	GO_REF:0000019|Ensembl:ENSRNOP00000013905	IEA	Ensembl:ENSRNOP00000013905	F	Uncharacterized protein	C9JDY5_HUMAN|IPI00947261|SERPINI1	protein	taxon:9606	20120107	ENSEMBL
UniProtKB	C9JKV3	TFPI		GO:0004867	GO_REF:0000002|InterPro:IPR002223	IEA	InterPro:IPR002223	F	Uncharacterized protein	C9JKV3_HUMAN|IPI00916075|TFPI	protein	taxon:9606	20120107	InterPro
UniProtKB	C9JL93	SERPINB13		GO:0004867	GO_REF:0000002|InterPro:IPR000215	IEA	InterPro:IPR000215	F	Uncharacterized protein	C9JL93_HUMAN|IPI00893125|SERPINB13	protein	taxon:9606	20120107	InterPro
UniProtKB	C9JLM5	SERPINB5		GO:0004867	GO_REF:0000002|InterPro:IPR000215	IEA	InterPro:IPR000215	F	Uncharacterized protein	C9JLM5_HUMAN|IPI00792875|SERPINB5	protein	taxon:9606	20120107	InterPro
UniProtKB	C9JM00	SERPINB7		GO:0004867	GO_REF:0000002|InterPro:IPR000215	IEA	InterPro:IPR000215	F	Uncharacterized protein	C9JM00_HUMAN|IPI00796179|SERPINB7	protein	taxon:9606	20120107	InterPro
UniProtKB	C9JMH6	SERPINF2		GO:0004867	GO_REF:0000019|Ensembl:ENSRNOP00000004322	IEA	Ensembl:ENSRNOP00000004322	F	Uncharacterized protein	C9JMH6_HUMAN|IPI00879937|SERPINF2	protein	taxon:9606	20120107	ENSEMBL
UniProtKB	C9JN98	SERPINE2		GO:0004867	GO_REF:0000019|Ensembl:ENSMUSP00000027467	IEA	Ensembl:ENSMUSP00000027467	F	Uncharacterized protein	C9JN98_HUMAN|IPI00916528|SERPINE2	protein	taxon:9606	20120107	ENSEMBL
UniProtKB	C9JPV4	SERPINF2		GO:0004867	GO_REF:0000002|InterPro:IPR000215	IEA	InterPro:IPR000215	F	Uncharacterized protein	C9JPV4_HUMAN|IPI00877925|SERPINF2	protein	taxon:9606	20120107	InterPro
UniProtKB	C9JQ14	TFPI		GO:0004867	GO_REF:0000002|InterPro:IPR002223	IEA	InterPro:IPR002223	F	Uncharacterized protein	C9JQ14_HUMAN|IPI00555718|TFPI	protein	taxon:9606	20120107	InterPro
UniProtKB	C9JQU8	SERPINI1		GO:0004867	GO_REF:0000019|Ensembl:ENSRNOP00000013905	IEA	Ensembl:ENSRNOP00000013905	F	Uncharacterized protein	C9JQU8_HUMAN|IPI00945428|SERPINI1	protein	taxon:9606	20120107	ENSEMBL
UniProtKB	C9JRK5	SERPINE2		GO:0004867	GO_REF:0000019|Ensembl:ENSMUSP00000027467	IEA	Ensembl:ENSMUSP00000027467	F	Uncharacterized protein	C9JRK5_HUMAN|IPI00916104|SERPINE2	protein	taxon:9606	20120107	ENSEMBL
UniProtKB	C9JT76	TFPI		GO:0004867	GO_REF:0000002|InterPro:IPR002223	IEA	InterPro:IPR002223	F	Uncharacterized protein	C9JT76_HUMAN|IPI00916882|TFPI	protein	taxon:9606	20120107	InterPro
UniProtKB	C9JTJ8	SERPINB8		GO:0004867	GO_REF:0000002|InterPro:IPR000215	IEA	InterPro:IPR000215	F	Uncharacterized protein	C9JTJ8_HUMAN|IPI00793975|SERPINB8	protein	taxon:9606	20120107	InterPro
UniProtKB	C9JVA8	SERPINB8		GO:0004867	GO_REF:0000002|InterPro:IPR000215	IEA	InterPro:IPR000215	F	Uncharacterized protein	C9JVA8_HUMAN|IPI00794378|SERPINB8	protein	taxon:9606	20120107	InterPro
UniProtKB	C9JWE1	SERPINI2		GO:0004867	GO_REF:0000002|InterPro:IPR000215	IEA	InterPro:IPR000215	F	Uncharacterized protein	C9JWE1_HUMAN|IPI00795849|SERPINI2	protein	taxon:9606	20120107	InterPro
UniProtKB	C9JX84	ITIH3		GO:0004867	GO_REF:0000002|InterPro:IPR010600	IEA	InterPro:IPR010600	F	Uncharacterized protein	C9JX84_HUMAN|IPI00953573|ITIH3	protein	taxon:9606	20120107	InterPro
UniProtKB	C9JY78	SERPINF2		GO:0004867	GO_REF:0000002|InterPro:IPR000215	IEA	InterPro:IPR000215	F	Uncharacterized protein	C9JY78_HUMAN|IPI00879608|SERPINF2	protein	taxon:9606	20120107	InterPro
UniProtKB	C9JZ65	SERPINB4		GO:0004867	GO_REF:0000002|InterPro:IPR000215	IEA	InterPro:IPR000215	F	Uncharacterized protein	C9JZ65_HUMAN|IPI00657650|SERPINB4	protein	taxon:9606	20120107	InterPro
UniProtKB	C9K031	SERPINE2		GO:0004867	GO_REF:0000019|Ensembl:ENSMUSP00000027467	IEA	Ensembl:ENSMUSP00000027467	F	Uncharacterized protein	C9K031_HUMAN|IPI00917499|SERPINE2	protein	taxon:9606	20120107	ENSEMBL
UniProtKB	D6RIU5	SPINK1		GO:0004867	GO_REF:0000004|SP_KW:KW-0722	IEA	SP_KW:KW-0722	F	Uncharacterized protein	D6RIU5_HUMAN|IPI00966882|SPINK1	protein	taxon:9606	20120109	UniProtKB
UniProtKB	E5RG55	SERPINE3		GO:0004867	GO_REF:0000002|InterPro:IPR000215	IEA	InterPro:IPR000215	F	Uncharacterized protein	E5RG55_HUMAN|IPI00981754|SERPINE3	protein	taxon:9606	20120107	InterPro
UniProtKB	E7EMX5	SERPINB5		GO:0004867	GO_REF:0000002|InterPro:IPR000215	IEA	InterPro:IPR000215	F	Uncharacterized protein	E7EMX5_HUMAN|IPI00910544|SERPINB5	protein	taxon:9606	20120107	InterPro
UniProtKB	E7ENL6	COL6A3		GO:0004867	GO_REF:0000002|InterPro:IPR002223	IEA	InterPro:IPR002223	F	Uncharacterized protein	COL6A3|E7ENL6_HUMAN|IPI00072918	protein	taxon:9606	20120107	InterPro
UniProtKB	E7EPJ9	SERPINB2		GO:0004867	GO_REF:0000002|InterPro:IPR000215	IEA	InterPro:IPR000215	F	Uncharacterized protein	E7EPJ9_HUMAN|IPI00797177|SERPINB2	protein	taxon:9606	20120107	InterPro
UniProtKB	E7ERA4	ITIH2		GO:0004867	GO_REF:0000002|InterPro:IPR010600	IEA	InterPro:IPR010600	F	Uncharacterized protein	E7ERA4_HUMAN|IPI00910636|ITIH2	protein	taxon:9606	20120107	InterPro
UniProtKB	E7ERB5	SERPINB2		GO:0004867	GO_REF:0000002|InterPro:IPR000215	IEA	InterPro:IPR000215	F	Uncharacterized protein	E7ERB5_HUMAN|IPI00797920|SERPINB2	protein	taxon:9606	20120107	InterPro
UniProtKB	E7ERP2	WFIKKN2		GO:0004867	GO_REF:0000002|InterPro:IPR002223	IEA	InterPro:IPR002223	F	Uncharacterized protein	E7ERP2_HUMAN|IPI00442338|WFIKKN2	protein	taxon:9606	20120107	InterPro
UniProtKB	E7ET33	ITIH3		GO:0004867	GO_REF:0000002|InterPro:IPR010600	IEA	InterPro:IPR010600	F	Uncharacterized protein	E7ET33_HUMAN|IPI00909807|ITIH3	protein	taxon:9606	20120107	InterPro
UniProtKB	E7EUC5	AGT		GO:0004867	GO_REF:0000002|InterPro:IPR000215	IEA	InterPro:IPR000215	F	Uncharacterized protein	AGT|E7EUC5_HUMAN|IPI00908365	protein	taxon:9606	20120107	InterPro
UniProtKB	E7EVT9	COL6A3		GO:0004867	GO_REF:0000002|InterPro:IPR002223	IEA	InterPro:IPR002223	F	Uncharacterized protein	COL6A3|E7EVT9_HUMAN|IPI00941465	protein	taxon:9606	20120107	InterPro
UniProtKB	E9PCV6	COL6A3		GO:0004867	GO_REF:0000002|InterPro:IPR002223	IEA	InterPro:IPR002223	F	Uncharacterized protein	COL6A3|E9PCV6_HUMAN|IPI00072917	protein	taxon:9606	20120107	InterPro
UniProtKB	E9PD07	SERPINB6		GO:0004867	GO_REF:0000002|InterPro:IPR000215	IEA	InterPro:IPR000215	F	Uncharacterized protein	E9PD07_HUMAN|IPI00513699|SERPINB6	protein	taxon:9606	20120107	InterPro
UniProtKB	E9PDK7	SERPINB2		GO:0004867	GO_REF:0000002|InterPro:IPR000215	IEA	InterPro:IPR000215	F	Uncharacterized protein	E9PDK7_HUMAN|IPI00789721|SERPINB2	protein	taxon:9606	20120107	InterPro
UniProtKB	E9PFQ6	COL6A3		GO:0004867	GO_REF:0000002|InterPro:IPR002223	IEA	InterPro:IPR002223	F	Uncharacterized protein	COL6A3|E9PFQ6_HUMAN|IPI00946286	protein	taxon:9606	20120107	InterPro
UniProtKB	E9PG40	APP		GO:0004867	GO_REF:0000002|InterPro:IPR002223	IEA	InterPro:IPR002223	F	Uncharacterized protein	APP|E9PG40_HUMAN|IPI00914602	protein	taxon:9606	20120107	InterPro
UniProtKB	E9PGN5	ITIH4		GO:0004867	GO_REF:0000002|InterPro:IPR010600	IEA	InterPro:IPR010600	F	Uncharacterized protein	E9PGN5_HUMAN|IPI00896413|ITIH4	protein	taxon:9606	20120107	InterPro
UniProtKB	E9PGN7	SERPING1		GO:0004867	GO_REF:0000002|InterPro:IPR000215	IEA	InterPro:IPR000215	F	Uncharacterized protein	E9PGN7_HUMAN|IPI00879931|SERPING1	protein	taxon:9606	20120107	InterPro
UniProtKB	E9PHH2	SERPINA5		GO:0004867	GO_REF:0000002|InterPro:IPR000215	IEA	InterPro:IPR000215	F	Uncharacterized protein	E9PHH2_HUMAN|IPI00917825|SERPINA5	protein	taxon:9606	20120107	InterPro
UniProtKB	E9PIG2	SERPINH1		GO:0004867	GO_REF:0000002|InterPro:IPR000215	IEA	InterPro:IPR000215	F	Uncharacterized protein	E9PIG2_HUMAN|IPI00978907|SERPINH1	protein	taxon:9606	20120107	InterPro
UniProtKB	E9PJH8	SERPINH1		GO:0004867	GO_REF:0000002|InterPro:IPR000215	IEA	InterPro:IPR000215	F	Uncharacterized protein	E9PJH8_HUMAN|IPI00976532|SERPINH1	protein	taxon:9606	20120107	InterPro
UniProtKB	E9PK86	SERPINH1		GO:0004867	GO_REF:0000002|InterPro:IPR000215	IEA	InterPro:IPR000215	F	Uncharacterized protein	E9PK86_HUMAN|IPI00981668|SERPINH1	protein	taxon:9606	20120107	InterPro
UniProtKB	E9PKH2	SERPINH1		GO:0004867	GO_REF:0000002|InterPro:IPR000215	IEA	InterPro:IPR000215	F	Uncharacterized protein	E9PKH2_HUMAN|IPI00910487|SERPINH1	protein	taxon:9606	20120107	InterPro
UniProtKB	E9PLA6	SERPINH1		GO:0004867	GO_REF:0000002|InterPro:IPR000215	IEA	InterPro:IPR000215	F	Uncharacterized protein	E9PLA6_HUMAN|IPI00980095|SERPINH1	protein	taxon:9606	20120107	InterPro
UniProtKB	E9PMI5	SERPINH1		GO:0004867	GO_REF:0000002|InterPro:IPR000215	IEA	InterPro:IPR000215	F	Uncharacterized protein	E9PMI5_HUMAN|IPI00978011|SERPINH1	protein	taxon:9606	20120107	InterPro
UniProtKB	E9PNX1	SERPINH1		GO:0004867	GO_REF:0000002|InterPro:IPR000215	IEA	InterPro:IPR000215	F	Uncharacterized protein	E9PNX1_HUMAN|IPI00984900|SERPINH1	protein	taxon:9606	20120107	InterPro
UniProtKB	E9PPV6	SERPINH1		GO:0004867	GO_REF:0000002|InterPro:IPR000215	IEA	InterPro:IPR000215	F	Uncharacterized protein	E9PPV6_HUMAN|IPI00981068|SERPINH1	protein	taxon:9606	20120107	InterPro
UniProtKB	E9PQ34	SERPINH1		GO:0004867	GO_REF:0000002|InterPro:IPR000215	IEA	InterPro:IPR000215	F	Uncharacterized protein	E9PQ34_HUMAN|IPI00979587|SERPINH1	protein	taxon:9606	20120107	InterPro
UniProtKB	E9PR70	SERPINH1		GO:0004867	GO_REF:0000002|InterPro:IPR000215	IEA	InterPro:IPR000215	F	Uncharacterized protein	E9PR70_HUMAN|IPI00985439|SERPINH1	protein	taxon:9606	20120107	InterPro
UniProtKB	E9PRS3	SERPINH1		GO:0004867	GO_REF:0000002|InterPro:IPR000215	IEA	InterPro:IPR000215	F	Uncharacterized protein	E9PRS3_HUMAN|IPI00981937|SERPINH1	protein	taxon:9606	20120107	InterPro
UniProtKB	F5GWT8	SERPINB11		GO:0004867	GO_REF:0000002|InterPro:IPR000215	IEA	InterPro:IPR000215	F	Uncharacterized protein	F5GWT8_HUMAN|IPI01015035|SERPINB11	protein	taxon:9606	20120107	InterPro
UniProtKB	F5GY69	SERPINB11		GO:0004867	GO_REF:0000002|InterPro:IPR000215	IEA	InterPro:IPR000215	F	Uncharacterized protein	F5GY69_HUMAN|IPI01018796|SERPINB11	protein	taxon:9606	20120107	InterPro
UniProtKB	F5GYW9	SERPINB11		GO:0004867	GO_REF:0000002|InterPro:IPR000215	IEA	InterPro:IPR000215	F	Uncharacterized protein	F5GYW9_HUMAN|IPI00289606|SERPINB11	protein	taxon:9606	20120107	InterPro
UniProtKB	F5GZ40	SERPINB13		GO:0004867	GO_REF:0000002|InterPro:IPR000215	IEA	InterPro:IPR000215	F	Uncharacterized protein	F5GZ40_HUMAN|IPI00792225|SERPINB13	protein	taxon:9606	20120107	InterPro
UniProtKB	F5GZC0	SERPINB7		GO:0004867	GO_REF:0000002|InterPro:IPR000215	IEA	InterPro:IPR000215	F	Uncharacterized protein	F5GZC0_HUMAN|IPI01010407|SERPINB7	protein	taxon:9606	20120107	InterPro
UniProtKB	F5GZY0	APLP2		GO:0004867	GO_REF:0000002|InterPro:IPR002223	IEA	InterPro:IPR002223	F	Uncharacterized protein	APLP2|F5GZY0_HUMAN|IPI01013848	protein	taxon:9606	20120107	InterPro
UniProtKB	F5H165	ITIH1		GO:0004867	GO_REF:0000002|InterPro:IPR010600	IEA	InterPro:IPR010600	F	Uncharacterized protein	F5H165_HUMAN|IPI00953675|ITIH1	protein	taxon:9606	20120107	InterPro
UniProtKB	F5H194	ITIH4		GO:0004867	GO_REF:0000002|InterPro:IPR010600	IEA	InterPro:IPR010600	F	Uncharacterized protein	F5H194_HUMAN|IPI01010866|ITIH4	protein	taxon:9606	20120107	InterPro
UniProtKB	F5H3J8	TFPI2		GO:0004867	GO_REF:0000002|InterPro:IPR002223	IEA	InterPro:IPR002223	F	Uncharacterized protein	F5H3J8_HUMAN|IPI01009667|TFPI2	protein	taxon:9606	20120107	InterPro
UniProtKB	F5H6K7	SERPINA5		GO:0004867	GO_REF:0000002|InterPro:IPR000215	IEA	InterPro:IPR000215	F	Uncharacterized protein	F5H6K7_HUMAN|IPI01012831|SERPINA5	protein	taxon:9606	20120107	InterPro
UniProtKB	F5H7Y8	ITIH1		GO:0004867	GO_REF:0000002|InterPro:IPR010600	IEA	InterPro:IPR010600	F	Uncharacterized protein	F5H7Y8_HUMAN|IPI00877852|ITIH1	protein	taxon:9606	20120107	InterPro
UniProtKB	F5H877	SPINT1		GO:0004867	GO_REF:0000002|InterPro:IPR002223	IEA	InterPro:IPR002223	F	Uncharacterized protein	F5H877_HUMAN|IPI01009996|SPINT1	protein	taxon:9606	20120107	InterPro
UniProtKB	F8W6M9	SERPINA3		GO:0004867	GO_REF:0000002|InterPro:IPR000215	IEA	InterPro:IPR000215	F	Uncharacterized protein	F8W6M9_HUMAN|SERPINA3	protein	taxon:9606	20120107	InterPro
UniProtKB	F8W9L1	SERPINB4		GO:0004867	GO_REF:0000002|InterPro:IPR000215	IEA	InterPro:IPR000215	F	Uncharacterized protein	F8W9L1_HUMAN|SERPINB4	protein	taxon:9606	20120107	InterPro
UniProtKB	F8WD53	SERPINE1		GO:0004867	GO_REF:0000002|InterPro:IPR000215	IEA	InterPro:IPR000215	F	Uncharacterized protein	F8WD53_HUMAN|SERPINE1	protein	taxon:9606	20120107	InterPro
UniProtKB	F8WE70	SERPINB13		GO:0004867	GO_REF:0000002|InterPro:IPR000215	IEA	InterPro:IPR000215	F	Uncharacterized protein	F8WE70_HUMAN|SERPINB13	protein	taxon:9606	20120107	InterPro
UniProtKB	G3V264	SERPINA5		GO:0004867	GO_REF:0000002|InterPro:IPR000215	IEA	InterPro:IPR000215	F	Uncharacterized protein	G3V264_HUMAN|SERPINA5	protein	taxon:9606	20120107	InterPro
UniProtKB	G3V265	SERPINA5		GO:0004867	GO_REF:0000002|InterPro:IPR000215	IEA	InterPro:IPR000215	F	Uncharacterized protein	G3V265_HUMAN|SERPINA5	protein	taxon:9606	20120107	InterPro
UniProtKB	G3V2B9	SERPINA1		GO:0004867	GO_REF:0000002|InterPro:IPR000215	IEA	InterPro:IPR000215	F	Uncharacterized protein	G3V2B9_HUMAN|SERPINA1	protein	taxon:9606	20120107	InterPro
UniProtKB	G3V2M1	SERPINA5		GO:0004867	GO_REF:0000002|InterPro:IPR000215	IEA	InterPro:IPR000215	F	Uncharacterized protein	G3V2M1_HUMAN|SERPINA5	protein	taxon:9606	20120107	InterPro
UniProtKB	G3V2W1	SERPINA10		GO:0004867	GO_REF:0000002|InterPro:IPR000215	IEA	InterPro:IPR000215	F	Serpin peptidase inhibitor, clade A (Alpha-1 antiproteinase, antitrypsin), member 10, isoform CRA_a	G3V2W1_HUMAN|hCG_22331|SERPINA10	protein	taxon:9606	20120107	InterPro
UniProtKB	G3V345	SERPINA5		GO:0004867	GO_REF:0000002|InterPro:IPR000215	IEA	InterPro:IPR000215	F	Uncharacterized protein	G3V345_HUMAN|SERPINA5	protein	taxon:9606	20120107	InterPro
UniProtKB	G3V350	SERPINA6		GO:0004867	GO_REF:0000002|InterPro:IPR000215	IEA	InterPro:IPR000215	F	Uncharacterized protein	G3V350_HUMAN|hCG_22332|SERPINA6	protein	taxon:9606	20120107	InterPro
UniProtKB	G3V387	SERPINA1		GO:0004867	GO_REF:0000002|InterPro:IPR000215	IEA	InterPro:IPR000215	F	Uncharacterized protein	G3V387_HUMAN|SERPINA1	protein	taxon:9606	20120107	InterPro
UniProtKB	G3V3A0	SERPINA3		GO:0004867	GO_REF:0000002|InterPro:IPR000215	IEA	InterPro:IPR000215	F	Serpin peptidase inhibitor, clade A (Alpha-1 antiproteinase, antitrypsin), member 3, isoform CRA_a	G3V3A0_HUMAN|hCG_2039549|SERPINA3	protein	taxon:9606	20120107	InterPro
UniProtKB	G3V3F5	SERPINA5		GO:0004867	GO_REF:0000002|InterPro:IPR000215	IEA	InterPro:IPR000215	F	Uncharacterized protein	G3V3F5_HUMAN|SERPINA5	protein	taxon:9606	20120107	InterPro
UniProtKB	G3V482	SERPINA5		GO:0004867	GO_REF:0000002|InterPro:IPR000215	IEA	InterPro:IPR000215	F	Uncharacterized protein	G3V482_HUMAN|SERPINA5	protein	taxon:9606	20120107	InterPro
UniProtKB	G3V4B4	SERPINA5		GO:0004867	GO_REF:0000002|InterPro:IPR000215	IEA	InterPro:IPR000215	F	Uncharacterized protein	G3V4B4_HUMAN|SERPINA5	protein	taxon:9606	20120107	InterPro
UniProtKB	G3V4V7	SERPINA6		GO:0004867	GO_REF:0000002|InterPro:IPR000215	IEA	InterPro:IPR000215	F	Uncharacterized protein	G3V4V7_HUMAN|SERPINA6	protein	taxon:9606	20120107	InterPro
UniProtKB	G3V544	SERPINA1		GO:0004867	GO_REF:0000002|InterPro:IPR000215	IEA	InterPro:IPR000215	F	Uncharacterized protein	G3V544_HUMAN|SERPINA1	protein	taxon:9606	20120107	InterPro
UniProtKB	G3V595	SERPINA3		GO:0004867	GO_REF:0000002|InterPro:IPR000215	IEA	InterPro:IPR000215	F	Uncharacterized protein	G3V595_HUMAN|SERPINA3	protein	taxon:9606	20120107	InterPro
UniProtKB	G3V5I3	SERPINA3		GO:0004867	GO_REF:0000002|InterPro:IPR000215	IEA	InterPro:IPR000215	F	Uncharacterized protein	G3V5I3_HUMAN|hCG_2039549|SERPINA3	protein	taxon:9606	20120107	InterPro
UniProtKB	G3V5P6	PAPLN		GO:0004867	GO_REF:0000002|InterPro:IPR002223	IEA	InterPro:IPR002223	F	Uncharacterized protein	G3V5P6_HUMAN|PAPLN	protein	taxon:9606	20120107	InterPro
UniProtKB	G3V5Q9	SERPINA5		GO:0004867	GO_REF:0000002|InterPro:IPR000215	IEA	InterPro:IPR000215	F	Uncharacterized protein	G3V5Q9_HUMAN|SERPINA5	protein	taxon:9606	20120107	InterPro
UniProtKB	G3V5R8	SERPINA1		GO:0004867	GO_REF:0000002|InterPro:IPR000215	IEA	InterPro:IPR000215	F	Uncharacterized protein	G3V5R8_HUMAN|SERPINA1	protein	taxon:9606	20120107	InterPro
UniProtKB	O43278	SPINT1		GO:0004867	GO_REF:0000004|SP_KW:KW-0722	IEA	SP_KW:KW-0722	F	Kunitz-type protease inhibitor 1	HAI1|IPI00011643|IPI00376403|Q7Z7D2|SPINT1|SPIT1_HUMAN|UNQ223/PRO256	protein	taxon:9606	20120109	UniProtKB
UniProtKB	O43291	SPINT2		GO:0004867	GO_REF:0000004|SP_KW:KW-0722	IEA	SP_KW:KW-0722	F	Kunitz-type protease inhibitor 2	A8K667|HAI2|IPI00011662|KOP|O00271|O14895|Q5TZQ3|Q969E0|SPINT2|SPIT2_HUMAN	protein	taxon:9606	20120109	UniProtKB
UniProtKB	O60575	SPINK4		GO:0004867	GO_REF:0000004|SP_KW:KW-0722	IEA	SP_KW:KW-0722	F	Serine protease inhibitor Kazal-type 4	IPI00030285|ISK4_HUMAN|Q2YDT7|SPINK4	protein	taxon:9606	20120109	UniProtKB
UniProtKB	O75635	SERPINB7		GO:0004867	GO_REF:0000033|PANTHER:PTHR11461_AN0	IBA	PANTHER:PTHR11461_AN0	F	Serpin B7	IPI00021555|Q1ED45|Q3KPG4|SERPINB7|SPB7_HUMAN	protein	taxon:9606	20110204	RefGenome
UniProtKB	O75830	SERPINI2		GO:0004867	GO_REF:0000033|PANTHER:PTHR11461_AN0	IBA	PANTHER:PTHR11461_AN0	F	Serpin I2	IPI00795490|MEPI|PI14|SERPINI2|SPI2_HUMAN	protein	taxon:9606	20110204	RefGenome
UniProtKB	O95428	PAPLN		GO:0004867	GO_REF:0000004|SP_KW:KW-0722	IEA	SP_KW:KW-0722	F	Papilin	B4DES8|B4DGE6|IPI00445654|IPI00795260|IPI00872077|IPI00887374|IPI00937971|IPI00938081|PAPLN|PPN_HUMAN|Q659F2|Q6UXJ4|Q6ZNM1|Q6ZUJ0|Q7Z681|Q8IVU0|UNQ2420/PRO4977	protein	taxon:9606	20120109	UniProtKB
UniProtKB	O95925	SPINLW1		GO:0004867	GO_REF:0000004|SP_KW:KW-0722	IEA	SP_KW:KW-0722	F	Eppin	EPPI_HUMAN|IPI00001372|IPI00220471|Q86TP9|Q96SD7|Q9HD30|SPINLW1|WAP7|WFDC7	protein	taxon:9606	20120109	UniProtKB
UniProtKB	O95980	RECK		GO:0004867	GO_REF:0000004|SP_KW:KW-0722	IEA	SP_KW:KW-0722	F	Reversion-inducing cysteine-rich protein with Kazal motifs	B2RNS1|IPI00028082|Q5W0K6|Q8WX37|RECK|RECK_HUMAN|ST15	protein	taxon:9606	20120109	UniProtKB
UniProtKB	P00995	SPINK1		GO:0004867	GO_REF:0000004|SP_KW:KW-0722	IEA	SP_KW:KW-0722	F	Pancreatic secretory trypsin inhibitor	IPI00020687|ISK1_HUMAN|PSTI|SPINK1	protein	taxon:9606	20120109	UniProtKB
UniProtKB	P01008	SERPINC1		GO:0004867	GO_REF:0000033|PANTHER:PTHR11461_AN0	IBA	PANTHER:PTHR11461_AN0	F	Antithrombin-III	ANT3_HUMAN|AT3|B2R6P0|IPI00032179|P78439|P78447|PRO0309|Q13815|Q5TC78|Q7KZ43|Q7KZ97|Q9UC78|SERPINC1	protein	taxon:9606	20110204	RefGenome
UniProtKB	P01008	SERPINC1		GO:0004867	PMID:12878203	NAS		F	Antithrombin-III	ANT3_HUMAN|AT3|B2R6P0|IPI00032179|P78439|P78447|PRO0309|Q13815|Q5TC78|Q7KZ43|Q7KZ97|Q9UC78|SERPINC1	protein	taxon:9606	20031120	UniProtKB
UniProtKB	P01009	SERPINA1		GO:0004867	PMID:15795238	IDA		F	Alpha-1-antitrypsin	A1AT_HUMAN|A6PX14|AAT|B2RDQ8|IPI00553177|IPI00790784|IPI00869004|PI|PRO0684|PRO2209|Q0PVP5|Q13672|Q53XB8|Q5U0M1|Q7M4R2|Q86U18|Q86U19|Q96BF9|Q96ES1|Q9P1P0|Q9UCE6|Q9UCM3|SERPINA1	protein	taxon:9606	20090903	MGI
UniProtKB	P01009	SERPINA1		GO:0004867	PMID:12878203	NAS		F	Alpha-1-antitrypsin	A1AT_HUMAN|A6PX14|AAT|B2RDQ8|IPI00553177|IPI00790784|IPI00869004|PI|PRO0684|PRO2209|Q0PVP5|Q13672|Q53XB8|Q5U0M1|Q7M4R2|Q86U18|Q86U19|Q96BF9|Q96ES1|Q9P1P0|Q9UCE6|Q9UCM3|SERPINA1	protein	taxon:9606	20031120	UniProtKB
UniProtKB	P01011	SERPINA3		GO:0004867	GO_REF:0000033|PANTHER:PTHR11461_AN0	IBA	PANTHER:PTHR11461_AN0	F	Alpha-1-antichymotrypsin	AACT|AACT_HUMAN|B3KVQ7|GIG24|GIG25|IPI00550991|IPI00607870|IPI00847635|Q13703|Q2TU87|Q2TU88|Q59GP9|Q6LBY8|Q6LDT7|Q6NSC9|Q8N177|Q96DW8|Q9UC47|Q9UNU9|SERPINA3	protein	taxon:9606	20110204	RefGenome
UniProtKB	P01011	SERPINA3		GO:0004867	PMID:2404007	TAS		F	Alpha-1-antichymotrypsin	AACT|AACT_HUMAN|B3KVQ7|GIG24|GIG25|IPI00550991|IPI00607870|IPI00847635|Q13703|Q2TU87|Q2TU88|Q59GP9|Q6LBY8|Q6LDT7|Q6NSC9|Q8N177|Q96DW8|Q9UC47|Q9UNU9|SERPINA3	protein	taxon:9606	20090406	UniProtKB
UniProtKB	P01019	AGT		GO:0004867	GO_REF:0000033|PANTHER:PTHR11461_AN0	IBA	PANTHER:PTHR11461_AN0	F	Angiotensinogen	AGT|ANGT_HUMAN|IPI00032220|Q16358|Q16359|Q96F91|SERPINA8	protein	taxon:9606	20110204	RefGenome
UniProtKB	P01023	A2M		GO:0004867	PMID:12538697	IDA		F	Alpha-2-macroglobulin	A2M|A2MG_HUMAN|CPAMD5|FWP007|IPI00478003|Q13677|Q59F47|Q5QTS0|Q68DN2|Q6PIY3|Q6PN97	protein	taxon:9606	20090415	UniProtKB
UniProtKB	P02760	AMBP		GO:0004867	PMID:12817471	TAS		F	Protein AMBP	AMBP|AMBP_HUMAN|HCP|IPI00022426|ITIL|P00977|P02759|P78491|Q2TU33|Q5TBD7|Q9UC58|Q9UDI8	protein	taxon:9606	20090406	UniProtKB
UniProtKB	P03973	SLPI		GO:0004867	GO_REF:0000004|SP_KW:KW-0722	IEA	SP_KW:KW-0722	F	Antileukoproteinase	B2R5H8|IPI00008580|P07757|SLPI|SLPI_HUMAN|WAP4|WFDC4	protein	taxon:9606	20120109	UniProtKB
UniProtKB	P04196	HRG		GO:0004867	GO_REF:0000019|Ensembl:ENSMUSP00000023590	IEA	Ensembl:ENSMUSP00000023590	F	Histidine-rich glycoprotein	B9EK35|D3DNU7|HRG|HRG_HUMAN|IPI00022371	protein	taxon:9606	20120107	ENSEMBL
UniProtKB	P05067	APP		GO:0004867	PMID:10652580	IDA		F	Amyloid beta A4 protein	A4|A4_HUMAN|AD1|APP|B2R5V1|D3DSD1|D3DSD2|D3DSD3|IPI00006608|IPI00219182|IPI00219183|IPI00219185|IPI00219186|IPI00219187|IPI00394658|IPI00412568|IPI00412681|IPI00412924|P09000|P78438|Q13764|Q13778|Q13793|Q16011|Q16014|Q16019|Q16020|Q6GSC0|Q8WZ99|Q9BT38|Q9UC33|Q9UCA9|Q9UCB6|Q9UCC8|Q9UCD1|Q9UQ58	protein	taxon:9606	20050721	UniProtKB
UniProtKB	P05120	SERPINB2		GO:0004867	GO_REF:0000033|PANTHER:PTHR11461_AN0	IBA	PANTHER:PTHR11461_AN0	F	Plasminogen activator inhibitor 2	IPI00007117|PAI2|PAI2_HUMAN|PLANH2|Q96E96|SERPINB2	protein	taxon:9606	20110204	RefGenome
UniProtKB	P05121	SERPINE1		GO:0004867	PMID:1695900	IDA		F	Plasminogen activator inhibitor 1	IPI00007118|PAI1|PAI1_HUMAN|PLANH1|SERPINE1	protein	taxon:9606	20100330	BHF-UCL
UniProtKB	P05121	SERPINE1		GO:0004867	PMID:1695900|UniProtKB:P00734	IPI	UniProtKB:P00734	F	Plasminogen activator inhibitor 1	IPI00007118|PAI1|PAI1_HUMAN|PLANH1|SERPINE1	protein	taxon:9606	20100330	BHF-UCL
UniProtKB	P05121	SERPINE1		GO:0004867	PMID:8508955|UniProtKB:P00750	IPI	UniProtKB:P00750	F	Plasminogen activator inhibitor 1	IPI00007118|PAI1|PAI1_HUMAN|PLANH1|SERPINE1	protein	taxon:9606	20100303	BHF-UCL
UniProtKB	P05154	SERPINA5		GO:0004867	PMID:10340997	IDA		F	Plasma serine protease inhibitor	IPI00007221|IPSP_HUMAN|PCI|PLANH3|PROCI|Q07616|Q9UG30|SERPINA5	protein	taxon:9606	20111010	UniProtKB
UniProtKB	P05154	SERPINA5		GO:0004867	PMID:15853774	IDA		F	Plasma serine protease inhibitor	IPI00007221|IPSP_HUMAN|PCI|PLANH3|PROCI|Q07616|Q9UG30|SERPINA5	protein	taxon:9606	20111010	UniProtKB
UniProtKB	P05154	SERPINA5		GO:0004867	PMID:1725227	IDA		F	Plasma serine protease inhibitor	IPI00007221|IPSP_HUMAN|PCI|PLANH3|PROCI|Q07616|Q9UG30|SERPINA5	protein	taxon:9606	20111010	UniProtKB
UniProtKB	P05154	SERPINA5		GO:0004867	PMID:2844223	IDA		F	Plasma serine protease inhibitor	IPI00007221|IPSP_HUMAN|PCI|PLANH3|PROCI|Q07616|Q9UG30|SERPINA5	protein	taxon:9606	20111010	UniProtKB
UniProtKB	P05154	SERPINA5		GO:0004867	PMID:3501295	IDA		F	Plasma serine protease inhibitor	IPI00007221|IPSP_HUMAN|PCI|PLANH3|PROCI|Q07616|Q9UG30|SERPINA5	protein	taxon:9606	20111010	UniProtKB
UniProtKB	P05154	SERPINA5		GO:0004867	PMID:6323392	IDA		F	Plasma serine protease inhibitor	IPI00007221|IPSP_HUMAN|PCI|PLANH3|PROCI|Q07616|Q9UG30|SERPINA5	protein	taxon:9606	20111005	UniProtKB
UniProtKB	P05154	SERPINA5		GO:0004867	PMID:7521127	IDA		F	Plasma serine protease inhibitor	IPI00007221|IPSP_HUMAN|PCI|PLANH3|PROCI|Q07616|Q9UG30|SERPINA5	protein	taxon:9606	20060712	UniProtKB
UniProtKB	P05154	SERPINA5		GO:0004867	PMID:8536714	IDA		F	Plasma serine protease inhibitor	IPI00007221|IPSP_HUMAN|PCI|PLANH3|PROCI|Q07616|Q9UG30|SERPINA5	protein	taxon:9606	20111010	UniProtKB
UniProtKB	P05154	SERPINA5		GO:0004867	PMID:9510955	IDA		F	Plasma serine protease inhibitor	IPI00007221|IPSP_HUMAN|PCI|PLANH3|PROCI|Q07616|Q9UG30|SERPINA5	protein	taxon:9606	20111010	UniProtKB
UniProtKB	P05154	SERPINA5		GO:0004867	PMID:9556620	IDA		F	Plasma serine protease inhibitor	IPI00007221|IPSP_HUMAN|PCI|PLANH3|PROCI|Q07616|Q9UG30|SERPINA5	protein	taxon:9606	20111010	UniProtKB
UniProtKB	P05155	SERPING1		GO:0004867	PMID:11527969	IDA		F	Plasma protease C1 inhibitor	A6NMU0|A8KAI9|B2R6L5|C1IN|C1NH|IC1_HUMAN|IPI00291866|Q16304|Q547W3|Q59EI5|Q7Z455|Q96FE0|Q9UC49|Q9UCF9|SERPING1	protein	taxon:9606	20090306	UniProtKB
UniProtKB	P05543	SERPINA7		GO:0004867	GO_REF:0000033|PANTHER:PTHR11461_AN0	IBA	PANTHER:PTHR11461_AN0	F	Thyroxine-binding globulin	D3DUX1|IPI00292946|SERPINA7|TBG|THBG_HUMAN	protein	taxon:9606	20110204	RefGenome
UniProtKB	P05546	SERPIND1		GO:0004867	GO_REF:0000033|PANTHER:PTHR11461_AN0	IBA	PANTHER:PTHR11461_AN0	F	Heparin cofactor 2	B2RAI1|D3DX34|HCF2|HEP2_HUMAN|IPI00879573|Q6IBZ5|SERPIND1	protein	taxon:9606	20110204	RefGenome
UniProtKB	P07093	SERPINE2		GO:0004867	PMID:19249338	IDA		F	Glia-derived nexin	B2R6A4|GDN_HUMAN|IPI00009890|IPI00914848|PI7|PN1|Q53S15|Q5D0C4|SERPINE2	protein	taxon:9606	20100426	BHF-UCL
UniProtKB	P07093	SERPINE2		GO:0004867	PMID:3997857	IDA		F	Glia-derived nexin	B2R6A4|GDN_HUMAN|IPI00009890|IPI00914848|PI7|PN1|Q53S15|Q5D0C4|SERPINE2	protein	taxon:9606	20100429	BHF-UCL
UniProtKB	P07093	SERPINE2		GO:0004867	PMID:19855083	IDA		F	Glia-derived nexin	B2R6A4|GDN_HUMAN|IPI00009890|IPI00914848|PI7|PN1|Q53S15|Q5D0C4|SERPINE2	protein	taxon:9606	20100503	MGI
UniProtKB	P07093	SERPINE2		GO:0004867	PMID:19855083	IMP		F	Glia-derived nexin	B2R6A4|GDN_HUMAN|IPI00009890|IPI00914848|PI7|PN1|Q53S15|Q5D0C4|SERPINE2	protein	taxon:9606	20100423	BHF-UCL
UniProtKB	P08185	SERPINA6		GO:0004867	GO_REF:0000033|PANTHER:PTHR11461_AN0	IBA	PANTHER:PTHR11461_AN0	F	Corticosteroid-binding globulin	A8K456|CBG|CBG_HUMAN|IPI00027482|Q7Z2Q9|SERPINA6	protein	taxon:9606	20110204	RefGenome
UniProtKB	P08697	SERPINF2		GO:0004867	GO_REF:0000033|PANTHER:PTHR11461_AN0	IBA	PANTHER:PTHR11461_AN0	F	Alpha-2-antiplasmin	A2AP_HUMAN|AAP|IPI00879231|PLI|Q8N5U7|Q9UCG2|Q9UCG3|SERPINF2	protein	taxon:9606	20110204	RefGenome
UniProtKB	P08697	SERPINF2		GO:0004867	PMID:134998	IDA		F	Alpha-2-antiplasmin	A2AP_HUMAN|AAP|IPI00879231|PLI|Q8N5U7|Q9UCG2|Q9UCG3|SERPINF2	protein	taxon:9606	20111202	BHF-UCL
UniProtKB	P08697	SERPINF2		GO:0004867	PMID:12878203	NAS		F	Alpha-2-antiplasmin	A2AP_HUMAN|AAP|IPI00879231|PLI|Q8N5U7|Q9UCG2|Q9UCG3|SERPINF2	protein	taxon:9606	20031120	UniProtKB
UniProtKB	P09958	FURIN		GO:0004867	PMID:10567353	IDA		F	Furin	FUR|FURIN|FURIN_HUMAN|IPI00018387|PACE|PCSK3|Q14336|Q6LBS3|Q9UCZ5	protein	taxon:9606	20080415	BHF-UCL
UniProtKB	P0C7L1	SPINK8		GO:0004867	GO_REF:0000004|SP_KW:KW-0722	IEA	SP_KW:KW-0722	F	Serine protease inhibitor Kazal-type 8	IPI00827639|ISK8_HUMAN|SPINK8	protein	taxon:9606	20120109	UniProtKB
UniProtKB	P10646	TFPI		GO:0004867	GO_REF:0000004|SP_KW:KW-0722	IEA	SP_KW:KW-0722	F	Tissue factor pathway inhibitor	IPI00021834|IPI00218184|LACI|O95103|Q53TS4|TFPI|TFPI1|TFPI1_HUMAN	protein	taxon:9606	20120109	UniProtKB
UniProtKB	P12111	COL6A3		GO:0004867	GO_REF:0000004|SP_KW:KW-0722	IEA	SP_KW:KW-0722	F	Collagen alpha-3(VI) chain	CO6A3_HUMAN|COL6A3|IPI00022200|IPI00220701|Q16501|Q53QF4|Q53QF6	protein	taxon:9606	20120109	UniProtKB
UniProtKB	P19823	ITIH2		GO:0004867	GO_REF:0000004|SP_KW:KW-0722	IEA	SP_KW:KW-0722	F	Inter-alpha-trypsin inhibitor heavy chain H2	IGHEP2|IPI00305461|ITIH2|ITIH2_HUMAN|Q14659|Q15484|Q5T986	protein	taxon:9606	20120109	UniProtKB
UniProtKB	P19827	ITIH1		GO:0004867	GO_REF:0000004|SP_KW:KW-0722	IEA	SP_KW:KW-0722	F	Inter-alpha-trypsin inhibitor heavy chain H1	A8K9N5|B2RAH9|IGHEP1|IPI00292530|ITIH1|ITIH1_HUMAN|P78455|Q01746|Q562G1	protein	taxon:9606	20120109	UniProtKB
UniProtKB	P19957	PI3		GO:0004867	GO_REF:0000004|SP_KW:KW-0722	IEA	SP_KW:KW-0722	F	Elafin	E1P618|ELAF_HUMAN|IPI00021434|PI3|Q6FG74|WAP3|WFDC14	protein	taxon:9606	20120109	UniProtKB
UniProtKB	P20155	SPINK2		GO:0004867	GO_REF:0000004|SP_KW:KW-0722	IEA	SP_KW:KW-0722	F	Serine protease inhibitor Kazal-type 2	IPI00022231|ISK2_HUMAN|SPINK2	protein	taxon:9606	20120109	UniProtKB
UniProtKB	P20742	PZP		GO:0004867	GO_REF:0000004|SP_KW:KW-0722	IEA	SP_KW:KW-0722	F	Pregnancy zone protein	A6ND27|CPAMD6|IPI00025426|IPI00884981|PZP|PZP_HUMAN|Q15273|Q2NKL2|Q7M4N7	protein	taxon:9606	20120109	UniProtKB
UniProtKB	P20848	SERPINA2		GO:0004867	GO_REF:0000033|PANTHER:PTHR11461_AN0	IBA	PANTHER:PTHR11461_AN0	F	Putative alpha-1-antitrypsin-related protein	A1ATR_HUMAN|ARGS|ATR|IPI00736763|PIL|SERPINA2	protein	taxon:9606	20110204	RefGenome
UniProtKB	P23352	KAL1		GO:0004867	GO_REF:0000004|SP_KW:KW-0722	IEA	SP_KW:KW-0722	F	Anosmin-1	ADMLX|B2RPF8|IPI00011174|KAL|KAL1|KALIG1|KALM_HUMAN	protein	taxon:9606	20120109	UniProtKB
UniProtKB	P29508	SERPINB3		GO:0004867	GO_REF:0000033|PANTHER:PTHR11461_AN0	IBA	PANTHER:PTHR11461_AN0	F	Serpin B3	A6NDM2|B2RBT5|IPI00022204|IPI00307466|Q53H28|Q53YB5|Q86VF3|Q86W04|Q8IWL4|Q8IXI3|Q96J21|Q9BYF8|SCCA|SCCA1|SERPINB3|SPB3_HUMAN	protein	taxon:9606	20110204	RefGenome
UniProtKB	P29622	SERPINA4		GO:0004867	GO_REF:0000033|PANTHER:PTHR11461_AN0	IBA	PANTHER:PTHR11461_AN0	F	Kallistatin	IPI00328609|KAIN_HUMAN|KST|PI4|Q53XB5|Q86TR9|Q96BZ5|SERPINA4	protein	taxon:9606	20110204	RefGenome
UniProtKB	P30086	PEBP1		GO:0004867	GO_REF:0000004|SP_KW:KW-0722	IEA	SP_KW:KW-0722	F	Phosphatidylethanolamine-binding protein 1	B2R4S1|IPI00219446|PBP|PEBP|PEBP1|PEBP1_HUMAN	protein	taxon:9606	20120109	UniProtKB
UniProtKB	P30740	SERPINB1		GO:0004867	GO_REF:0000033|PANTHER:PTHR11461_AN0	IBA	PANTHER:PTHR11461_AN0	F	Leukocyte elastase inhibitor	A8K5L2|ELANH2|ILEU_HUMAN|IPI00027444|MNEI|PI2|Q53FB9|Q5W0E1|Q9UDF8|SERPINB1	protein	taxon:9606	20110204	RefGenome
UniProtKB	P30740	SERPINB1		GO:0004867	PMID:1376927	NAS		F	Leukocyte elastase inhibitor	A8K5L2|ELANH2|ILEU_HUMAN|IPI00027444|MNEI|PI2|Q53FB9|Q5W0E1|Q9UDF8|SERPINB1	protein	taxon:9606	20030403	UniProtKB
UniProtKB	P35237	SERPINB6		GO:0004867	GO_REF:0000033|PANTHER:PTHR11461_AN0	IBA	PANTHER:PTHR11461_AN0	F	Serpin B6	B2RBA8|IPI00413451|PI6|PTI|Q59F97|Q5TD06|Q7Z2Y7|Q96J44|Q9UDI7|SERPINB6|SPB6_HUMAN	protein	taxon:9606	20110204	RefGenome
UniProtKB	P35237	SERPINB6		GO:0004867	PMID:17761692	IDA		F	Serpin B6	B2RBA8|IPI00413451|PI6|PTI|Q59F97|Q5TD06|Q7Z2Y7|Q96J44|Q9UDI7|SERPINB6|SPB6_HUMAN	protein	taxon:9606	20110310	BHF-UCL
UniProtKB	P36952	SERPINB5		GO:0004867	GO_REF:0000033|PANTHER:PTHR11461_AN0	IBA	PANTHER:PTHR11461_AN0	F	Serpin B5	B2R6Y4|IPI00644196|IPI00783625|PI5|Q6N0B4|Q8WW89|SERPINB5|SPB5_HUMAN	protein	taxon:9606	20110204	RefGenome
UniProtKB	P36955	SERPINF1		GO:0004867	GO_REF:0000033|PANTHER:PTHR11461_AN0	IBA	PANTHER:PTHR11461_AN0	F	Pigment epithelium-derived factor	IPI00006114|PEDF|PEDF_HUMAN|PIG35|Q13236|Q2TU83|Q96CT1|Q96R01|Q9BWA4|SERPINF1	protein	taxon:9606	20110204	RefGenome
UniProtKB	P48307	TFPI2		GO:0004867	GO_REF:0000004|SP_KW:KW-0722	IEA	SP_KW:KW-0722	F	Tissue factor pathway inhibitor 2	IPI00009198|Q66ME8|Q9UC86|TFPI2|TFPI2_HUMAN	protein	taxon:9606	20120109	UniProtKB
UniProtKB	P48594	SERPINB4		GO:0004867	GO_REF:0000033|PANTHER:PTHR11461_AN0	IBA	PANTHER:PTHR11461_AN0	F	Serpin B4	IPI00010303|PI11|SCCA2|SERPINB4|SPB4_HUMAN	protein	taxon:9606	20110204	RefGenome
UniProtKB	P48594	SERPINB4		GO:0004867	PMID:7589435	NAS		F	Serpin B4	IPI00010303|PI11|SCCA2|SERPINB4|SPB4_HUMAN	protein	taxon:9606	20030403	UniProtKB
UniProtKB	P48595	SERPINB10		GO:0004867	GO_REF:0000033|PANTHER:PTHR11461_AN0	IBA	PANTHER:PTHR11461_AN0	F	Serpin B10	IPI00010304|PI10|Q4VAX4|Q4VAX7|SERPINB10|SPB10_HUMAN	protein	taxon:9606	20110204	RefGenome
UniProtKB	P49223	SPINT3		GO:0004867	GO_REF:0000004|SP_KW:KW-0722	IEA	SP_KW:KW-0722	F	Kunitz-type protease inhibitor 3	A6NCQ6|IPI00026482|Q6UDR8|Q96KK2|SPINT3|SPIT3_HUMAN	protein	taxon:9606	20120109	UniProtKB
UniProtKB	P50452	SERPINB8		GO:0004867	PMID:8530382	IDA		F	Serpin B8	IPI00032134|PI8|Q7Z2V6|SERPINB8|SPB8_HUMAN	protein	taxon:9606	20100312	UniProtKB
UniProtKB	P50453	SERPINB9		GO:0004867	PMID:11485349	IDA		F	Serpin B9	B2RBW3|IPI00032139|PI9|Q5TD03|SERPINB9|SPB9_HUMAN	protein	taxon:9606	20100315	UniProtKB
UniProtKB	P50453	SERPINB9		GO:0004867	PMID:8910377	IDA		F	Serpin B9	B2RBW3|IPI00032139|PI9|Q5TD03|SERPINB9|SPB9_HUMAN	protein	taxon:9606	20100315	UniProtKB
UniProtKB	P50454	SERPINH1		GO:0004867	GO_REF:0000033|PANTHER:PTHR11461_AN0	IBA	PANTHER:PTHR11461_AN0	F	Serpin H1	B3KVJ3|CBP1|CBP2|HSP47|IPI00032140|P29043|PIG14|Q5XPB4|Q6NSJ6|Q8IY96|Q9NP88|SERPH_HUMAN|SERPINH1|SERPINH2	protein	taxon:9606	20110204	RefGenome
UniProtKB	P58062	SPINK7		GO:0004867	GO_REF:0000004|SP_KW:KW-0722	IEA	SP_KW:KW-0722	F	Serine protease inhibitor Kazal-type 7	ECG2|IPI00010630|ISK7_HUMAN|Q32LY0|SPINK7|UNQ745/PRO1474	protein	taxon:9606	20120109	UniProtKB
UniProtKB	Q02388	COL7A1		GO:0004867	GO_REF:0000004|SP_KW:KW-0722	IEA	SP_KW:KW-0722	F	Collagen alpha-1(VII) chain	CO7A1_HUMAN|COL7A1|IPI00025418|IPI00795118|Q14054|Q16507	protein	taxon:9606	20120109	UniProtKB
UniProtKB	Q06033	ITIH3		GO:0004867	GO_REF:0000004|SP_KW:KW-0722	IEA	SP_KW:KW-0722	F	Inter-alpha-trypsin inhibitor heavy chain H3	IPI00028413|IPI00876950|ITIH3|ITIH3_HUMAN|Q3B7H5|Q53F06|Q6LAM2|Q99085	protein	taxon:9606	20120109	UniProtKB
UniProtKB	Q06481	APLP2		GO:0004867	GO_REF:0000004|SP_KW:KW-0722	IEA	SP_KW:KW-0722	F	Amyloid-like protein 2	APLP2|APLP2_HUMAN|APPL2|IPI00031030|IPI00220977|IPI00220978|IPI00334946|IPI00884988|Q13861|Q14594|Q14662|Q71U10|Q7M4L3|Q9BT36	protein	taxon:9606	20120109	UniProtKB
UniProtKB	Q08629	SPOCK1		GO:0004867	PMID:14511383	NAS		F	Testican-1	B3KSW3|IPI00005292|Q59EW0|Q8N630|Q9UCL8|SPOCK|SPOCK1|TIC1|TICN1|TICN1_HUMAN	protein	taxon:9606	20111104	UniProtKB
UniProtKB	Q14508	WFDC2		GO:0004867	GO_REF:0000004|SP_KW:KW-0722	IEA	SP_KW:KW-0722	F	WAP four-disulfide core domain protein 2	A2A2A5|A2A2A6|A6PVD5|HE4|IPI00103633|IPI00103636|IPI00103639|IPI00183629|IPI00291488|Q6IB27|Q8WXV9|Q8WXW0|Q8WXW1|Q8WXW2|Q96KJ1|WAP5|WFDC2|WFDC2_HUMAN	protein	taxon:9606	20120109	UniProtKB
UniProtKB	Q14624	ITIH4		GO:0004867	GO_REF:0000004|SP_KW:KW-0722	IEA	SP_KW:KW-0722	F	Inter-alpha-trypsin inhibitor heavy chain H4	IHRP|IPI00218192|IPI00896419|ITIH4|ITIH4_HUMAN|ITIHL1|PK120|PRO1851|Q15135|Q9P190|Q9UQ54	protein	taxon:9606	20120109	UniProtKB
UniProtKB	Q3SYB4	SERPINB12		GO:0004867	GO_REF:0000002|InterPro:IPR000215	IEA	InterPro:IPR000215	F	Uncharacterized protein	IPI00643202|Q3SYB4_HUMAN|SERPINB12	protein	taxon:9606	20120107	InterPro
UniProtKB	Q5DT21	SPINK9		GO:0004867	PMID:19194479	IDA		F	Serine protease inhibitor Kazal-type 9	B2RPN9|IPI00554768|ISK9_HUMAN|LEKTI2|SPINK9	protein	taxon:9606	20090930	UniProtKB
UniProtKB	Q5T985	ITIH2		GO:0004867	GO_REF:0000002|InterPro:IPR010600	IEA	InterPro:IPR010600	F	Uncharacterized protein	IPI00645038|ITIH2|Q5T985_HUMAN|RP11-264C14.2-002	protein	taxon:9606	20120107	InterPro
UniProtKB	Q6IE36	OVOS2		GO:0004867	GO_REF:0000004|SP_KW:KW-0722	IEA	SP_KW:KW-0722	F	Ovostatin homolog 2	IPI00456958|OVOS2|OVOS2_HUMAN	protein	taxon:9606	20120109	UniProtKB
UniProtKB	Q6IE37	OVOS1		GO:0004867	GO_REF:0000004|SP_KW:KW-0722	IEA	SP_KW:KW-0722	F	Ovostatin homolog 1	IPI00787460|OVOS1|OVOS1_HUMAN	protein	taxon:9606	20120109	UniProtKB
UniProtKB	Q6IE38	SPINK14		GO:0004867	GO_REF:0000004|SP_KW:KW-0722	IEA	SP_KW:KW-0722	F	Serine protease inhibitor Kazal-type 14	IPI00412532|ISK14_HUMAN|SPINK14|SPINK5L2	protein	taxon:9606	20120109	UniProtKB
UniProtKB	Q6UDR6	SPINT4		GO:0004867	GO_REF:0000004|SP_KW:KW-0722	IEA	SP_KW:KW-0722	F	Kunitz-type protease inhibitor 4	C20orf137|IPI00376327|Q9BQN3|SPINT4|SPIT4_HUMAN	protein	taxon:9606	20120109	UniProtKB
UniProtKB	Q6UWN8	SPINK6		GO:0004867	GO_REF:0000004|SP_KW:KW-0722	IEA	SP_KW:KW-0722	F	Serine protease inhibitor Kazal-type 6	IPI00297040|ISK6_HUMAN|Q8N5P0|SPINK6|UNQ844/PRO1782	protein	taxon:9606	20120109	UniProtKB
UniProtKB	Q6UXR4	SERPINA13		GO:0004867	GO_REF:0000033|PANTHER:PTHR11461_AN0	IBA	PANTHER:PTHR11461_AN0	F	Putative serpin A13	IPI00410448|SERPINA13|SPA13_HUMAN|UNQ6121/PRO20043	protein	taxon:9606	20110204	RefGenome
UniProtKB	Q6UXX5	ITIH6		GO:0004867	GO_REF:0000004|SP_KW:KW-0722	IEA	SP_KW:KW-0722	F	Inter-alpha-trypsin inhibitor heavy chain H6	A6NN03|IPI00413385|ITH5L_HUMAN|ITIH5L|UNQ6369/PRO21074	protein	taxon:9606	20120109	UniProtKB
UniProtKB	Q86U17	SERPINA11		GO:0004867	GO_REF:0000033|PANTHER:PTHR11461_AN0	IBA	PANTHER:PTHR11461_AN0	F	Serpin A11	B2RV07|IPI00333828|SERPINA11|SPA11_HUMAN	protein	taxon:9606	20110204	RefGenome
UniProtKB	Q86UX2	ITIH5		GO:0004867	GO_REF:0000004|SP_KW:KW-0722	IEA	SP_KW:KW-0722	F	Inter-alpha-trypsin inhibitor heavy chain H5	IPI00292452|IPI00328829|IPI00451977|IPI00872582|ITIH5|ITIH5_HUMAN|KIAA1953|PP14776|Q5T664|Q5T665|Q5T666|Q6AI60|Q6UXB7|Q8TF48|Q8WYV2|Q96K70|UNQ311/PRO354	protein	taxon:9606	20120109	UniProtKB
UniProtKB	Q86WD7	SERPINA9		GO:0004867	PMID:15489334	IDA		F	Serpin A9	B4DVH4|B9ZVX3|GCET1|IPI00395944|IPI00651635|IPI00651735|IPI00941036|IPI00942892|IPI00944611|IPI01014997|Q2T9J2|Q6UWP9|Q86WD4|Q86WD5|Q86WD6|Q86YP6|Q86YP7|SERPINA11|SERPINA9|SPA9_HUMAN|UNQ692/PRO1337	protein	taxon:9606	20090827	UniProtKB
UniProtKB	Q8IUA0	WFDC8		GO:0004867	GO_REF:0000004|SP_KW:KW-0722	IEA	SP_KW:KW-0722	F	WAP four-disulfide core domain protein 8	C20orf170|E1P623|IPI00216698|Q5TDV2|Q96A34|WAP8|WFDC8|WFDC8_HUMAN	protein	taxon:9606	20120109	UniProtKB
UniProtKB	Q8IUB2	WFDC3		GO:0004867	GO_REF:0000004|SP_KW:KW-0722	IEA	SP_KW:KW-0722	F	WAP four-disulfide core domain protein 3	A6PVF2|IPI00161276|Q0P6A5|Q3T1C5|Q8TC52|Q9BQP3|Q9BQP4|WAP14|WFDC3|WFDC3_HUMAN	protein	taxon:9606	20120109	UniProtKB
UniProtKB	Q8IW75	SERPINA12		GO:0004867	GO_REF:0000033|PANTHER:PTHR11461_AN0	IBA	PANTHER:PTHR11461_AN0	F	Serpin A12	IPI00219476|SERPINA12|SPA12_HUMAN	protein	taxon:9606	20110204	RefGenome
UniProtKB	Q8IZJ3	CPAMD8		GO:0004867	GO_REF:0000004|SP_KW:KW-0722	IEA	SP_KW:KW-0722	F	C3 and PZP-like alpha-2-macroglobulin domain-containing protein 8	CPAMD8|CPMD8_HUMAN|IPI00291807|IPI00783366|KIAA1283|Q8NC09|Q9ULD7	protein	taxon:9606	20120109	UniProtKB
UniProtKB	Q8N178	SERPINB8		GO:0004867	GO_REF:0000002|InterPro:IPR000215	IEA	InterPro:IPR000215	F	Serpin peptidase inhibitor, clade B (Ovalbumin), member 8	IPI00375668|Q8N178_HUMAN|SERPINB8	protein	taxon:9606	20120107	InterPro
UniProtKB	Q8TCE1	SERPINC1		GO:0004867	GO_REF:0000002|InterPro:IPR000215	IEA	InterPro:IPR000215	F	SERPINC1 protein	IPI00844156|Q8TCE1_HUMAN|SERPINC1	protein	taxon:9606	20120107	InterPro
UniProtKB	Q8TCV5	WFDC5		GO:0004867	GO_REF:0000004|SP_KW:KW-0722	IEA	SP_KW:KW-0722	F	WAP four-disulfide core domain protein 5	IPI00152461|IPI00221015|PRG5|Q5H981|Q6UWE4|UNQ3036/PRO9842|WAP1|WFDC5|WFDC5_HUMAN	protein	taxon:9606	20120109	UniProtKB
UniProtKB	Q8TEU8	WFIKKN2		GO:0004867	GO_REF:0000004|SP_KW:KW-0722	IEA	SP_KW:KW-0722	F	WAP, kazal, immunoglobulin, kunitz and NTR domain-containing protein 2	GASP1|IPI00152847|Q6UXZ9|UNQ9235/PRO31996|WFIKKN2|WFIKKNRP|WFKN2_HUMAN	protein	taxon:9606	20120109	UniProtKB
UniProtKB	Q8WWY7	WFDC12		GO:0004867	PMID:11779191	NAS		F	WAP four-disulfide core domain protein 12	C20orf122|IPI00150196|Q5H980|Q9BR31|UNQ544/PRO844|WAP2|WFD12_HUMAN|WFDC12	protein	taxon:9606	20021112	UniProtKB
UniProtKB	Q96NZ8	WFIKKN1		GO:0004867	GO_REF:0000004|SP_KW:KW-0722	IEA	SP_KW:KW-0722	F	WAP, kazal, immunoglobulin, kunitz and NTR domain-containing protein 1	C16orf12|GASP2|IPI00044004|PSEC0040|Q7LDW0|Q8NBQ1|Q96S20|WFIKKN|WFIKKN1|WFKN1_HUMAN	protein	taxon:9606	20120109	UniProtKB
UniProtKB	Q96P15	SERPINB11		GO:0004867	GO_REF:0000033|PANTHER:PTHR11461_AN0	IBA	PANTHER:PTHR11461_AN0	F	Serpin B11	A8K9R0|IPI00289606|IPI00979204|IPI00982372|Q5Q120|Q5Q121|Q5Q122|Q5Q123|Q6ISD3|Q96P13|Q96P14|SERPINB11|SPB11_HUMAN	protein	taxon:9606	20110204	RefGenome
UniProtKB	Q96P63	SERPINB12		GO:0004867	PMID:11604408	IMP		F	Serpin B12	IPI00033583|SERPINB12|SPB12_HUMAN	protein	taxon:9606	20030403	UniProtKB
UniProtKB	Q99574	SERPINI1		GO:0004867	GO_REF:0000033|PANTHER:PTHR11461_AN0	IBA	PANTHER:PTHR11461_AN0	F	Neuroserpin	A8K217|D3DNP1|IPI00016150|NEUS_HUMAN|PI12|Q6AHZ4|SERPINI1	protein	taxon:9606	20110204	RefGenome
UniProtKB	Q9BQY6	WFDC6		GO:0004867	GO_REF:0000004|SP_KW:KW-0722	IEA	SP_KW:KW-0722	F	WAP four-disulfide core domain protein 6	C20orf171|IPI00028783|IPI00184996|Q3MJ23|Q5JYQ4|Q8NFV6|WAP6|WFDC6|WFDC6_HUMAN	protein	taxon:9606	20120109	UniProtKB
UniProtKB	Q9H1F0	WFDC10A		GO:0004867	GO_REF:0000004|SP_KW:KW-0722	IEA	SP_KW:KW-0722	F	WAP four-disulfide core domain protein 10A	A2RRE9|C20orf146|IPI00167942|Q5TGZ7|WAP10|WF10A_HUMAN|WFDC10A	protein	taxon:9606	20120109	UniProtKB
UniProtKB	Q9HC57	WFDC1		GO:0004867	GO_REF:0000004|SP_KW:KW-0722	IEA	SP_KW:KW-0722	F	WAP four-disulfide core domain protein 1	D3DUL7|IPI00008997|PS20|Q8NC27|Q9HAU1|WFDC1|WFDC1_HUMAN	protein	taxon:9606	20120109	UniProtKB
UniProtKB	Q9NQ38	SPINK5		GO:0004867	PMID:10419450	IDA		F	Serine protease inhibitor Kazal-type 5	A8MYE8|B7WPB7|D6REN5|IPI00478816|IPI00654656|IPI00936431|ISK5_HUMAN|O75770|Q3LX95|Q3LX96|Q3LX97|Q96PP2|Q96PP3|SPINK5	protein	taxon:9606	20060111	UniProtKB
UniProtKB	Q9NQ38	SPINK5		GO:0004867	PMID:15680911	IDA		F	Serine protease inhibitor Kazal-type 5	A8MYE8|B7WPB7|D6REN5|IPI00478816|IPI00654656|IPI00936431|ISK5_HUMAN|O75770|Q3LX95|Q3LX96|Q3LX97|Q96PP2|Q96PP3|SPINK5	protein	taxon:9606	20060111	UniProtKB
UniProtKB	Q9NZV1	CRIM1		GO:0004867	GO_REF:0000002|InterPro:IPR004094	IEA	InterPro:IPR004094	F	Cysteine-rich motor neuron 1 protein	CRIM1|CRIM1_HUMAN|IPI00009294|Q2M2G4|Q59GH0|Q7LCQ5|Q9H318|S52|UNQ1886/PRO4330	protein	taxon:9606	20120107	InterPro
UniProtKB	Q9UHG2	PCSK1N		GO:0004867	GO_REF:0000019|Ensembl:ENSMUSP00000040342	IEA	Ensembl:ENSMUSP00000040342	F	ProSAAS	IPI00002280|PCSK1N|PCSK1_HUMAN|Q4VC04	protein	taxon:9606	20120107	ENSEMBL
UniProtKB	Q9UIV8	SERPINB13		GO:0004867	GO_REF:0000033|PANTHER:PTHR11461_AN0	IBA	PANTHER:PTHR11461_AN0	F	Serpin B13	IPI00006560|IPI00220494|PI13|Q3MII2|Q9HCX1|Q9UBW1|Q9UKG0|SERPINB13|SPB13_HUMAN	protein	taxon:9606	20110204	RefGenome
UniProtKB	Q9UIV8	SERPINB13		GO:0004867	PMID:10512713	NAS		F	Serpin B13	IPI00006560|IPI00220494|PI13|Q3MII2|Q9HCX1|Q9UBW1|Q9UKG0|SERPINB13|SPB13_HUMAN	protein	taxon:9606	20030403	UniProtKB
UniProtKB	Q9UK55	SERPINA10		GO:0004867	GO_REF:0000033|PANTHER:PTHR11461_AN0	IBA	PANTHER:PTHR11461_AN0	F	Protein Z-dependent protease inhibitor	A5Z2A5|IPI00007199|Q6UWX9|Q86U20|SERPINA10|UNQ707/PRO1358|ZPI|ZPI_HUMAN	protein	taxon:9606	20110204	RefGenome
UniProtKB	A8K2U0	A2ML1		GO:0004867	GO_REF:0000004|SP_KW:KW-0722	IEA	SP_KW:KW-0722	F	Alpha-2-macroglobulin-like protein 1	A2ML1|A2ML1_HUMAN|B5MDD1|CPAMD9|IPI00419215|Q2M224|Q6ZW52|Q6ZW53|Q8N1M4|Q96LQ8	protein	taxon:9606	20120109	UniProtKB
UniProtKB	Q1W4C9	SPINK13		GO:0004867	GO_REF:0000004|SP_KW:KW-0722	IEA	SP_KW:KW-0722	F	Serine protease inhibitor Kazal-type 13	A1A4Y2|HBVDNAPTP1|IPI00401108|IPI00900270|ISK13_HUMAN|SPINK13|SPINK5L3	protein	taxon:9606	20120109	UniProtKB
UniProtKB	Q6YHK3	CD109		GO:0004867	GO_REF:0000004|SP_KW:KW-0722	IEA	SP_KW:KW-0722	F	CD109 antigen	A5YKK4|B2R948|B3KW25|CD109|CD109_HUMAN|CPAMD7|IPI00152540|IPI00788676|IPI00795327|IPI00795801|Q0P6K7|Q5SYA8|Q5XUM7|Q5XUM9|Q6MZI7|Q8N3A7|Q8N915|Q8TDJ2|Q8TDJ3	protein	taxon:9606	20120109	UniProtKB
UniProtKB	Q2UY09	COL28A1		GO:0004867	GO_REF:0000004|SP_KW:KW-0722	IEA	SP_KW:KW-0722	F	Collagen alpha-1(XXVIII) chain	A4D101|A4D106|A4D107|A8MVR2|B9EGX9|COL28|COL28A1|COSA1_HUMAN|IPI00235632|IPI00657936|IPI00885128|Q2UY07|Q2UY08	protein	taxon:9606	20120109	UniProtKB
UniProtKB	B4DV78	VIL1		GO:0043027	GO_REF:0000019|Ensembl:ENSMUSP00000027366	IEA	Ensembl:ENSMUSP00000027366	F	Uncharacterized protein	B4DV78_HUMAN|IPI00926721|VIL1	protein	taxon:9606	20120107	ENSEMBL
UniProtKB	O15392	BIRC5		GO:0043027	PMID:9859993	IMP		F	Baculoviral IAP repeat-containing protein 5	API4|B2R4R1|BIRC5|BIRC5_HUMAN|IAP4|IPI00006210|IPI00218095|IPI00735946|IPI00784873|IPI00784916|IPI00784964|IPI00785191|Q2I3N8|Q4VGX0|Q53F61|Q5MGC6|Q6FHL2|Q75SP2|Q9P2W8	protein	taxon:9606	20060731	UniProtKB
UniProtKB	O43557	TNFSF14		GO:0043027	PMID:12393901	IDA		F	Tumor necrosis factor ligand superfamily member 14	A8K7M2|C9J5H4|HVEML|IPI00221341|IPI00307531|LIGHT|O75476|Q6FHA1|Q8WVF8|Q96LD2|TNF14_HUMAN|TNFSF14|UNQ391/PRO726	protein	taxon:9606	20031216	UniProtKB
UniProtKB	O43715	TRIAP1		GO:0043027	PMID:15735003	IDA		F	TP53-regulated inhibitor of apoptosis 1	15E1.1|B2R4Z7|HSPC132|IPI00013829|Q5RKS5|Q6LCA7|TRIA1_HUMAN|TRIAP1	protein	taxon:9606	20060228	HGNC
UniProtKB	O95379	TNFAIP8		GO:0043027	PMID:10644768	IMP		F	Tumor necrosis factor alpha-induced protein 8	B3KMH1|B3KMI2|IPI00027627|IPI00807579|IPI00965514|Q9P1Q1|Q9UER5|Q9UP47|TFIP8_HUMAN|TNFAIP8	protein	taxon:9606	20070420	UniProtKB
UniProtKB	P01185	AVP		GO:0043027	PMID:18402937	IDA		F	Vasopressin-neurophysin 2-copeptin	A0AV35|ARVP|AVP|IPI00873080|NEU2_HUMAN|O14935|VP	protein	taxon:9606	20110318	UniProtKB
UniProtKB	P09327	VIL1		GO:0043027	GO_REF:0000024|UniProtKB:Q62468	ISS	UniProtKB:Q62468	F	Villin-1	B2R9A7|IPI00218852|VIL|VIL1|VILI_HUMAN	protein	taxon:9606	20110310	UniProtKB
UniProtKB	P11021	HSPA5		GO:0043027	PMID:12665508	IDA		F	78 kDa glucose-regulated protein	B0QZ61|GRP78|GRP78_HUMAN|HSPA5|IPI00003362|Q2EF78|Q9NPF1|Q9UK02	protein	taxon:9606	20060111	UniProtKB
UniProtKB	P16444	DPEP1		GO:0043027	PMID:20435919	IMP		F	Dipeptidase 1	D3DX80|DPEP1|DPEP1_HUMAN|IPI00059476|MDP|Q96AK2|RDP	protein	taxon:9606	20111223	UniProtKB
UniProtKB	P21580	TNFAIP3		GO:0043027	PMID:12167698	NAS		F	Tumor necrosis factor alpha-induced protein 3	B2R767|E1P588|IPI00009448|OTUD7C|Q2HIX9|Q5VXQ7|Q9NSR6|TNAP3_HUMAN|TNFAIP3	protein	taxon:9606	20110131	BHF-UCL
UniProtKB	P26842	CD27		GO:0043027	PMID:12324477	IDA		F	CD27 antigen	B2RDZ0|CD27|CD27_HUMAN|IPI00002435|TNFRSF7	protein	taxon:9606	20031111	UniProtKB
UniProtKB	P30044	PRDX5		GO:0043027	PMID:18262354	IMP		F	Peroxiredoxin-5, mitochondrial	ACR1|IPI00024915|IPI00759663|PRDX5|PRDX5_HUMAN|Q14CK0|Q6IAF2|Q9UBU5|Q9UJU4|Q9UKX4|SBBI10	protein	taxon:9606	20080909	UniProtKB
UniProtKB	P30048	PRDX3		GO:0043027	PMID:18262354	IMP		F	Thioredoxin-dependent peroxide reductase, mitochondrial	AOP1|B2R7Z0|D3DRC9|IPI00024919|P35690|PRDX3|PRDX3_HUMAN|Q0D2H1|Q13776|Q5T5V2|Q96HK4	protein	taxon:9606	20080909	UniProtKB
UniProtKB	P37840	SNCA		GO:0043027	PMID:10818098	IDA		F	Alpha-synuclein	A8K2A4|IPI00024107|IPI00218467|IPI00218468|NACP|PARK1|Q13701|Q4JHI3|Q6IAU6|SNCA|SYUA_HUMAN	protein	taxon:9606	20090901	UniProtKB
UniProtKB	P50453	SERPINB9		GO:0043027	PMID:10790428	IDA		F	Serpin B9	B2RBW3|IPI00032139|PI9|Q5TD03|SERPINB9|SPB9_HUMAN	protein	taxon:9606	20100315	UniProtKB
UniProtKB	P50453	SERPINB9		GO:0043027	PMID:17479112	IMP		F	Serpin B9	B2RBW3|IPI00032139|PI9|Q5TD03|SERPINB9|SPB9_HUMAN	protein	taxon:9606	20100312	UniProtKB
UniProtKB	P51812	RPS6KA3		GO:0043027	PMID:18402937	IDA		F	Ribosomal protein S6 kinase alpha-3	B2R9V4|IPI00020898|ISPK1|KS6A3_HUMAN|MAPKAPK1B|Q4VAP3|Q59H26|Q5JPK8|Q7Z3Z7|RPS6KA3|RSK2	protein	taxon:9606	20110318	UniProtKB
UniProtKB	P98170	XIAP		GO:0043027	PMID:9230442	IDA		F	Baculoviral IAP repeat-containing protein 4	API3|BIRC4|D3DTF2|IAP3|IPI00303890|Q9NQ14|XIAP|XIAP_HUMAN	protein	taxon:9606	20040128	PINC
UniProtKB	Q13075	NAIP		GO:0043027	GO_REF:0000024|UniProtKB:Q9QWK5	ISS	UniProtKB:Q9QWK5	F	Baculoviral IAP repeat-containing protein 1	B9EG72|BIRC1|BIRC1_HUMAN|IPI00011547|NAIP|O75857|Q13730|Q59GI6|Q99796	protein	taxon:9606	20110412	UniProtKB
UniProtKB	Q15418	RPS6KA1		GO:0043027	PMID:18402937	IDA		F	Ribosomal protein S6 kinase alpha-1	A6NGG4|A8K9K7|B2RDY8|B7Z5J0|IPI00017305|IPI00477982|IPI01011967|KS6A1_HUMAN|MAPKAPK1A|Q5SVM5|Q5SVM8|Q5SVM9|Q96C05|Q9BQK2|RPS6KA1|RSK1	protein	taxon:9606	20110318	UniProtKB
UniProtKB	Q92481	TFAP2B		GO:0043027	GO_REF:0000024|UniProtKB:Q61313	ISS	UniProtKB:Q61313	F	Transcription factor AP-2-beta	AP2B_HUMAN|IPI00021557|IPI00216446|Q5JYX6|Q9NQ63|Q9NU99|Q9UJI7|Q9Y214|Q9Y3K3|TFAP2B	protein	taxon:9606	20110909	UniProtKB
UniProtKB	Q9UJU2	LEF1		GO:0043027	PMID:20360943	IMP		F	Lymphoid enhancer-binding factor 1	B4DG38|IPI00007156|IPI00220455|IPI00220456|IPI00220457|IPI00651680|IPI00909155|LEF1|LEF1_HUMAN|Q3ZCU4|Q9HAZ0	protein	taxon:9606	20100920	UniProtKB
UniProtKB	A2BHY4	C4B-1		GO:0004866	GO_REF:0000002|InterPro:IPR001599	IEA	InterPro:IPR001599	F	Complement component C4B (Childo blood group)	A2BHY4_HUMAN|C4B-1|C4B-2|DASS-307J8.2-001|DASS-307J8.7-001|IPI00892604	protein	taxon:9606	20120107	InterPro
UniProtKB	A6H8M8	C4A		GO:0004866	GO_REF:0000002|InterPro:IPR001599	IEA	InterPro:IPR001599	F	C4A protein	A6H8M8_HUMAN|C4A|IPI01012744	protein	taxon:9606	20120107	InterPro
UniProtKB	B0UZ83	C4A		GO:0004866	GO_REF:0000002|InterPro:IPR001599	IEA	InterPro:IPR001599	F	Complement component 4A (Rodgers blood group)	B0UZ83_HUMAN|C4A|DADB-112B14.9-001|IPI00892547	protein	taxon:9606	20120107	InterPro
UniProtKB	B0V2C8	C4A		GO:0004866	GO_REF:0000002|InterPro:IPR001599	IEA	InterPro:IPR001599	F	Uncharacterized protein	B0V2C8_HUMAN|C4A|DAMC-258G8.6-001|IPI00843913	protein	taxon:9606	20120107	InterPro
UniProtKB	B4E216	C3		GO:0004866	GO_REF:0000002|InterPro:IPR002890	IEA	InterPro:IPR002890	F	Uncharacterized protein	B4E216_HUMAN|C3|E7EU73|IPI00942927	protein	taxon:9606	20120107	InterPro
UniProtKB	F5GXS0	C4B		GO:0004866	GO_REF:0000002|InterPro:IPR001599	IEA	InterPro:IPR001599	F	Uncharacterized protein	C4B|F5GXS0_HUMAN|IPI00892604	protein	taxon:9606	20120107	InterPro
UniProtKB	F5H2J9	C4A		GO:0004866	GO_REF:0000002|InterPro:IPR002890	IEA	InterPro:IPR002890	F	Uncharacterized protein	C4A|C4B|F5H2J9_HUMAN|IPI00889723	protein	taxon:9606	20120107	InterPro
UniProtKB	F5H2W3	A2ML1		GO:0004866	GO_REF:0000002|InterPro:IPR001599	IEA	InterPro:IPR001599	F	Uncharacterized protein	A2ML1|F5H2W3_HUMAN|IPI01010670	protein	taxon:9606	20120107	InterPro
UniProtKB	F5H2Z2	A2ML1		GO:0004866	GO_REF:0000002|InterPro:IPR001599	IEA	InterPro:IPR001599	F	Uncharacterized protein	A2ML1|F5H2Z2_HUMAN|IPI01010684	protein	taxon:9606	20120107	InterPro
UniProtKB	F5H4F4	C4B		GO:0004866	GO_REF:0000002|InterPro:IPR002890	IEA	InterPro:IPR002890	F	Uncharacterized protein	C4B|F5H4F4_HUMAN|IPI01012499	protein	taxon:9606	20120107	InterPro
UniProtKB	F5H805	A2ML1		GO:0004866	GO_REF:0000002|InterPro:IPR001599	IEA	InterPro:IPR001599	F	Uncharacterized protein	A2ML1|F5H805_HUMAN|IPI01015019	protein	taxon:9606	20120107	InterPro
UniProtKB	F8VNV9	C4B		GO:0004866	GO_REF:0000002|InterPro:IPR001599	IEA	InterPro:IPR001599	F	Uncharacterized protein	C4B|F8VNV9_HUMAN	protein	taxon:9606	20120107	InterPro
UniProtKB	F8VSI2	C4A		GO:0004866	GO_REF:0000002|InterPro:IPR001599	IEA	InterPro:IPR001599	F	Uncharacterized protein	C4A|F8VSI2_HUMAN	protein	taxon:9606	20120107	InterPro
UniProtKB	F8VW91	C4A		GO:0004866	GO_REF:0000002|InterPro:IPR001599	IEA	InterPro:IPR001599	F	Uncharacterized protein	C4A|F8VW91_HUMAN	protein	taxon:9606	20120107	InterPro
UniProtKB	F8VX64	F8VX64		GO:0004866	GO_REF:0000002|InterPro:IPR001599	IEA	InterPro:IPR001599	F	Uncharacterized protein	F8VX64_HUMAN	protein	taxon:9606	20120107	InterPro
UniProtKB	F8VZD8	C4A		GO:0004866	GO_REF:0000002|InterPro:IPR001599	IEA	InterPro:IPR001599	F	Uncharacterized protein	C4A|F8VZD8_HUMAN	protein	taxon:9606	20120107	InterPro
UniProtKB	F8W1T0	C4A		GO:0004866	GO_REF:0000002|InterPro:IPR002890	IEA	InterPro:IPR002890	F	Uncharacterized protein	C4A|F8W1T0_HUMAN	protein	taxon:9606	20120107	InterPro
UniProtKB	F8W7D1	CPAMD8		GO:0004866	GO_REF:0000002|InterPro:IPR002890	IEA	InterPro:IPR002890	F	Uncharacterized protein	CPAMD8|F8W7D1_HUMAN	protein	taxon:9606	20120107	InterPro
UniProtKB	F8W7L3	A2M		GO:0004866	GO_REF:0000002|InterPro:IPR002890	IEA	InterPro:IPR002890	F	Uncharacterized protein	A2M|F8W7L3_HUMAN	protein	taxon:9606	20120107	InterPro
UniProtKB	O43291	SPINT2		GO:0004866	PMID:9115294	TAS		F	Kunitz-type protease inhibitor 2	A8K667|HAI2|IPI00011662|KOP|O00271|O14895|Q5TZQ3|Q969E0|SPINT2|SPIT2_HUMAN	protein	taxon:9606	20030904	PINC
UniProtKB	O76096	CST7		GO:0004866	PMID:9632704	TAS		F	Cystatin-F	CST7|CYTF_HUMAN|IPI00216569|Q6FH95|Q7Z4J8|Q9UED4	protein	taxon:9606	20030904	PINC
UniProtKB	O95980	RECK		GO:0004866	PMID:9789069	IDA		F	Reversion-inducing cysteine-rich protein with Kazal motifs	B2RNS1|IPI00028082|Q5W0K6|Q8WX37|RECK|RECK_HUMAN|ST15	protein	taxon:9606	20060808	MGI
UniProtKB	P00995	SPINK1		GO:0004866	PMID:7142173	TAS		F	Pancreatic secretory trypsin inhibitor	IPI00020687|ISK1_HUMAN|PSTI|SPINK1	protein	taxon:9606	20030904	PINC
UniProtKB	P01024	C3		GO:0004866	GO_REF:0000002|InterPro:IPR001599	IEA	InterPro:IPR001599	F	Complement C3	A7E236|C3|CO3_HUMAN|CPAMD1|IPI00783987	protein	taxon:9606	20120107	InterPro
UniProtKB	P01031	C5		GO:0004866	GO_REF:0000002|InterPro:IPR001599	IEA	InterPro:IPR001599	F	Complement C5	C5|CO5_HUMAN|CPAMD4|IPI00032291|Q14CJ0|Q27I61	protein	taxon:9606	20120107	InterPro
UniProtKB	P01034	CST3		GO:0004866	PMID:15127951	IDA		F	Cystatin-C	B2R5J9|CST3|CYTC_HUMAN|D3DW42|IPI00032293|Q6FGW9	protein	taxon:9606	20111201	UniProtKB
UniProtKB	P03973	SLPI		GO:0004866	PMID:3485543	TAS		F	Antileukoproteinase	B2R5H8|IPI00008580|P07757|SLPI|SLPI_HUMAN|WAP4|WFDC4	protein	taxon:9606	20030904	PINC
UniProtKB	P04080	CSTB		GO:0004866	PMID:3053245	TAS		F	Cystatin-B	CST6|CSTB|CYTB_HUMAN|IPI00021828|STFB	protein	taxon:9606	20030904	PINC
UniProtKB	P05546	SERPIND1		GO:0004866	PMID:2647747	TAS		F	Heparin cofactor 2	B2RAI1|D3DX34|HCF2|HEP2_HUMAN|IPI00879573|Q6IBZ5|SERPIND1	protein	taxon:9606	20030904	PINC
UniProtKB	P07203	GPX1		GO:0004866	PMID:12751788	IDA		F	Glutathione peroxidase 1	GPX1|GPX1_HUMAN|IPI00927606|Q7Z5H1|Q9BW12	protein	taxon:9606	20100728	BHF-UCL
UniProtKB	P07225	PROS1		GO:0004866	PMID:8146182	TAS		F	Vitamin K-dependent protein S	A8KAC9|D3DN28|IPI00294004|PROS|PROS1|PROS_HUMAN|Q15518|Q7Z715|Q9UCZ8	protein	taxon:9606	20030904	PINC
UniProtKB	P08519	LPA		GO:0004866	PMID:8047165	TAS		F	Apolipoprotein(a)	APOA_HUMAN|IPI00029168|LPA|Q5VTD7|Q9UD88	protein	taxon:9606	20030904	PINC
UniProtKB	P08697	SERPINF2		GO:0004866	PMID:2830248	TAS		F	Alpha-2-antiplasmin	A2AP_HUMAN|AAP|IPI00879231|PLI|Q8N5U7|Q9UCG2|Q9UCG3|SERPINF2	protein	taxon:9606	20030904	PINC
UniProtKB	P0C0L4	C4A		GO:0004866	GO_REF:0000002|InterPro:IPR001599	IEA	InterPro:IPR001599	F	Complement C4-A	B0QZR6|C4A|CO4|CO4A_HUMAN|CPAMD2|IPI00032258|P01028|P78445|Q13160|Q13906|Q14033|Q14835|Q5JQM8|Q9NPK5|Q9UIP5	protein	taxon:9606	20120107	InterPro
UniProtKB	P0C0L5	C4B		GO:0004866	GO_REF:0000002|InterPro:IPR001599	IEA	InterPro:IPR001599	F	Complement C4-B	C4B|CO4|CO4B_HUMAN|CPAMD3|IPI00654875|P01028|P78445|Q13160|Q13906|Q14033|Q14835|Q9NPK5|Q9UIP5	protein	taxon:9606	20120107	InterPro
UniProtKB	P10646	TFPI		GO:0004866	PMID:9252393	TAS		F	Tissue factor pathway inhibitor	IPI00021834|IPI00218184|LACI|O95103|Q53TS4|TFPI|TFPI1|TFPI1_HUMAN	protein	taxon:9606	20030904	PINC
UniProtKB	P19823	ITIH2		GO:0004866	PMID:2476436	TAS		F	Inter-alpha-trypsin inhibitor heavy chain H2	IGHEP2|IPI00305461|ITIH2|ITIH2_HUMAN|Q14659|Q15484|Q5T986	protein	taxon:9606	20030904	PINC
UniProtKB	P19957	PI3		GO:0004866	PMID:2394696	TAS		F	Elafin	E1P618|ELAF_HUMAN|IPI00021434|PI3|Q6FG74|WAP3|WFDC14	protein	taxon:9606	20030904	PINC
UniProtKB	P20155	SPINK2		GO:0004866	PMID:8428671	TAS		F	Serine protease inhibitor Kazal-type 2	IPI00022231|ISK2_HUMAN|SPINK2	protein	taxon:9606	20030904	PINC
UniProtKB	P20742	PZP		GO:0004866	PMID:2476433	TAS		F	Pregnancy zone protein	A6ND27|CPAMD6|IPI00025426|IPI00884981|PZP|PZP_HUMAN|Q15273|Q2NKL2|Q7M4N7	protein	taxon:9606	20030404	UniProtKB
UniProtKB	P20810	CAST		GO:0004866	PMID:7638179	TAS		F	Calpastatin	CAST|ICAL_HUMAN|IPI00220857|IPI00305750|IPI00413492|IPI00760715|IPI00761035|IPI00761160|IPI00979393|O95360|Q05DE8|Q7Z4K0|Q96D08|Q9H1Z5	protein	taxon:9606	20030904	PINC
UniProtKB	P51606	RENBP		GO:0004866	PMID:9285790	TAS		F	N-acylglucosamine 2-epimerase	B4DNZ3|IPI00796170|IPI00879688|Q96BI6|RENBP|RENBP_HUMAN	protein	taxon:9606	20030904	PINC
UniProtKB	P54578	USP14		GO:0004866	PMID:18162577	IMP		F	Ubiquitin carboxyl-terminal hydrolase 14	IPI00219913|Q53XY5|TGT|UBP14_HUMAN|USP14	protein	taxon:9606	20100729	UniProtKB
UniProtKB	Q06033	ITIH3		GO:0004866	PMID:2465147	TAS		F	Inter-alpha-trypsin inhibitor heavy chain H3	IPI00028413|IPI00876950|ITIH3|ITIH3_HUMAN|Q3B7H5|Q53F06|Q6LAM2|Q99085	protein	taxon:9606	20030904	PINC
UniProtKB	Q13103	SPP2		GO:0004866	PMID:7814406	TAS		F	Secreted phosphoprotein 24	A4QMV3|IPI00011832|Q3B892|Q546M5|SPP2|SPP24|SPP24_HUMAN	protein	taxon:9606	20030904	PINC
UniProtKB	Q14508	WFDC2		GO:0004866	PMID:1686187	TAS		F	WAP four-disulfide core domain protein 2	A2A2A5|A2A2A6|A6PVD5|HE4|IPI00103633|IPI00103636|IPI00103639|IPI00183629|IPI00291488|Q6IB27|Q8WXV9|Q8WXW0|Q8WXW1|Q8WXW2|Q96KJ1|WAP5|WFDC2|WFDC2_HUMAN	protein	taxon:9606	20030904	PINC
UniProtKB	Q14624	ITIH4		GO:0004866	PMID:9756925	TAS		F	Inter-alpha-trypsin inhibitor heavy chain H4	IHRP|IPI00218192|IPI00896419|ITIH4|ITIH4_HUMAN|ITIHL1|PK120|PRO1851|Q15135|Q9P190|Q9UQ54	protein	taxon:9606	20030904	PINC
UniProtKB	Q5JNX2	C4A		GO:0004866	GO_REF:0000002|InterPro:IPR001599	IEA	InterPro:IPR001599	F	Uncharacterized protein	A6NHJ5|C4A|DAQB-124C11.1-001|IPI00643525|Q5JNX2_HUMAN	protein	taxon:9606	20120107	InterPro
UniProtKB	Q6U2E9	C4B		GO:0004866	GO_REF:0000002|InterPro:IPR001599	IEA	InterPro:IPR001599	F	C4B1	C4B|IPI00418163|Q6U2E9_HUMAN	protein	taxon:9606	20120107	InterPro
UniProtKB	Q6ZMU1	C3P1		GO:0004866	GO_REF:0000002|InterPro:IPR001599	IEA	InterPro:IPR001599	F	Putative protein C3P1	C3P1|C3P1_HUMAN|IPI00418572	protein	taxon:9606	20120107	InterPro
UniProtKB	Q92530	PSMF1		GO:0004866	PMID:10764772	NAS		F	Proteasome inhibitor PI31 subunit	A0AVQ9|D3DVW3|IPI00009949|PSMF1|PSMF1_HUMAN|Q9H4I1	protein	taxon:9606	20100728	UniProtKB
UniProtKB	Q99935	PROL1		GO:0004866	PMID:17101991	IDA		F	Proline-rich protein 1	A8MZ07|BPLP|IPI00009682|P85047|PROL1|PROL1_HUMAN	protein	taxon:9606	20061221	UniProtKB
UniProtKB	Q9UHG2	PCSK1N		GO:0004866	PMID:10632593	TAS		F	ProSAAS	IPI00002280|PCSK1N|PCSK1_HUMAN|Q4VC04	protein	taxon:9606	20030904	PINC
UniProtKB	Q9Y5K5	UCHL5		GO:0004866	PMID:18162577	IMP		F	Ubiquitin carboxyl-terminal hydrolase isozyme L5	AD-019|CGI-70|IPI00219512|IPI00219513|IPI00299313|IPI00549820|Q5LJA6|Q5LJA7|Q8TBS4|Q96BJ9|Q9H1W5|Q9P0I3|Q9UQN2|UCH37|UCHL5|UCHL5_HUMAN	protein	taxon:9606	20100729	UniProtKB
UniProtKB	A2A2N0	CST8		GO:0004869	GO_REF:0000002|InterPro:IPR000010	IEA	InterPro:IPR000010	F	Uncharacterized protein	A2A2N0_HUMAN|CST8|IPI00795502|RP3-333B15.3-002	protein	taxon:9606	20120107	InterPro
UniProtKB	B4DPP8	KNG1		GO:0004869	GO_REF:0000004|SP_KW:KW-0789	IEA	SP_KW:KW-0789	F	cDNA FLJ53075, highly similar to Kininogen-1	B4DPP8_HUMAN|E9PEA0|IPI01012492|KNG1	protein	taxon:9606	20120109	UniProtKB
UniProtKB	B7Z8T3	FETUB		GO:0004869	GO_REF:0000002|InterPro:IPR000010	IEA	InterPro:IPR000010	F	Uncharacterized protein	B7Z8T3_HUMAN|FETUB|IPI00924616	protein	taxon:9606	20120107	InterPro
UniProtKB	C9J0E4	CSTA		GO:0004869	GO_REF:0000004|SP_KW:KW-0789	IEA	SP_KW:KW-0789	F	Uncharacterized protein	C9J0E4_HUMAN|CSTA|IPI00794081	protein	taxon:9606	20120109	UniProtKB
UniProtKB	C9JC68	FETUB		GO:0004869	GO_REF:0000002|InterPro:IPR000010	IEA	InterPro:IPR000010	F	Uncharacterized protein	C9JC68_HUMAN|FETUB|IPI00924616	protein	taxon:9606	20120107	InterPro
UniProtKB	C9JEX1	KNG1		GO:0004869	GO_REF:0000004|SP_KW:KW-0789	IEA	SP_KW:KW-0789	F	Uncharacterized protein	C9JEX1_HUMAN|IPI00924859|KNG1	protein	taxon:9606	20120109	UniProtKB
UniProtKB	C9JV77	AHSG		GO:0004869	GO_REF:0000002|InterPro:IPR000010	IEA	InterPro:IPR000010	F	Uncharacterized protein	AHSG|C9JV77_HUMAN|IPI00022431	protein	taxon:9606	20120107	InterPro
UniProtKB	E9PG06	FETUB		GO:0004869	GO_REF:0000002|InterPro:IPR000010	IEA	InterPro:IPR000010	F	Uncharacterized protein	E9PG06_HUMAN|FETUB|IPI00552199	protein	taxon:9606	20120107	InterPro
UniProtKB	E9PG08	FETUB		GO:0004869	GO_REF:0000002|InterPro:IPR000010	IEA	InterPro:IPR000010	F	Uncharacterized protein	E9PG08_HUMAN|FETUB|IPI00553061	protein	taxon:9606	20120107	InterPro
UniProtKB	F5H0Q5	AHSG		GO:0004869	GO_REF:0000002|InterPro:IPR000010	IEA	InterPro:IPR000010	F	Uncharacterized protein	AHSG|F5H0Q5_HUMAN|IPI00022431	protein	taxon:9606	20120107	InterPro
UniProtKB	F5H1I6	CSTL1		GO:0004869	GO_REF:0000002|InterPro:IPR000010	IEA	InterPro:IPR000010	F	Uncharacterized protein	CSTL1|F5H1I6_HUMAN|IPI01012168	protein	taxon:9606	20120107	InterPro
UniProtKB	F8WEP7	FETUB		GO:0004869	GO_REF:0000002|InterPro:IPR000010	IEA	InterPro:IPR000010	F	Uncharacterized protein	F8WEP7_HUMAN|FETUB	protein	taxon:9606	20120107	InterPro
UniProtKB	O15392	BIRC5		GO:0004869	GO_REF:0000004|SP_KW:KW-0789	IEA	SP_KW:KW-0789	F	Baculoviral IAP repeat-containing protein 5	API4|B2R4R1|BIRC5|BIRC5_HUMAN|IAP4|IPI00006210|IPI00218095|IPI00735946|IPI00784873|IPI00784916|IPI00784964|IPI00785191|Q2I3N8|Q4VGX0|Q53F61|Q5MGC6|Q6FHL2|Q75SP2|Q9P2W8	protein	taxon:9606	20120109	UniProtKB
UniProtKB	O60676	CST8		GO:0004869	GO_REF:0000004|SP_KW:KW-0789	IEA	SP_KW:KW-0789	F	Cystatin-8	CRES|CST8|CST8_HUMAN|IPI00031019|Q2M2X6	protein	taxon:9606	20120109	UniProtKB
UniProtKB	O76096	CST7		GO:0004869	GO_REF:0000004|SP_KW:KW-0789	IEA	SP_KW:KW-0789	F	Cystatin-F	CST7|CYTF_HUMAN|IPI00216569|Q6FH95|Q7Z4J8|Q9UED4	protein	taxon:9606	20120109	UniProtKB
UniProtKB	O95997	PTTG1		GO:0004869	PMID:12194817	NAS		F	Securin	EAP1|IPI00003494|PTTG|PTTG1|PTTG1_HUMAN|TUTR1	protein	taxon:9606	20030716	UniProtKB
UniProtKB	P01034	CST3		GO:0004869	PMID:6203523	IDA		F	Cystatin-C	B2R5J9|CST3|CYTC_HUMAN|D3DW42|IPI00032293|Q6FGW9	protein	taxon:9606	20080810	BHF-UCL
UniProtKB	P01034	CST3		GO:0004869	PMID:7890620	IDA		F	Cystatin-C	B2R5J9|CST3|CYTC_HUMAN|D3DW42|IPI00032293|Q6FGW9	protein	taxon:9606	20080810	BHF-UCL
UniProtKB	P01036	CST4		GO:0004869	GO_REF:0000004|SP_KW:KW-0789	IEA	SP_KW:KW-0789	F	Cystatin-S	CST4|CYTS_HUMAN|IPI00032294|Q9UBI5|Q9UCS9	protein	taxon:9606	20120109	UniProtKB
UniProtKB	P01037	CST1		GO:0004869	GO_REF:0000004|SP_KW:KW-0789	IEA	SP_KW:KW-0789	F	Cystatin-SN	CST1|CYTN_HUMAN|IPI00305477|Q96LE6|Q9UCQ6	protein	taxon:9606	20120109	UniProtKB
UniProtKB	P01040	CSTA		GO:0004869	PMID:6203523	IDA		F	Cystatin-A	CSTA|CYTA_HUMAN|IPI00032325|STF1|STFA	protein	taxon:9606	20080810	BHF-UCL
UniProtKB	P01042	KNG1		GO:0004869	GO_REF:0000004|SP_KW:KW-0789	IEA	SP_KW:KW-0789	F	Kininogen-1	A8K474|B2RCR2|BDK|IPI00032328|IPI00215894|KNG|KNG1|KNG1_HUMAN|P01043|Q53EQ0|Q6PAU9|Q7M4P1	protein	taxon:9606	20120109	UniProtKB
UniProtKB	P02765	AHSG		GO:0004869	GO_REF:0000002|InterPro:IPR000010	IEA	InterPro:IPR000010	F	Alpha-2-HS-glycoprotein	A8K9N6|AHSG|B2R7G1|FETUA|FETUA_HUMAN|IPI00953689|O14961|O14962|PRO2743|Q9P152	protein	taxon:9606	20120107	InterPro
UniProtKB	P04080	CSTB		GO:0004869	PMID:6203523	IDA		F	Cystatin-B	CST6|CSTB|CYTB_HUMAN|IPI00021828|STFB	protein	taxon:9606	20080810	BHF-UCL
UniProtKB	P04196	HRG		GO:0004869	GO_REF:0000002|InterPro:IPR000010	IEA	InterPro:IPR000010	F	Histidine-rich glycoprotein	B9EK35|D3DNU7|HRG|HRG_HUMAN|IPI00022371	protein	taxon:9606	20120107	InterPro
UniProtKB	P09228	CST2		GO:0004869	GO_REF:0000004|SP_KW:KW-0789	IEA	SP_KW:KW-0789	F	Cystatin-SA	CST2|CYTT_HUMAN|IPI00013382|Q9UCQ7	protein	taxon:9606	20120109	UniProtKB
UniProtKB	P28325	CST5		GO:0004869	PMID:8083219	IDA		F	Cystatin-D	CST5|CYTD_HUMAN|IPI00002851|Q5JRF5|Q9UCA0	protein	taxon:9606	20081014	UniProtKB
UniProtKB	P31025	LCN1		GO:0004869	PMID:8999869	TAS		F	Lipocalin-1	IPI00009650|LCN1|LCN1_HUMAN|Q5T8A1|VEGP	protein	taxon:9606	20030904	PINC
UniProtKB	P57730	CARD18		GO:0004869	GO_REF:0000004|SP_KW:KW-0789	IEA	SP_KW:KW-0789	F	Caspase recruitment domain-containing protein 18	A2RRF8|CAR18_HUMAN|CARD18|ICEBERG|IPI00027987|UNQ5804/PRO19611	protein	taxon:9606	20120109	UniProtKB
UniProtKB	Q08629	SPOCK1		GO:0004869	PMID:14511383	IDA		F	Testican-1	B3KSW3|IPI00005292|Q59EW0|Q8N630|Q9UCL8|SPOCK|SPOCK1|TIC1|TICN1|TICN1_HUMAN	protein	taxon:9606	20111104	UniProtKB
UniProtKB	Q15828	CST6		GO:0004869	GO_REF:0000004|SP_KW:KW-0789	IEA	SP_KW:KW-0789	F	Cystatin-M	CST6|CYTM_HUMAN|IPI00019954|Q540N7	protein	taxon:9606	20120109	UniProtKB
UniProtKB	Q5EG05	CARD16		GO:0004869	GO_REF:0000004|SP_KW:KW-0789	IEA	SP_KW:KW-0789	F	Caspase recruitment domain-containing protein 16	CAR16_HUMAN|CARD16|COP|COP1|IPI00066313|IPI00554741|Q96RJ9	protein	taxon:9606	20120109	UniProtKB
UniProtKB	Q5W186	CST9		GO:0004869	GO_REF:0000004|SP_KW:KW-0789	IEA	SP_KW:KW-0789	F	Cystatin-9	B2RP76|CLM|CST9|CST9_HUMAN|IPI00397227|Q8TD53	protein	taxon:9606	20120109	UniProtKB
UniProtKB	Q5W188	CST9L2		GO:0004869	GO_REF:0000004|SP_KW:KW-0789	IEA	SP_KW:KW-0789	F	Putative cystatin-9-like 2	CST9L2|CST9M_HUMAN|IPI00477679	protein	taxon:9606	20120109	UniProtKB
UniProtKB	Q5XLA6	CARD17		GO:0004869	GO_REF:0000004|SP_KW:KW-0789	IEA	SP_KW:KW-0789	F	Caspase recruitment domain-containing protein 17	CAR17_HUMAN|CARD17|INCA|IPI00478702	protein	taxon:9606	20120109	UniProtKB
UniProtKB	Q9H112	CST11		GO:0004869	GO_REF:0000004|SP_KW:KW-0789	IEA	SP_KW:KW-0789	F	Cystatin-11	CST11|CST11_HUMAN|CST8L|IPI00107733|IPI00154966|Q0VAF2|Q0VAF3|Q8WXU5|Q8WXU6|Q9H113	protein	taxon:9606	20120109	UniProtKB
UniProtKB	Q9H114	CSTL1		GO:0004869	GO_REF:0000004|SP_KW:KW-0789	IEA	SP_KW:KW-0789	F	Cystatin-like 1	CST1L_HUMAN|CSTL1|IPI00014604|Q17RA8|Q64FF7	protein	taxon:9606	20120109	UniProtKB
UniProtKB	Q9H4G1	CST9L		GO:0004869	GO_REF:0000004|SP_KW:KW-0789	IEA	SP_KW:KW-0789	F	Cystatin-9-like	B2R5A1|CST9L|CST9L_HUMAN|IPI00026001|UNQ1835/PRO3543	protein	taxon:9606	20120109	UniProtKB
UniProtKB	Q9NR09	BIRC6		GO:0004869	GO_REF:0000004|SP_KW:KW-0789	IEA	SP_KW:KW-0789	F	Baculoviral IAP repeat-containing protein 6	BIRC6|BIRC6_HUMAN|IPI00939720|KIAA1289|Q9ULD1	protein	taxon:9606	20120109	UniProtKB
UniProtKB	Q9UGM5	FETUB		GO:0004869	GO_REF:0000002|InterPro:IPR000010	IEA	InterPro:IPR000010	F	Fetuin-B	B2RCW6|FETUB|FETUB_HUMAN|IPI00743766|Q1RMZ0|Q6DK58|Q6GRB6|Q9Y6Z0	protein	taxon:9606	20120107	InterPro
UniProtKB	A2VEC9	SSPO		GO:0030414	GO_REF:0000002|InterPro:IPR008037	IEA	InterPro:IPR008037	F	SCO-spondin	IPI00446753|IPI00843797|KIAA2036|Q76B61|SSPO|SSPO_HUMAN	protein	taxon:9606	20120107	InterPro
UniProtKB	A6PVD6	SPINLW1		GO:0030414	GO_REF:0000002|InterPro:IPR008197	IEA	InterPro:IPR008197	F	Serine peptidase inhibitor-like, with Kunitz and WAP domains 1 (Eppin)	A6PVD6_HUMAN|IPI00793266|RP3-461P17.1-003|SPINLW1|SPINLW1-WFDC6	protein	taxon:9606	20120107	InterPro
UniProtKB	A8K2M3	WFDC2		GO:0030414	GO_REF:0000002|InterPro:IPR008197	IEA	InterPro:IPR008197	F	cDNA FLJ76533, highly similar to Homo sapiens WAP four-disulfide core domain 2 (WFDC2), transcript variant 3, mRNA	A8K2M3_HUMAN|hCG_38370|IPI00853597|WFDC2	protein	taxon:9606	20120107	InterPro
UniProtKB	A8K2U0	A2ML1		GO:0030414	PMID:16298998	IDA		F	Alpha-2-macroglobulin-like protein 1	A2ML1|A2ML1_HUMAN|B5MDD1|CPAMD9|IPI00419215|Q2M224|Q6ZW52|Q6ZW53|Q8N1M4|Q96LQ8	protein	taxon:9606	20090406	UniProtKB
UniProtKB	A8MTL9	HMSD		GO:0030414	GO_REF:0000004|SP_KW:KW-0646	IEA	SP_KW:KW-0646	F	Serpin-like protein HMSD	HMSD|HMSD_HUMAN|IPI00174867	protein	taxon:9606	20120109	UniProtKB
UniProtKB	A8MV23	SERPINE3		GO:0030414	GO_REF:0000004|SP_KW:KW-0646	IEA	SP_KW:KW-0646	F	Serpin E3	B1V8P3|IPI00867685|IPI00937326|SERP3_HUMAN|SERPINE3	protein	taxon:9606	20120109	UniProtKB
UniProtKB	B4DPP8	KNG1		GO:0030414	GO_REF:0000004|SP_KW:KW-0646	IEA	SP_KW:KW-0646	F	cDNA FLJ53075, highly similar to Kininogen-1	B4DPP8_HUMAN|E9PEA0|IPI01012492|KNG1	protein	taxon:9606	20120109	UniProtKB
UniProtKB	B7ZBA9	SPINLW1		GO:0030414	GO_REF:0000002|InterPro:IPR008197	IEA	InterPro:IPR008197	F	Serine peptidase inhibitor-like, with Kunitz and WAP domains 1 (Eppin)	B7ZBA9_HUMAN|IPI01018708|RP3-461P17.1-005|SPINLW1	protein	taxon:9606	20120107	InterPro
UniProtKB	C9JBB3	TFPI		GO:0030414	GO_REF:0000002|InterPro:IPR008296	IEA	InterPro:IPR008296	F	Uncharacterized protein	C9JBB3_HUMAN|IPI00917946|TFPI	protein	taxon:9606	20120107	InterPro
UniProtKB	C9JEX1	KNG1		GO:0030414	GO_REF:0000004|SP_KW:KW-0646	IEA	SP_KW:KW-0646	F	Uncharacterized protein	C9JEX1_HUMAN|IPI00924859|KNG1	protein	taxon:9606	20120109	UniProtKB
UniProtKB	C9JKV3	TFPI		GO:0030414	GO_REF:0000002|InterPro:IPR008296	IEA	InterPro:IPR008296	F	Uncharacterized protein	C9JKV3_HUMAN|IPI00916075|TFPI	protein	taxon:9606	20120107	InterPro
UniProtKB	D6RIU5	SPINK1		GO:0030414	GO_REF:0000004|SP_KW:KW-0646	IEA	SP_KW:KW-0646	F	Uncharacterized protein	D6RIU5_HUMAN|IPI00966882|SPINK1	protein	taxon:9606	20120109	UniProtKB
UniProtKB	F2Z2G4	WFDC3		GO:0030414	GO_REF:0000002|InterPro:IPR008197	IEA	InterPro:IPR008197	F	Uncharacterized protein	F2Z2G4_HUMAN|IPI00852998|WFDC3	protein	taxon:9606	20120107	InterPro
UniProtKB	F2Z2G5	WFDC3		GO:0030414	GO_REF:0000002|InterPro:IPR008197	IEA	InterPro:IPR008197	F	Uncharacterized protein	F2Z2G5_HUMAN|IPI00333819|WFDC3	protein	taxon:9606	20120107	InterPro
UniProtKB	O15392	BIRC5		GO:0030414	GO_REF:0000004|SP_KW:KW-0646	IEA	SP_KW:KW-0646	F	Baculoviral IAP repeat-containing protein 5	API4|B2R4R1|BIRC5|BIRC5_HUMAN|IAP4|IPI00006210|IPI00218095|IPI00735946|IPI00784873|IPI00784916|IPI00784964|IPI00785191|Q2I3N8|Q4VGX0|Q53F61|Q5MGC6|Q6FHL2|Q75SP2|Q9P2W8	protein	taxon:9606	20120109	UniProtKB
UniProtKB	O43278	SPINT1		GO:0030414	GO_REF:0000004|SP_KW:KW-0646	IEA	SP_KW:KW-0646	F	Kunitz-type protease inhibitor 1	HAI1|IPI00011643|IPI00376403|Q7Z7D2|SPINT1|SPIT1_HUMAN|UNQ223/PRO256	protein	taxon:9606	20120109	UniProtKB
UniProtKB	O43692	PI15		GO:0030414	GO_REF:0000004|SP_KW:KW-0646	IEA	SP_KW:KW-0646	F	Peptidase inhibitor 15	CRISP8|IPI00026303|P25TI|PI15|PI15_HUMAN|Q68CY1	protein	taxon:9606	20120109	UniProtKB
UniProtKB	O60575	SPINK4		GO:0030414	GO_REF:0000004|SP_KW:KW-0646	IEA	SP_KW:KW-0646	F	Serine protease inhibitor Kazal-type 4	IPI00030285|ISK4_HUMAN|Q2YDT7|SPINK4	protein	taxon:9606	20120109	UniProtKB
UniProtKB	O60676	CST8		GO:0030414	GO_REF:0000004|SP_KW:KW-0646	IEA	SP_KW:KW-0646	F	Cystatin-8	CRES|CST8|CST8_HUMAN|IPI00031019|Q2M2X6	protein	taxon:9606	20120109	UniProtKB
UniProtKB	O75635	SERPINB7		GO:0030414	GO_REF:0000004|SP_KW:KW-0646	IEA	SP_KW:KW-0646	F	Serpin B7	IPI00021555|Q1ED45|Q3KPG4|SERPINB7|SPB7_HUMAN	protein	taxon:9606	20120109	UniProtKB
UniProtKB	O75830	SERPINI2		GO:0030414	GO_REF:0000004|SP_KW:KW-0646	IEA	SP_KW:KW-0646	F	Serpin I2	IPI00795490|MEPI|PI14|SERPINI2|SPI2_HUMAN	protein	taxon:9606	20120109	UniProtKB
UniProtKB	O95428	PAPLN		GO:0030414	GO_REF:0000004|SP_KW:KW-0646	IEA	SP_KW:KW-0646	F	Papilin	B4DES8|B4DGE6|IPI00445654|IPI00795260|IPI00872077|IPI00887374|IPI00937971|IPI00938081|PAPLN|PPN_HUMAN|Q659F2|Q6UXJ4|Q6ZNM1|Q6ZUJ0|Q7Z681|Q8IVU0|UNQ2420/PRO4977	protein	taxon:9606	20120109	UniProtKB
UniProtKB	O95925	SPINLW1		GO:0030414	GO_REF:0000004|SP_KW:KW-0646	IEA	SP_KW:KW-0646	F	Eppin	EPPI_HUMAN|IPI00001372|IPI00220471|Q86TP9|Q96SD7|Q9HD30|SPINLW1|WAP7|WFDC7	protein	taxon:9606	20120109	UniProtKB
UniProtKB	P01008	SERPINC1		GO:0030414	GO_REF:0000004|SP_KW:KW-0646	IEA	SP_KW:KW-0646	F	Antithrombin-III	ANT3_HUMAN|AT3|B2R6P0|IPI00032179|P78439|P78447|PRO0309|Q13815|Q5TC78|Q7KZ43|Q7KZ97|Q9UC78|SERPINC1	protein	taxon:9606	20120109	UniProtKB
UniProtKB	P01011	SERPINA3		GO:0030414	GO_REF:0000004|SP_KW:KW-0646	IEA	SP_KW:KW-0646	F	Alpha-1-antichymotrypsin	AACT|AACT_HUMAN|B3KVQ7|GIG24|GIG25|IPI00550991|IPI00607870|IPI00847635|Q13703|Q2TU87|Q2TU88|Q59GP9|Q6LBY8|Q6LDT7|Q6NSC9|Q8N177|Q96DW8|Q9UC47|Q9UNU9|SERPINA3	protein	taxon:9606	20120109	UniProtKB
UniProtKB	P01036	CST4		GO:0030414	GO_REF:0000004|SP_KW:KW-0646	IEA	SP_KW:KW-0646	F	Cystatin-S	CST4|CYTS_HUMAN|IPI00032294|Q9UBI5|Q9UCS9	protein	taxon:9606	20120109	UniProtKB
UniProtKB	P01037	CST1		GO:0030414	GO_REF:0000004|SP_KW:KW-0646	IEA	SP_KW:KW-0646	F	Cystatin-SN	CST1|CYTN_HUMAN|IPI00305477|Q96LE6|Q9UCQ6	protein	taxon:9606	20120109	UniProtKB
UniProtKB	P01042	KNG1		GO:0030414	GO_REF:0000004|SP_KW:KW-0646	IEA	SP_KW:KW-0646	F	Kininogen-1	A8K474|B2RCR2|BDK|IPI00032328|IPI00215894|KNG|KNG1|KNG1_HUMAN|P01043|Q53EQ0|Q6PAU9|Q7M4P1	protein	taxon:9606	20120109	UniProtKB
UniProtKB	P02760	AMBP		GO:0030414	GO_REF:0000004|SP_KW:KW-0646	IEA	SP_KW:KW-0646	F	Protein AMBP	AMBP|AMBP_HUMAN|HCP|IPI00022426|ITIL|P00977|P02759|P78491|Q2TU33|Q5TBD7|Q9UC58|Q9UDI8	protein	taxon:9606	20120109	UniProtKB
UniProtKB	P05067	APP		GO:0030414	GO_REF:0000004|SP_KW:KW-0646	IEA	SP_KW:KW-0646	F	Amyloid beta A4 protein	A4|A4_HUMAN|AD1|APP|B2R5V1|D3DSD1|D3DSD2|D3DSD3|IPI00006608|IPI00219182|IPI00219183|IPI00219185|IPI00219186|IPI00219187|IPI00394658|IPI00412568|IPI00412681|IPI00412924|P09000|P78438|Q13764|Q13778|Q13793|Q16011|Q16014|Q16019|Q16020|Q6GSC0|Q8WZ99|Q9BT38|Q9UC33|Q9UCA9|Q9UCB6|Q9UCC8|Q9UCD1|Q9UQ58	protein	taxon:9606	20120109	UniProtKB
UniProtKB	P05120	SERPINB2		GO:0030414	GO_REF:0000004|SP_KW:KW-0646	IEA	SP_KW:KW-0646	F	Plasminogen activator inhibitor 2	IPI00007117|PAI2|PAI2_HUMAN|PLANH2|Q96E96|SERPINB2	protein	taxon:9606	20120109	UniProtKB
UniProtKB	P05121	SERPINE1		GO:0030414	GO_REF:0000004|SP_KW:KW-0646	IEA	SP_KW:KW-0646	F	Plasminogen activator inhibitor 1	IPI00007118|PAI1|PAI1_HUMAN|PLANH1|SERPINE1	protein	taxon:9606	20120109	UniProtKB
UniProtKB	P05154	SERPINA5		GO:0030414	GO_REF:0000004|SP_KW:KW-0646	IEA	SP_KW:KW-0646	F	Plasma serine protease inhibitor	IPI00007221|IPSP_HUMAN|PCI|PLANH3|PROCI|Q07616|Q9UG30|SERPINA5	protein	taxon:9606	20120109	UniProtKB
UniProtKB	P05155	SERPING1		GO:0030414	GO_REF:0000004|SP_KW:KW-0646	IEA	SP_KW:KW-0646	F	Plasma protease C1 inhibitor	A6NMU0|A8KAI9|B2R6L5|C1IN|C1NH|IC1_HUMAN|IPI00291866|Q16304|Q547W3|Q59EI5|Q7Z455|Q96FE0|Q9UC49|Q9UCF9|SERPING1	protein	taxon:9606	20120109	UniProtKB
UniProtKB	P07093	SERPINE2		GO:0030414	GO_REF:0000004|SP_KW:KW-0646	IEA	SP_KW:KW-0646	F	Glia-derived nexin	B2R6A4|GDN_HUMAN|IPI00009890|IPI00914848|PI7|PN1|Q53S15|Q5D0C4|SERPINE2	protein	taxon:9606	20120109	UniProtKB
UniProtKB	P09228	CST2		GO:0030414	GO_REF:0000004|SP_KW:KW-0646	IEA	SP_KW:KW-0646	F	Cystatin-SA	CST2|CYTT_HUMAN|IPI00013382|Q9UCQ7	protein	taxon:9606	20120109	UniProtKB
UniProtKB	P0C7L1	SPINK8		GO:0030414	GO_REF:0000004|SP_KW:KW-0646	IEA	SP_KW:KW-0646	F	Serine protease inhibitor Kazal-type 8	IPI00827639|ISK8_HUMAN|SPINK8	protein	taxon:9606	20120109	UniProtKB
UniProtKB	P12111	COL6A3		GO:0030414	GO_REF:0000004|SP_KW:KW-0646	IEA	SP_KW:KW-0646	F	Collagen alpha-3(VI) chain	CO6A3_HUMAN|COL6A3|IPI00022200|IPI00220701|Q16501|Q53QF4|Q53QF6	protein	taxon:9606	20120109	UniProtKB
UniProtKB	P19827	ITIH1		GO:0030414	GO_REF:0000004|SP_KW:KW-0646	IEA	SP_KW:KW-0646	F	Inter-alpha-trypsin inhibitor heavy chain H1	A8K9N5|B2RAH9|IGHEP1|IPI00292530|ITIH1|ITIH1_HUMAN|P78455|Q01746|Q562G1	protein	taxon:9606	20120109	UniProtKB
UniProtKB	P20848	SERPINA2		GO:0030414	GO_REF:0000004|SP_KW:KW-0646	IEA	SP_KW:KW-0646	F	Putative alpha-1-antitrypsin-related protein	A1ATR_HUMAN|ARGS|ATR|IPI00736763|PIL|SERPINA2	protein	taxon:9606	20120109	UniProtKB
UniProtKB	P23352	KAL1		GO:0030414	GO_REF:0000004|SP_KW:KW-0646	IEA	SP_KW:KW-0646	F	Anosmin-1	ADMLX|B2RPF8|IPI00011174|KAL|KAL1|KALIG1|KALM_HUMAN	protein	taxon:9606	20120109	UniProtKB
UniProtKB	P28325	CST5		GO:0030414	GO_REF:0000004|SP_KW:KW-0646	IEA	SP_KW:KW-0646	F	Cystatin-D	CST5|CYTD_HUMAN|IPI00002851|Q5JRF5|Q9UCA0	protein	taxon:9606	20120109	UniProtKB
UniProtKB	P29508	SERPINB3		GO:0030414	GO_REF:0000004|SP_KW:KW-0646	IEA	SP_KW:KW-0646	F	Serpin B3	A6NDM2|B2RBT5|IPI00022204|IPI00307466|Q53H28|Q53YB5|Q86VF3|Q86W04|Q8IWL4|Q8IXI3|Q96J21|Q9BYF8|SCCA|SCCA1|SERPINB3|SPB3_HUMAN	protein	taxon:9606	20120109	UniProtKB
UniProtKB	P29622	SERPINA4		GO:0030414	GO_REF:0000004|SP_KW:KW-0646	IEA	SP_KW:KW-0646	F	Kallistatin	IPI00328609|KAIN_HUMAN|KST|PI4|Q53XB5|Q86TR9|Q96BZ5|SERPINA4	protein	taxon:9606	20120109	UniProtKB
UniProtKB	P30086	PEBP1		GO:0030414	GO_REF:0000004|SP_KW:KW-0646	IEA	SP_KW:KW-0646	F	Phosphatidylethanolamine-binding protein 1	B2R4S1|IPI00219446|PBP|PEBP|PEBP1|PEBP1_HUMAN	protein	taxon:9606	20120109	UniProtKB
UniProtKB	P30740	SERPINB1		GO:0030414	GO_REF:0000004|SP_KW:KW-0646	IEA	SP_KW:KW-0646	F	Leukocyte elastase inhibitor	A8K5L2|ELANH2|ILEU_HUMAN|IPI00027444|MNEI|PI2|Q53FB9|Q5W0E1|Q9UDF8|SERPINB1	protein	taxon:9606	20120109	UniProtKB
UniProtKB	P35237	SERPINB6		GO:0030414	GO_REF:0000004|SP_KW:KW-0646	IEA	SP_KW:KW-0646	F	Serpin B6	B2RBA8|IPI00413451|PI6|PTI|Q59F97|Q5TD06|Q7Z2Y7|Q96J44|Q9UDI7|SERPINB6|SPB6_HUMAN	protein	taxon:9606	20120109	UniProtKB
UniProtKB	P48307	TFPI2		GO:0030414	GO_REF:0000004|SP_KW:KW-0646	IEA	SP_KW:KW-0646	F	Tissue factor pathway inhibitor 2	IPI00009198|Q66ME8|Q9UC86|TFPI2|TFPI2_HUMAN	protein	taxon:9606	20120109	UniProtKB
UniProtKB	P48594	SERPINB4		GO:0030414	GO_REF:0000004|SP_KW:KW-0646	IEA	SP_KW:KW-0646	F	Serpin B4	IPI00010303|PI11|SCCA2|SERPINB4|SPB4_HUMAN	protein	taxon:9606	20120109	UniProtKB
UniProtKB	P48595	SERPINB10		GO:0030414	GO_REF:0000019|Ensembl:ENSRNOP00000003314	IEA	Ensembl:ENSRNOP00000003314	F	Serpin B10	IPI00010304|PI10|Q4VAX4|Q4VAX7|SERPINB10|SPB10_HUMAN	protein	taxon:9606	20120107	ENSEMBL
UniProtKB	P49223	SPINT3		GO:0030414	GO_REF:0000004|SP_KW:KW-0646	IEA	SP_KW:KW-0646	F	Kunitz-type protease inhibitor 3	A6NCQ6|IPI00026482|Q6UDR8|Q96KK2|SPINT3|SPIT3_HUMAN	protein	taxon:9606	20120109	UniProtKB
UniProtKB	P50452	SERPINB8		GO:0030414	GO_REF:0000004|SP_KW:KW-0646	IEA	SP_KW:KW-0646	F	Serpin B8	IPI00032134|PI8|Q7Z2V6|SERPINB8|SPB8_HUMAN	protein	taxon:9606	20120109	UniProtKB
UniProtKB	P50453	SERPINB9		GO:0030414	GO_REF:0000004|SP_KW:KW-0646	IEA	SP_KW:KW-0646	F	Serpin B9	B2RBW3|IPI00032139|PI9|Q5TD03|SERPINB9|SPB9_HUMAN	protein	taxon:9606	20120109	UniProtKB
UniProtKB	P57730	CARD18		GO:0030414	GO_REF:0000004|SP_KW:KW-0646	IEA	SP_KW:KW-0646	F	Caspase recruitment domain-containing protein 18	A2RRF8|CAR18_HUMAN|CARD18|ICEBERG|IPI00027987|UNQ5804/PRO19611	protein	taxon:9606	20120109	UniProtKB
UniProtKB	P58062	SPINK7		GO:0030414	GO_REF:0000004|SP_KW:KW-0646	IEA	SP_KW:KW-0646	F	Serine protease inhibitor Kazal-type 7	ECG2|IPI00010630|ISK7_HUMAN|Q32LY0|SPINK7|UNQ745/PRO1474	protein	taxon:9606	20120109	UniProtKB
UniProtKB	P98170	XIAP		GO:0030414	GO_REF:0000004|SP_KW:KW-0646	IEA	SP_KW:KW-0646	F	Baculoviral IAP repeat-containing protein 4	API3|BIRC4|D3DTF2|IAP3|IPI00303890|Q9NQ14|XIAP|XIAP_HUMAN	protein	taxon:9606	20120109	UniProtKB
UniProtKB	Q02388	COL7A1		GO:0030414	GO_REF:0000004|SP_KW:KW-0646	IEA	SP_KW:KW-0646	F	Collagen alpha-1(VII) chain	CO7A1_HUMAN|COL7A1|IPI00025418|IPI00795118|Q14054|Q16507	protein	taxon:9606	20120109	UniProtKB
UniProtKB	Q06481	APLP2		GO:0030414	GO_REF:0000004|SP_KW:KW-0646	IEA	SP_KW:KW-0646	F	Amyloid-like protein 2	APLP2|APLP2_HUMAN|APPL2|IPI00031030|IPI00220977|IPI00220978|IPI00334946|IPI00884988|Q13861|Q14594|Q14662|Q71U10|Q7M4L3|Q9BT36	protein	taxon:9606	20120109	UniProtKB
UniProtKB	Q15828	CST6		GO:0030414	GO_REF:0000004|SP_KW:KW-0646	IEA	SP_KW:KW-0646	F	Cystatin-M	CST6|CYTM_HUMAN|IPI00019954|Q540N7	protein	taxon:9606	20120109	UniProtKB
UniProtKB	Q1W4C9	SPINK13		GO:0030414	GO_REF:0000004|SP_KW:KW-0646	IEA	SP_KW:KW-0646	F	Serine protease inhibitor Kazal-type 13	A1A4Y2|HBVDNAPTP1|IPI00401108|IPI00900270|ISK13_HUMAN|SPINK13|SPINK5L3	protein	taxon:9606	20120109	UniProtKB
UniProtKB	Q2UY09	COL28A1		GO:0030414	GO_REF:0000004|SP_KW:KW-0646	IEA	SP_KW:KW-0646	F	Collagen alpha-1(XXVIII) chain	A4D101|A4D106|A4D107|A8MVR2|B9EGX9|COL28|COL28A1|COSA1_HUMAN|IPI00235632|IPI00657936|IPI00885128|Q2UY07|Q2UY08	protein	taxon:9606	20120109	UniProtKB
UniProtKB	Q5DID0	UMODL1		GO:0030414	GO_REF:0000002|InterPro:IPR008197	IEA	InterPro:IPR008197	F	Uromodulin-like 1	C9JCE6|IPI00166237|IPI00439926|IPI00737401|IPI00738911|Q5DIC9|Q6LA40|Q6LA41|Q8N216|UMODL1|UROL1_HUMAN	protein	taxon:9606	20120107	InterPro
UniProtKB	Q5DT21	SPINK9		GO:0030414	GO_REF:0000004|SP_KW:KW-0646	IEA	SP_KW:KW-0646	F	Serine protease inhibitor Kazal-type 9	B2RPN9|IPI00554768|ISK9_HUMAN|LEKTI2|SPINK9	protein	taxon:9606	20120109	UniProtKB
UniProtKB	Q5EG05	CARD16		GO:0030414	GO_REF:0000004|SP_KW:KW-0646	IEA	SP_KW:KW-0646	F	Caspase recruitment domain-containing protein 16	CAR16_HUMAN|CARD16|COP|COP1|IPI00066313|IPI00554741|Q96RJ9	protein	taxon:9606	20120109	UniProtKB
UniProtKB	Q5W186	CST9		GO:0030414	GO_REF:0000004|SP_KW:KW-0646	IEA	SP_KW:KW-0646	F	Cystatin-9	B2RP76|CLM|CST9|CST9_HUMAN|IPI00397227|Q8TD53	protein	taxon:9606	20120109	UniProtKB
UniProtKB	Q5W188	CST9L2		GO:0030414	GO_REF:0000004|SP_KW:KW-0646	IEA	SP_KW:KW-0646	F	Putative cystatin-9-like 2	CST9L2|CST9M_HUMAN|IPI00477679	protein	taxon:9606	20120109	UniProtKB
UniProtKB	Q5XLA6	CARD17		GO:0030414	GO_REF:0000004|SP_KW:KW-0646	IEA	SP_KW:KW-0646	F	Caspase recruitment domain-containing protein 17	CAR17_HUMAN|CARD17|INCA|IPI00478702	protein	taxon:9606	20120109	UniProtKB
UniProtKB	Q6IE38	SPINK14		GO:0030414	GO_REF:0000004|SP_KW:KW-0646	IEA	SP_KW:KW-0646	F	Serine protease inhibitor Kazal-type 14	IPI00412532|ISK14_HUMAN|SPINK14|SPINK5L2	protein	taxon:9606	20120109	UniProtKB
UniProtKB	Q6UDR6	SPINT4		GO:0030414	GO_REF:0000004|SP_KW:KW-0646	IEA	SP_KW:KW-0646	F	Kunitz-type protease inhibitor 4	C20orf137|IPI00376327|Q9BQN3|SPINT4|SPIT4_HUMAN	protein	taxon:9606	20120109	UniProtKB
UniProtKB	Q6UWN8	SPINK6		GO:0030414	GO_REF:0000004|SP_KW:KW-0646	IEA	SP_KW:KW-0646	F	Serine protease inhibitor Kazal-type 6	IPI00297040|ISK6_HUMAN|Q8N5P0|SPINK6|UNQ844/PRO1782	protein	taxon:9606	20120109	UniProtKB
UniProtKB	Q6UXB8	PI16		GO:0030414	GO_REF:0000004|SP_KW:KW-0646	IEA	SP_KW:KW-0646	F	Peptidase inhibitor 16	CRISP9|IPI00301143|IPI00845506|PI16|PI16_HUMAN|PSEC0164|PSPBP|Q6ZVG9|Q8IYL8|Q8NBK0|Q8TCB8|UNQ289/PRO328	protein	taxon:9606	20120109	UniProtKB
UniProtKB	Q6UXR4	SERPINA13		GO:0030414	GO_REF:0000004|SP_KW:KW-0646	IEA	SP_KW:KW-0646	F	Putative serpin A13	IPI00410448|SERPINA13|SPA13_HUMAN|UNQ6121/PRO20043	protein	taxon:9606	20120109	UniProtKB
UniProtKB	Q6UXX5	ITIH6		GO:0030414	GO_REF:0000004|SP_KW:KW-0646	IEA	SP_KW:KW-0646	F	Inter-alpha-trypsin inhibitor heavy chain H6	A6NN03|IPI00413385|ITH5L_HUMAN|ITIH5L|UNQ6369/PRO21074	protein	taxon:9606	20120109	UniProtKB
UniProtKB	Q86U17	SERPINA11		GO:0030414	GO_REF:0000004|SP_KW:KW-0646	IEA	SP_KW:KW-0646	F	Serpin A11	B2RV07|IPI00333828|SERPINA11|SPA11_HUMAN	protein	taxon:9606	20120109	UniProtKB
UniProtKB	Q86UX2	ITIH5		GO:0030414	GO_REF:0000004|SP_KW:KW-0646	IEA	SP_KW:KW-0646	F	Inter-alpha-trypsin inhibitor heavy chain H5	IPI00292452|IPI00328829|IPI00451977|IPI00872582|ITIH5|ITIH5_HUMAN|KIAA1953|PP14776|Q5T664|Q5T665|Q5T666|Q6AI60|Q6UXB7|Q8TF48|Q8WYV2|Q96K70|UNQ311/PRO354	protein	taxon:9606	20120109	UniProtKB
UniProtKB	Q86WD7	SERPINA9		GO:0030414	GO_REF:0000004|SP_KW:KW-0646	IEA	SP_KW:KW-0646	F	Serpin A9	B4DVH4|B9ZVX3|GCET1|IPI00395944|IPI00651635|IPI00651735|IPI00941036|IPI00942892|IPI00944611|IPI01014997|Q2T9J2|Q6UWP9|Q86WD4|Q86WD5|Q86WD6|Q86YP6|Q86YP7|SERPINA11|SERPINA9|SPA9_HUMAN|UNQ692/PRO1337	protein	taxon:9606	20120109	UniProtKB
UniProtKB	Q8IUA0	WFDC8		GO:0030414	GO_REF:0000004|SP_KW:KW-0646	IEA	SP_KW:KW-0646	F	WAP four-disulfide core domain protein 8	C20orf170|E1P623|IPI00216698|Q5TDV2|Q96A34|WAP8|WFDC8|WFDC8_HUMAN	protein	taxon:9606	20120109	UniProtKB
UniProtKB	Q8IUB2	WFDC3		GO:0030414	GO_REF:0000004|SP_KW:KW-0646	IEA	SP_KW:KW-0646	F	WAP four-disulfide core domain protein 3	A6PVF2|IPI00161276|Q0P6A5|Q3T1C5|Q8TC52|Q9BQP3|Q9BQP4|WAP14|WFDC3|WFDC3_HUMAN	protein	taxon:9606	20120109	UniProtKB
UniProtKB	Q8IUB3	WFDC10B		GO:0030414	GO_REF:0000002|InterPro:IPR008197	IEA	InterPro:IPR008197	F	Protein WFDC10B	A6PVD7|IPI00216706|IPI00216707|Q0VAG0|Q0VAG1|Q5TGZ5|Q8IUB4|WAP12|WF10B_HUMAN|WFDC10B	protein	taxon:9606	20120107	InterPro
UniProtKB	Q8IUB5	WFDC13		GO:0030414	GO_REF:0000002|InterPro:IPR008197	IEA	InterPro:IPR008197	F	Protein WFDC13	C20orf138|IPI00216708|Q5TEU7|Q8WWK7|WAP13|WFD13_HUMAN|WFDC13	protein	taxon:9606	20120107	InterPro
UniProtKB	Q8IW75	SERPINA12		GO:0030414	GO_REF:0000004|SP_KW:KW-0646	IEA	SP_KW:KW-0646	F	Serpin A12	IPI00219476|SERPINA12|SPA12_HUMAN	protein	taxon:9606	20120109	UniProtKB
UniProtKB	Q8TCV5	WFDC5		GO:0030414	GO_REF:0000004|SP_KW:KW-0646	IEA	SP_KW:KW-0646	F	WAP four-disulfide core domain protein 5	IPI00152461|IPI00221015|PRG5|Q5H981|Q6UWE4|UNQ3036/PRO9842|WAP1|WFDC5|WFDC5_HUMAN	protein	taxon:9606	20120109	UniProtKB
UniProtKB	Q8TEU8	WFIKKN2		GO:0030414	GO_REF:0000004|SP_KW:KW-0646	IEA	SP_KW:KW-0646	F	WAP, kazal, immunoglobulin, kunitz and NTR domain-containing protein 2	GASP1|IPI00152847|Q6UXZ9|UNQ9235/PRO31996|WFIKKN2|WFIKKNRP|WFKN2_HUMAN	protein	taxon:9606	20120109	UniProtKB
UniProtKB	Q8WWY7	WFDC12		GO:0030414	GO_REF:0000004|SP_KW:KW-0646	IEA	SP_KW:KW-0646	F	WAP four-disulfide core domain protein 12	C20orf122|IPI00150196|Q5H980|Q9BR31|UNQ544/PRO844|WAP2|WFD12_HUMAN|WFDC12	protein	taxon:9606	20120109	UniProtKB
UniProtKB	Q96NZ8	WFIKKN1		GO:0030414	GO_REF:0000004|SP_KW:KW-0646	IEA	SP_KW:KW-0646	F	WAP, kazal, immunoglobulin, kunitz and NTR domain-containing protein 1	C16orf12|GASP2|IPI00044004|PSEC0040|Q7LDW0|Q8NBQ1|Q96S20|WFIKKN|WFIKKN1|WFKN1_HUMAN	protein	taxon:9606	20120109	UniProtKB
UniProtKB	Q96P15	SERPINB11		GO:0030414	GO_REF:0000004|SP_KW:KW-0646	IEA	SP_KW:KW-0646	F	Serpin B11	A8K9R0|IPI00289606|IPI00979204|IPI00982372|Q5Q120|Q5Q121|Q5Q122|Q5Q123|Q6ISD3|Q96P13|Q96P14|SERPINB11|SPB11_HUMAN	protein	taxon:9606	20120109	UniProtKB
UniProtKB	Q96P63	SERPINB12		GO:0030414	GO_REF:0000004|SP_KW:KW-0646	IEA	SP_KW:KW-0646	F	Serpin B12	IPI00033583|SERPINB12|SPB12_HUMAN	protein	taxon:9606	20120109	UniProtKB
UniProtKB	Q99574	SERPINI1		GO:0030414	GO_REF:0000004|SP_KW:KW-0646	IEA	SP_KW:KW-0646	F	Neuroserpin	A8K217|D3DNP1|IPI00016150|NEUS_HUMAN|PI12|Q6AHZ4|SERPINI1	protein	taxon:9606	20120109	UniProtKB
UniProtKB	Q99935	PROL1		GO:0030414	PMID:17101991	IDA		F	Proline-rich protein 1	A8MZ07|BPLP|IPI00009682|P85047|PROL1|PROL1_HUMAN	protein	taxon:9606	20061221	UniProtKB
UniProtKB	Q9BQY6	WFDC6		GO:0030414	GO_REF:0000004|SP_KW:KW-0646	IEA	SP_KW:KW-0646	F	WAP four-disulfide core domain protein 6	C20orf171|IPI00028783|IPI00184996|Q3MJ23|Q5JYQ4|Q8NFV6|WAP6|WFDC6|WFDC6_HUMAN	protein	taxon:9606	20120109	UniProtKB
UniProtKB	Q9H112	CST11		GO:0030414	GO_REF:0000004|SP_KW:KW-0646	IEA	SP_KW:KW-0646	F	Cystatin-11	CST11|CST11_HUMAN|CST8L|IPI00107733|IPI00154966|Q0VAF2|Q0VAF3|Q8WXU5|Q8WXU6|Q9H113	protein	taxon:9606	20120109	UniProtKB
UniProtKB	Q9H114	CSTL1		GO:0030414	GO_REF:0000004|SP_KW:KW-0646	IEA	SP_KW:KW-0646	F	Cystatin-like 1	CST1L_HUMAN|CSTL1|IPI00014604|Q17RA8|Q64FF7	protein	taxon:9606	20120109	UniProtKB
UniProtKB	Q9H1F0	WFDC10A		GO:0030414	GO_REF:0000004|SP_KW:KW-0646	IEA	SP_KW:KW-0646	F	WAP four-disulfide core domain protein 10A	A2RRE9|C20orf146|IPI00167942|Q5TGZ7|WAP10|WF10A_HUMAN|WFDC10A	protein	taxon:9606	20120109	UniProtKB
UniProtKB	Q9H3Y0	R3HDML		GO:0030414	GO_REF:0000004|SP_KW:KW-0646	IEA	SP_KW:KW-0646	F	Peptidase inhibitor R3HDML	CRSPL_HUMAN|IPI00024338|R3HDML	protein	taxon:9606	20120109	UniProtKB
UniProtKB	Q9H4G1	CST9L		GO:0030414	GO_REF:0000004|SP_KW:KW-0646	IEA	SP_KW:KW-0646	F	Cystatin-9-like	B2R5A1|CST9L|CST9L_HUMAN|IPI00026001|UNQ1835/PRO3543	protein	taxon:9606	20120109	UniProtKB
UniProtKB	Q9HC57	WFDC1		GO:0030414	GO_REF:0000004|SP_KW:KW-0646	IEA	SP_KW:KW-0646	F	WAP four-disulfide core domain protein 1	D3DUL7|IPI00008997|PS20|Q8NC27|Q9HAU1|WFDC1|WFDC1_HUMAN	protein	taxon:9606	20120109	UniProtKB
UniProtKB	Q9NQ38	SPINK5		GO:0030414	GO_REF:0000004|SP_KW:KW-0646	IEA	SP_KW:KW-0646	F	Serine protease inhibitor Kazal-type 5	A8MYE8|B7WPB7|D6REN5|IPI00478816|IPI00654656|IPI00936431|ISK5_HUMAN|O75770|Q3LX95|Q3LX96|Q3LX97|Q96PP2|Q96PP3|SPINK5	protein	taxon:9606	20120109	UniProtKB
UniProtKB	Q9NR09	BIRC6		GO:0030414	GO_REF:0000004|SP_KW:KW-0646	IEA	SP_KW:KW-0646	F	Baculoviral IAP repeat-containing protein 6	BIRC6|BIRC6_HUMAN|IPI00939720|KIAA1289|Q9ULD1	protein	taxon:9606	20120109	UniProtKB
UniProtKB	Q9UIV8	SERPINB13		GO:0030414	GO_REF:0000004|SP_KW:KW-0646	IEA	SP_KW:KW-0646	F	Serpin B13	IPI00006560|IPI00220494|PI13|Q3MII2|Q9HCX1|Q9UBW1|Q9UKG0|SERPINB13|SPB13_HUMAN	protein	taxon:9606	20120109	UniProtKB
UniProtKB	Q9UK55	SERPINA10		GO:0030414	GO_REF:0000004|SP_KW:KW-0646	IEA	SP_KW:KW-0646	F	Protein Z-dependent protease inhibitor	A5Z2A5|IPI00007199|Q6UWX9|Q86U20|SERPINA10|UNQ707/PRO1358|ZPI|ZPI_HUMAN	protein	taxon:9606	20120109	UniProtKB
